Date,"CRUDE OIL, LIGHT SWEET - NEW YORK MERCANTILE EXCHANGE",NATURAL GAS - NEW YORK MERCANTILE EXCHANGE,GOLD - COMMODITY EXCHANGE INC.,CORN - CHICAGO BOARD OF TRADE
2006-01-03,63.13999938964844,10.62600040435791,530.7000122070312,220.0
2006-01-04,63.41999816894531,10.196999549865724,533.9000244140625,218.25
2006-01-05,62.790000915527344,9.49899959564209,526.2999877929688,215.5
2006-01-06,64.20999908447266,9.631999969482422,539.7000122070312,214.25
2006-01-09,63.5,9.390000343322754,549.0999755859375,211.0
2006-01-10,63.369998931884766,9.336000442504885,544.2999877929688,213.25
2006-01-11,63.93999862670898,9.23799991607666,548.7999877929688,214.5
2006-01-12,63.93999862670898,8.942999839782715,548.2999877929688,212.75
2006-01-13,63.91999816894531,8.791000366210938,556.0999755859375,213.5
2006-01-17,66.30999755859375,9.16800022125244,553.4000244140625,208.75
2006-01-18,65.7300033569336,8.694000244140625,543.7000122070312,205.75
2006-01-19,66.83000183105469,8.904999732971191,558.4000244140625,205.0
2006-01-20,68.3499984741211,9.279999732971191,553.5,205.0
2006-01-23,68.0999984741211,8.574000358581543,558.2999877929688,208.25
2006-01-24,67.05999755859375,8.682000160217285,557.7000122070312,213.25
2006-01-25,65.8499984741211,8.460000038146973,562.2000122070312,216.5
2006-01-26,66.26000213623047,8.229000091552734,559.7000122070312,217.0
2006-01-27,67.76000213623047,8.399999618530273,558.7000122070312,218.75
2006-01-30,68.3499984741211,9.388999938964844,565.7999877929688,217.75
2006-01-31,67.91999816894531,9.315999984741213,570.7999877929688,218.75
2006-02-01,66.55999755859375,8.722999572753906,569.4000244140625,216.5
2006-02-02,64.68000030517578,8.347000122070312,572.5,220.5
2006-02-03,65.37000274658203,8.61299991607666,567.4000244140625,225.25
2006-02-06,65.11000061035156,7.994999885559082,570.2000122070312,222.75
2006-02-07,63.09000015258789,7.857999801635742,551.0,218.0
2006-02-08,62.54999923706055,7.735000133514404,550.0999755859375,221.25
2006-02-09,62.619998931884766,7.479000091552734,564.5,225.5
2006-02-10,61.84000015258789,7.315999984741211,550.2000122070312,221.25
2006-02-13,61.2400016784668,7.243000030517578,539.0,220.75
2006-02-14,59.56999969482422,7.113999843597412,545.9000244140625,218.75
2006-02-15,57.70000076293945,7.065999984741211,539.7000122070312,222.0
2006-02-16,58.459999084472656,7.133999824523926,546.0,223.5
2006-02-17,59.880001068115234,7.182000160217285,551.7999877929688,226.5
2006-02-21,61.09999847412109,7.730999946594238,553.9000244140625,226.0
2006-02-22,61.0099983215332,7.282999992370605,553.9000244140625,221.5
2006-02-23,60.540000915527344,7.458000183105469,548.4000244140625,223.0
2006-02-24,62.90999984741211,7.111999988555908,558.7999877929688,227.75
2006-02-27,61.0,6.789000034332275,554.7000122070312,227.5
2006-02-28,61.40999984741211,6.714000225067139,561.5999755859375,228.0
2006-03-01,61.970001220703125,6.732999801635742,563.5,224.25
2006-03-02,63.36000061035156,6.760000228881836,568.2000122070312,228.5
2006-03-03,63.66999816894531,6.789999961853027,566.0,228.75
2006-03-06,62.40999984741211,6.546999931335449,554.9000244140625,223.0
2006-03-07,61.58000183105469,6.677999973297119,552.7000122070312,221.0
2006-03-08,60.02000045776367,6.6479997634887695,542.5,219.0
2006-03-09,60.470001220703125,6.60099983215332,545.5,223.25
2006-03-10,59.959999084472656,6.645999908447266,539.9000244140625,226.0
2006-03-13,61.77000045776367,7.006999969482422,546.0999755859375,220.5
2006-03-14,63.09999847412109,7.166999816894531,551.7000122070312,218.75
2006-03-15,62.16999816894531,7.14300012588501,553.0999755859375,229.25
2006-03-16,63.58000183105469,7.267000198364258,554.4000244140625,224.5
2006-03-17,62.77000045776367,7.052999973297119,554.0999755859375,221.5
2006-03-20,60.41999816894531,6.835000038146973,555.2000122070312,218.25
2006-03-21,60.56999969482422,6.868000030517578,552.4000244140625,223.5
2006-03-22,61.77000045776367,6.953000068664551,550.9000244140625,222.5
2006-03-23,63.90999984741211,7.328000068664551,550.0999755859375,219.25
2006-03-24,64.26000213623047,7.289999961853027,560.0,218.75
2006-03-27,64.16000366210938,7.066999912261963,567.0,221.75
2006-03-28,66.06999969482422,7.214000225067139,566.5999755859375,222.25
2006-03-29,66.44999694824219,7.232999801635742,573.0,224.25
2006-03-30,67.1500015258789,7.486999988555908,586.7000122070312,227.75
2006-03-31,66.62999725341797,7.210000038146973,581.7999877929688,236.0
2006-04-03,66.73999786376953,7.24399995803833,589.4000244140625,236.5
2006-04-04,66.2300033569336,7.065000057220459,586.0,234.5
2006-04-05,67.06999969482422,7.068999767303467,587.9000244140625,236.25
2006-04-06,67.94000244140625,6.9720001220703125,595.2000122070312,241.5
2006-04-07,67.38999938964844,6.743000030517578,588.4000244140625,243.0
2006-04-10,68.73999786376953,6.881999969482422,597.5999755859375,241.25
2006-04-11,68.9800033569336,6.9079999923706055,595.2000122070312,242.0
2006-04-12,68.62000274658203,6.808000087738037,597.5,237.0
2006-04-13,69.31999969482422,7.139999866485596,596.5,236.25
2006-04-17,70.4000015258789,7.577000141143799,615.4000244140625,236.5
2006-04-18,71.3499984741211,8.008000373840332,620.0,239.25
2006-04-19,72.16999816894531,8.192000389099121,632.5999755859375,238.5
2006-04-20,71.94999694824219,8.064000129699707,619.7999877929688,235.75
2006-04-21,75.16999816894531,7.980999946594238,632.2000122070312,236.5
2006-04-24,73.33000183105469,7.558000087738037,620.5999755859375,232.75
2006-04-25,72.87999725341797,7.254000186920166,631.0,231.0
2006-04-26,71.93000030517578,7.197999954223633,638.7999877929688,231.5
2006-04-27,70.97000122070312,6.804999828338623,633.2999877929688,231.25
2006-04-28,71.87999725341797,6.554999828338623,651.7999877929688,238.25
2006-05-01,73.69999694824219,6.695000171661377,657.5,238.0
2006-05-02,74.61000061035156,6.745999813079834,664.7000122070312,233.25
2006-05-03,72.27999877929688,6.605999946594238,665.9000244140625,232.25
2006-05-04,69.94000244140625,6.906000137329102,674.2000122070312,229.75
2006-05-05,70.19000244140625,6.775000095367432,682.2000122070312,230.75
2006-05-08,69.7699966430664,6.696000099182129,677.7999877929688,227.0
2006-05-09,70.69000244140625,6.580999851226807,699.4000244140625,228.5
2006-05-10,72.12999725341797,6.900000095367432,703.7000122070312,230.0
2006-05-11,73.31999969482422,6.64900016784668,719.7999877929688,237.75
2006-05-12,72.04000091552734,6.28000020980835,710.2999877929688,248.25
2006-05-15,69.41000366210938,6.123000144958496,683.5999755859375,260.0
2006-05-16,69.52999877929688,6.251999855041504,691.5,259.0
2006-05-17,68.69999694824219,6.129000186920166,690.5,263.0
2006-05-18,69.44999694824219,5.997000217437744,679.5999755859375,260.25
2006-05-19,68.52999877929688,5.961999893188477,656.7000122070312,252.75
2006-05-22,69.2300033569336,6.276000022888184,657.0,254.5
2006-05-23,71.76000213623047,6.257999897003174,673.0,253.0
2006-05-24,69.86000061035156,5.964000225067139,637.0,249.5
2006-05-25,71.31999969482422,5.974999904632568,648.4000244140625,253.25
2006-05-26,71.37000274658203,5.925000190734863,650.9000244140625,254.0
2006-05-30,72.02999877929688,6.123000144958496,653.9000244140625,254.5
2006-05-31,71.29000091552734,6.383999824523926,642.5,251.25
2006-06-01,70.33999633789062,6.447999954223633,627.5999755859375,254.5
2006-06-02,72.33000183105469,6.623000144958496,635.5,259.5
2006-06-05,72.5999984741211,6.4629998207092285,643.2000122070312,253.0
2006-06-06,72.5,6.385000228881836,629.4000244140625,247.75
2006-06-07,70.81999969482422,5.973999977111816,627.4000244140625,251.0
2006-06-08,70.3499984741211,6.190999984741211,609.0999755859375,245.5
2006-06-09,71.62999725341797,6.171999931335449,608.2000122070312,242.0
2006-06-12,70.36000061035156,6.223999977111816,606.7999877929688,247.5
2006-06-13,68.55999755859375,6.163000106811523,562.5,243.25
2006-06-14,69.13999938964844,6.590000152587891,562.2999877929688,237.0
2006-06-15,69.5,7.206999778747559,566.5,233.0
2006-06-16,69.87999725341797,7.184999942779541,578.0,235.5
2006-06-19,68.9800033569336,6.89300012588501,568.7999877929688,229.75
2006-06-20,68.94000244140625,6.501999855041504,576.9000244140625,229.75
2006-06-21,70.33000183105469,6.5879998207092285,587.5,232.75
2006-06-22,70.83999633789062,6.439000129699707,582.2000122070312,230.5
2006-06-23,70.87000274658203,6.22599983215332,584.7999877929688,228.25
2006-06-26,71.80000305175781,5.968999862670898,584.7999877929688,223.0
2006-06-27,71.91999816894531,6.10699987411499,581.5999755859375,225.25
2006-06-28,72.19000244140625,5.88700008392334,578.2999877929688,226.0
2006-06-29,73.5199966430664,6.135000228881836,586.5,228.5
2006-06-30,73.9800033569336,6.085000038146973,613.5,235.5
2006-07-05,75.19000244140625,5.764999866485596,627.2999877929688,239.5
2006-07-06,75.13999938964844,5.664000034332275,634.0999755859375,245.25
2006-07-07,74.08999633789062,5.5229997634887695,632.7999877929688,241.0
2006-07-10,73.61000061035156,5.607999801635742,624.0999755859375,247.75
2006-07-11,74.16000366210938,5.632999897003174,641.2000122070312,253.75
2006-07-12,74.94999694824219,5.7820000648498535,649.4000244140625,259.25
2006-07-13,76.69999694824219,6.129000186920166,652.9000244140625,252.5
2006-07-14,77.02999877929688,6.3470001220703125,666.5999755859375,253.5
2006-07-17,75.30000305175781,5.7829999923706055,650.5999755859375,251.75
2006-07-18,73.54000091552734,5.554999828338623,628.2999877929688,246.5
2006-07-19,72.66000366210938,5.861999988555908,641.5999755859375,244.75
2006-07-20,73.08000183105469,6.091000080108643,631.7000122070312,242.5
2006-07-21,74.43000030517578,6.138999938964844,619.5999755859375,237.25
2006-07-24,75.05000305175781,6.605000019073486,612.7000122070312,239.0
2006-07-25,73.75,6.408999919891357,617.5999755859375,239.5
2006-07-26,73.94000244140625,6.88700008392334,621.5999755859375,236.0
2006-07-27,74.54000091552734,7.041999816894531,632.4000244140625,237.75
2006-07-28,73.23999786376953,7.184000015258789,634.7999877929688,237.25
2006-07-31,74.4000015258789,8.211000442504883,634.2000122070312,239.0
2006-08-01,74.91000366210938,7.573999881744385,646.2999877929688,240.5
2006-08-02,75.80999755859375,7.798999786376953,651.5999755859375,247.25
2006-08-03,75.45999908447266,7.291999816894531,644.9000244140625,245.0
2006-08-04,74.76000213623047,7.245999813079834,644.0,245.0
2006-08-07,76.9800033569336,6.9070000648498535,647.7999877929688,239.75
2006-08-08,76.30999755859375,7.1579999923706055,645.7000122070312,235.75
2006-08-09,76.3499984741211,7.651000022888184,650.5,239.75
2006-08-10,74.0,7.528999805450439,634.9000244140625,238.75
2006-08-11,74.3499984741211,7.269000053405762,633.5,224.75
2006-08-14,73.52999877929688,6.913000106811523,628.5,222.0
2006-08-15,73.05000305175781,6.861000061035156,622.5,222.0
2006-08-16,71.88999938964844,6.765999794006348,628.7000122070312,221.5
2006-08-17,70.05999755859375,6.689000129699707,615.4000244140625,219.0
2006-08-18,71.13999938964844,6.730999946594238,612.0999755859375,219.75
2006-08-21,72.44999694824219,6.624000072479248,625.7000122070312,221.0
2006-08-22,72.62999725341797,7.007999897003174,624.5999755859375,219.5
2006-08-23,71.76000213623047,6.875,623.7000122070312,223.5
2006-08-24,72.36000061035156,7.078999996185303,619.5,227.5
2006-08-25,72.51000213623047,7.1570000648498535,622.0,225.0
2006-08-28,70.61000061035156,6.4720001220703125,615.2999877929688,224.5
2006-08-29,69.70999908447266,6.815999984741211,610.7000122070312,222.75
2006-08-30,70.02999877929688,6.289999961853027,617.7000122070312,228.5
2006-08-31,70.26000213623047,6.047999858856201,625.9000244140625,232.0
2006-09-01,69.19000244140625,5.876999855041504,624.4000244140625,230.0
2006-09-04,68.0199966430664,5.824999809265137,624.4000244140625,
2006-09-05,68.5999984741211,6.039000034332275,638.5,228.75
2006-09-06,67.5,5.965000152587891,633.5,226.25
2006-09-07,67.31999969482422,5.7179999351501465,617.0,230.75
2006-09-08,66.25,5.675000190734863,609.5999755859375,231.75
2006-09-11,65.61000061035156,5.670000076293945,590.0,228.75
2006-09-12,63.7599983215332,5.573999881744385,586.9000244140625,223.5
2006-09-13,63.970001220703125,5.448999881744385,589.0999755859375,224.0
2006-09-14,63.220001220703125,4.892000198364258,579.2999877929688,223.0
2006-09-15,63.33000183105469,4.98199987411499,576.4000244140625,241.75
2006-09-18,63.79999923706055,4.941999912261963,586.2000122070312,247.75
2006-09-19,61.65999984741211,5.00600004196167,576.7999877929688,246.5
2006-09-20,60.459999084472656,4.931000232696533,580.0,249.0
2006-09-21,61.59000015258789,4.781000137329102,582.2000122070312,257.25
2006-09-22,60.54999923706055,4.626999855041504,589.4000244140625,255.25
2006-09-25,61.45000076293945,4.474999904632568,589.9000244140625,254.75
2006-09-26,61.0099983215332,4.526000022888184,591.2000122070312,259.0
2006-09-27,62.959999084472656,4.201000213623047,597.2999877929688,253.75
2006-09-28,62.7599983215332,5.392000198364258,605.0,264.25
2006-09-29,62.90999984741211,5.619999885559082,598.5999755859375,262.5
2006-10-02,61.02999877929688,5.64300012588501,597.7000122070312,267.75
2006-10-03,58.68000030517578,5.758999824523926,576.2999877929688,264.0
2006-10-04,59.40999984741211,5.994999885559082,562.0,274.25
2006-10-05,60.02999877929688,6.297999858856201,571.0,271.75
2006-10-06,59.7599983215332,6.427000045776367,572.4000244140625,271.0
2006-10-09,59.959999084472656,6.428999900817871,578.4000244140625,289.5
2006-10-10,58.52000045776367,6.466000080108643,571.9000244140625,275.5
2006-10-11,57.59000015258789,6.150000095367432,572.2999877929688,284.0
2006-10-12,57.86000061035156,5.7820000648498535,576.2999877929688,298.25
2006-10-13,58.56999969482422,5.658999919891357,588.7999877929688,314.5
2006-10-16,59.93999862670898,6.443999767303467,594.7000122070312,316.75
2006-10-17,58.93000030517578,6.441999912261963,589.7000122070312,321.0
2006-10-18,57.650001525878906,6.807000160217285,588.9000244140625,315.5
2006-10-19,58.5,7.131999969482422,599.0,316.0
2006-10-20,56.81999969482422,7.241000175476074,593.0,312.75
2006-10-23,58.810001373291016,6.88100004196167,579.7000122070312,318.25
2006-10-24,59.34999847412109,7.091000080108643,584.4000244140625,324.25
2006-10-25,61.400001525878906,7.692999839782715,587.5999755859375,327.0
2006-10-26,60.36000061035156,7.497000217437744,596.7999877929688,327.0
2006-10-27,60.75,7.152999877929688,598.2000122070312,332.5
2006-10-30,58.36000061035156,7.415999889373779,604.7000122070312,329.5
2006-10-31,58.72999954223633,7.533999919891357,604.0999755859375,320.75
2006-11-01,58.709999084472656,7.711999893188477,616.5999755859375,333.5
2006-11-02,57.880001068115234,7.814000129699707,625.4000244140625,344.75
2006-11-03,59.13999938964844,7.883999824523926,626.9000244140625,342.25
2006-11-06,60.02000045776367,7.489999771118164,625.7999877929688,343.5
2006-11-07,58.93000030517578,7.755000114440918,625.7000122070312,351.0
2006-11-08,59.83000183105469,7.822999954223633,616.4000244140625,357.75
2006-11-09,61.15999984741211,7.954999923706055,635.0,350.0
2006-11-10,59.59000015258789,7.794000148773193,628.4000244140625,343.25
2006-11-13,58.58000183105469,7.894000053405762,624.2000122070312,342.5
2006-11-14,58.27999877929688,7.9770002365112305,623.7999877929688,357.75
2006-11-15,58.7599983215332,8.119999885559082,622.5,358.25
2006-11-16,56.2599983215332,7.755000114440918,620.5999755859375,351.5
2006-11-17,55.810001373291016,8.178999900817871,621.5,355.25
2006-11-20,58.79999923706055,8.019000053405762,621.2000122070312,360.0
2006-11-21,60.16999816894531,7.98799991607666,628.2000122070312,361.25
2006-11-22,59.2400016784668,7.717999935150146,628.7000122070312,362.75
2006-11-24,,,628.7000122070312,369.25
2006-11-27,60.31999969482422,7.998000144958496,,371.5
2006-11-28,60.9900016784668,8.317999839782715,637.2000122070312,368.75
2006-11-29,62.459999084472656,8.871000289916992,635.5,370.25
2006-11-30,63.130001068115234,8.843999862670898,646.9000244140625,377.0
2006-12-01,63.43000030517578,8.42199993133545,644.7000122070312,374.0
2006-12-04,62.43999862670898,7.806000232696533,645.2000122070312,362.75
2006-12-05,62.43000030517578,7.684999942779541,642.2999877929688,366.25
2006-12-06,62.18999862670898,7.7270002365112305,630.5,353.0
2006-12-07,62.4900016784668,7.671000003814697,631.9000244140625,358.5
2006-12-08,62.02999877929688,7.560999870300293,626.0999755859375,354.25
2006-12-11,61.220001220703125,7.427000045776367,630.0,355.5
2006-12-12,61.02000045776367,7.429999828338623,627.0,359.0
2006-12-13,61.369998931884766,7.672999858856201,627.9000244140625,354.5
2006-12-14,62.5099983215332,7.554999828338623,626.5999755859375,358.75
2006-12-15,63.43000030517578,7.408999919891357,615.0,369.0
2006-12-18,62.209999084472656,7.074999809265137,614.0,365.75
2006-12-19,63.150001525878906,7.083000183105469,621.5999755859375,373.0
2006-12-20,63.720001220703125,6.769000053405762,620.5999755859375,372.75
2006-12-21,62.65999984741211,6.800000190734863,618.2000122070312,377.75
2006-12-22,62.40999984741211,6.635000228881836,619.0999755859375,384.0
2006-12-26,61.09999847412109,6.11299991607666,623.7000122070312,388.0
2006-12-27,60.34000015258789,5.8379998207092285,627.2000122070312,386.75
2006-12-28,60.52999877929688,6.248000144958496,634.0999755859375,388.5
2006-12-29,61.04999923706055,6.298999786376953,635.2000122070312,390.25
2007-01-02,61.04999923706055,6.298999786376953,635.2000122070312,
2007-01-03,58.31999969482422,6.163000106811523,627.0999755859375,370.5
2007-01-04,55.59000015258789,6.162000179290772,623.9000244140625,362.25
2007-01-05,56.310001373291016,6.184000015258789,604.9000244140625,368.25
2007-01-08,56.09000015258789,6.377999782562256,607.5,363.5
2007-01-09,55.63999938964844,6.63100004196167,613.0999755859375,354.5
2007-01-10,54.02000045776367,6.755000114440918,611.5999755859375,360.25
2007-01-11,51.880001068115234,6.291999816894531,612.4000244140625,376.5
2007-01-12,52.9900016784668,6.60099983215332,625.5,396.5
2007-01-16,51.209999084472656,6.638000011444092,624.5999755859375,403.0
2007-01-17,52.2400016784668,6.234000205993652,632.0999755859375,408.0
2007-01-18,50.47999954223633,6.323999881744385,627.0999755859375,412.25
2007-01-19,51.9900016784668,6.886000156402588,635.5,406.75
2007-01-22,51.130001068115234,7.318999767303467,633.2999877929688,404.25
2007-01-23,55.040000915527344,7.597000122070312,645.2000122070312,409.0
2007-01-24,55.369998931884766,7.421000003814697,647.5999755859375,400.75
2007-01-25,54.22999954223633,6.90500020980835,647.7999877929688,407.0
2007-01-26,55.41999816894531,7.175000190734863,644.5,405.5
2007-01-29,54.0099983215332,6.916999816894531,643.0999755859375,400.0
2007-01-30,56.970001220703125,7.739999771118164,644.2000122070312,404.75
2007-01-31,58.13999938964844,7.666999816894531,652.0,404.0
2007-02-01,57.29999923706055,7.53000020980835,657.4000244140625,398.0
2007-02-02,59.02000045776367,7.47599983215332,646.2000122070312,402.0
2007-02-05,58.7400016784668,7.633999824523926,650.9000244140625,402.0
2007-02-06,58.880001068115234,7.616000175476074,653.5999755859375,396.5
2007-02-07,57.709999084472656,7.709000110626221,652.2999877929688,392.25
2007-02-08,59.709999084472656,7.870999813079834,658.0,399.75
2007-02-09,59.88999938964844,7.827000141143799,667.5,406.25
2007-02-12,57.810001373291016,7.22599983215332,662.5999755859375,404.75
2007-02-13,59.060001373291016,7.367000102996826,663.9000244140625,411.0
2007-02-14,58.0,7.241000175476074,667.4000244140625,408.25
2007-02-15,57.9900016784668,7.291999816894531,667.2999877929688,407.5
2007-02-16,59.38999938964844,7.502999782562256,668.7999877929688,417.0
2007-02-20,58.06999969482422,7.585000038146973,657.0999755859375,415.25
2007-02-21,60.06999969482422,7.645999908447266,680.2000122070312,426.25
2007-02-22,60.95000076293945,7.7270002365112305,679.4000244140625,434.5
2007-02-23,61.13999938964844,7.755000114440918,683.0999755859375,430.25
2007-02-26,61.38999938964844,7.546999931335449,686.5,425.5
2007-02-27,61.459999084472656,7.532999992370605,683.9000244140625,411.0
2007-02-28,61.790000915527344,7.300000190734863,669.4000244140625,425.25
2007-03-01,62.0,7.288000106811523,662.2999877929688,417.25
2007-03-02,61.63999938964844,7.243000030517578,641.5,411.0
2007-03-05,60.06999969482422,7.254000186920166,636.7000122070312,417.25
2007-03-06,60.68999862670898,7.472000122070312,643.7999877929688,412.5
2007-03-07,61.81999969482422,7.366000175476074,650.5999755859375,415.75
2007-03-08,61.63999938964844,7.238999843597412,653.4000244140625,412.0
2007-03-09,60.04999923706055,7.083000183105469,650.0,408.25
2007-03-12,58.90999984741211,6.912000179290772,648.4000244140625,399.75
2007-03-13,57.93000030517578,6.892000198364258,647.5999755859375,397.0
2007-03-14,58.15999984741211,7.083000183105469,640.9000244140625,389.5
2007-03-15,57.54999923706055,6.959000110626221,645.7000122070312,397.75
2007-03-16,57.11000061035156,6.923999786376953,652.5999755859375,399.5
2007-03-19,56.59000015258789,6.8470001220703125,653.0999755859375,398.0
2007-03-20,56.72999954223633,6.909999847412109,657.9000244140625,405.25
2007-03-21,59.61000061035156,7.159999847412109,659.0,409.75
2007-03-22,61.68999862670898,7.320000171661377,663.4000244140625,409.5
2007-03-23,62.27999877929688,7.269000053405762,656.7000122070312,403.25
2007-03-26,62.90999984741211,7.254000186920166,663.4000244140625,391.0
2007-03-27,62.93000030517578,7.502999782562256,662.0999755859375,392.5
2007-03-28,64.08000183105469,7.558000087738037,666.5,388.5
2007-03-29,66.02999877929688,7.609000205993652,661.5,394.5
2007-03-30,65.87000274658203,7.730000019073486,663.0,374.5
2007-04-02,65.94000244140625,7.671000003814697,665.7000122070312,354.75
2007-04-03,64.63999938964844,7.426000118255615,664.0,346.25
2007-04-04,64.37999725341797,7.514999866485596,672.0999755859375,359.25
2007-04-05,64.27999877929688,7.60699987411499,674.2000122070312,366.0
2007-04-09,61.5099983215332,7.546000003814697,671.9000244140625,363.5
2007-04-10,61.88999938964844,7.86899995803833,676.5,369.0
2007-04-11,62.0099983215332,7.855000019073486,676.7999877929688,360.75
2007-04-12,63.84999847412109,7.923999786376953,675.0999755859375,358.75
2007-04-13,63.630001068115234,7.801000118255615,685.4000244140625,369.0
2007-04-16,63.61000061035156,7.53000020980835,690.0999755859375,364.25
2007-04-17,63.09999847412109,7.418000221252441,688.2000122070312,353.25
2007-04-18,63.130001068115234,7.497000217437744,689.0999755859375,363.5
2007-04-19,61.83000183105469,7.492000102996826,684.2999877929688,371.25
2007-04-20,63.380001068115234,7.38100004196167,692.0,360.5
2007-04-23,65.88999938964844,7.561999797821045,690.5999755859375,352.25
2007-04-24,64.58000183105469,7.598000049591064,684.2000122070312,360.5
2007-04-25,65.83999633789062,7.689000129699707,684.0999755859375,371.25
2007-04-26,65.05999755859375,7.507999897003174,674.9000244140625,364.75
2007-04-27,66.45999908447266,7.830999851226807,678.7000122070312,364.25
2007-04-30,65.70999908447266,7.86299991607666,680.5,358.0
2007-05-01,64.4000015258789,7.717999935150146,674.4000244140625,367.5
2007-05-02,63.68000030517578,7.730000019073486,672.2999877929688,372.0
2007-05-03,63.18999862670898,7.947000026702881,681.7999877929688,379.75
2007-05-04,61.93000030517578,7.938000202178955,687.2000122070312,381.25
2007-05-07,61.470001220703125,7.778999805450439,688.0,369.5
2007-05-08,62.2599983215332,7.63700008392334,685.0999755859375,353.75
2007-05-09,61.54999923706055,7.71999979019165,680.2999877929688,357.25
2007-05-10,61.810001373291016,7.72599983215332,665.0999755859375,345.75
2007-05-11,62.369998931884766,7.89900016784668,670.5999755859375,361.0
2007-05-14,62.459999084472656,7.952000141143799,668.5,358.0
2007-05-15,63.16999816894531,7.863999843597412,673.0,371.5
2007-05-16,62.54999923706055,7.889999866485596,660.2000122070312,376.0
2007-05-17,64.86000061035156,8.074999809265137,656.2000122070312,373.0
2007-05-18,64.94000244140625,7.943999767303467,661.0,371.25
2007-05-21,66.2699966430664,7.913000106811523,662.9000244140625,381.0
2007-05-22,64.97000122070312,7.801000118255615,659.0999755859375,369.5
2007-05-23,65.7699966430664,7.756999969482422,661.9000244140625,368.5
2007-05-24,64.18000030517578,7.681000232696533,653.0,376.5
2007-05-25,65.19999694824219,7.639999866485596,655.0999755859375,376.0
2007-05-29,63.150001525878906,7.591000080108643,657.0999755859375,364.75
2007-05-30,63.4900016784668,7.940999984741211,653.0999755859375,382.25
2007-05-31,64.01000213623047,7.934999942779541,661.0,390.25
2007-06-01,65.08000183105469,7.877999782562256,671.2000122070312,386.75
2007-06-04,66.20999908447266,8.190999984741211,670.7000122070312,383.75
2007-06-05,65.61000061035156,8.064000129699707,669.5999755859375,380.25
2007-06-06,65.95999908447266,8.079999923706055,669.2999877929688,374.75
2007-06-07,66.93000030517578,7.824999809265137,660.0999755859375,384.75
2007-06-08,64.76000213623047,7.663000106811523,645.5,382.0
2007-06-11,65.97000122070312,7.607999801635742,654.2999877929688,396.0
2007-06-12,65.3499984741211,7.682000160217285,648.5,393.5
2007-06-13,66.26000213623047,7.607999801635742,648.2000122070312,404.5
2007-06-14,67.6500015258789,7.808000087738037,651.5999755859375,409.5
2007-06-15,68.0,7.918000221252441,654.5,419.0
2007-06-18,69.08999633789062,7.690000057220459,655.7999877929688,416.0
2007-06-19,69.0999984741211,7.519000053405762,660.7000122070312,396.0
2007-06-20,68.19000244140625,7.390999794006348,656.0999755859375,394.25
2007-06-21,68.6500015258789,7.348000049591064,650.5999755859375,385.0
2007-06-22,69.13999938964844,7.130000114440918,653.5,367.5
2007-06-25,69.18000030517578,6.940000057220459,651.2999877929688,357.75
2007-06-26,67.7699966430664,6.876999855041504,642.0999755859375,356.5
2007-06-27,68.97000122070312,6.928999900817871,641.7000122070312,343.75
2007-06-28,69.56999969482422,6.65500020980835,647.5,339.5
2007-06-29,70.68000030517578,6.7729997634887695,648.0999755859375,329.5
2007-07-02,71.08999633789062,6.763999938964844,656.5,330.5
2007-07-03,71.41000366210938,6.754000186920166,652.9000244140625,320.0
2007-07-05,71.80999755859375,6.618000030517578,648.4000244140625,324.0
2007-07-06,72.80999755859375,6.443999767303467,652.7000122070312,334.5
2007-07-09,72.19000244140625,6.409999847412109,660.5,332.5
2007-07-10,72.80999755859375,6.698999881744385,662.5,338.0
2007-07-11,72.55999755859375,6.599999904632568,660.2999877929688,336.0
2007-07-12,72.5,6.497000217437744,666.7000122070312,344.0
2007-07-13,73.93000030517578,6.662000179290772,665.7999877929688,341.5
2007-07-16,74.1500015258789,6.375999927520752,665.0,334.75
2007-07-17,74.0199966430664,6.307000160217285,664.7000122070312,322.5
2007-07-18,75.05000305175781,6.527999877929688,672.5999755859375,327.0
2007-07-19,75.91999816894531,6.705999851226807,677.2000122070312,321.25
2007-07-20,75.56999969482422,6.446000099182129,683.9000244140625,318.25
2007-07-23,74.88999938964844,6.039000034332275,680.7999877929688,310.0
2007-07-24,73.55999755859375,5.86299991607666,684.2000122070312,311.5
2007-07-25,75.87999725341797,5.925000190734863,673.2999877929688,311.5
2007-07-26,74.94999694824219,5.942999839782715,662.5,317.5
2007-07-27,77.0199966430664,6.110000133514404,660.0,321.0
2007-07-30,76.83000183105469,6.499000072479248,664.0999755859375,323.5
2007-07-31,78.20999908447266,6.190999984741211,666.9000244140625,325.75
2007-08-01,76.52999877929688,6.352000236511231,663.5999755859375,319.0
2007-08-02,76.86000061035156,6.105999946594238,664.5999755859375,324.0
2007-08-03,75.4800033569336,6.090000152587891,672.5,326.5
2007-08-06,72.05999755859375,6.208000183105469,671.5,325.75
2007-08-07,72.41999816894531,6.201000213623047,670.5999755859375,335.25
2007-08-08,72.1500015258789,6.21999979019165,674.5,341.0
2007-08-09,71.58999633789062,6.585999965667725,661.4000244140625,332.25
2007-08-10,71.47000122070312,6.820000171661377,670.2999877929688,333.0
2007-08-13,71.62000274658203,6.794000148773193,669.7000122070312,331.0
2007-08-14,72.37999725341797,6.940000057220459,668.5999755859375,327.5
2007-08-15,73.33000183105469,6.863999843597412,668.9000244140625,328.0
2007-08-16,71.0,6.875,648.2999877929688,321.5
2007-08-17,71.9800033569336,7.010000228881836,656.9000244140625,328.5
2007-08-20,71.12000274658203,6.039999961853027,656.7000122070312,331.75
2007-08-21,69.47000122070312,5.816999912261963,656.7000122070312,338.5
2007-08-22,69.26000213623047,5.578000068664551,659.0999755859375,347.5
2007-08-23,69.83000183105469,5.622000217437744,658.9000244140625,345.25
2007-08-24,71.08999633789062,5.5229997634887695,668.0,341.5
2007-08-27,71.97000122070312,5.380000114440918,666.7999877929688,335.75
2007-08-28,71.7300033569336,5.5929999351501465,664.4000244140625,327.25
2007-08-29,73.51000213623047,5.429999828338623,666.2999877929688,322.75
2007-08-30,73.36000061035156,5.635000228881836,665.0,322.75
2007-08-31,74.04000091552734,5.4679999351501465,673.0,324.0
2007-09-04,75.08000183105469,5.629000186920166,682.5,336.75
2007-09-05,75.7300033569336,5.804999828338623,681.7000122070312,328.75
2007-09-06,76.30000305175781,5.650000095367432,695.5999755859375,323.25
2007-09-07,76.69999694824219,5.500999927520752,700.7999877929688,331.25
2007-09-10,77.48999786376953,5.890999794006348,703.2999877929688,329.75
2007-09-11,78.2300033569336,5.934000015258789,712.2000122070312,324.5
2007-09-12,79.91000366210938,6.438000202178955,711.9000244140625,339.75
2007-09-13,80.08999633789062,6.02899980545044,709.5,330.75
2007-09-14,79.0999984741211,6.27899980545044,709.5999755859375,336.5
2007-09-17,80.56999969482422,6.652999877929688,715.7999877929688,352.25
2007-09-18,81.51000213623047,6.567999839782715,715.7999877929688,352.25
2007-09-19,81.93000030517578,6.179999828338623,722.0,358.25
2007-09-20,83.31999969482422,6.007999897003174,732.4000244140625,369.25
2007-09-21,81.62000274658203,6.079999923706055,731.4000244140625,376.5
2007-09-24,80.94999694824219,6.369999885559082,732.0999755859375,373.5
2007-09-25,79.52999877929688,6.360000133514404,731.5999755859375,371.75
2007-09-26,80.30000305175781,6.422999858856201,728.2999877929688,375.0
2007-09-27,82.87999725341797,6.919000148773193,732.7000122070312,386.75
2007-09-28,81.66000366210938,6.869999885559082,742.7999877929688,373.0
2007-10-01,80.23999786376953,7.050000190734863,747.2000122070312,368.75
2007-10-02,80.05000305175781,7.427000045776367,729.7999877929688,348.75
2007-10-03,79.94000244140625,7.276999950408935,729.2999877929688,344.5
2007-10-04,81.44000244140625,7.4120001792907715,737.7999877929688,342.25
2007-10-05,81.22000122070312,7.072999954223633,741.2999877929688,342.25
2007-10-08,79.0199966430664,6.8460001945495605,732.7999877929688,339.75
2007-10-09,80.26000213623047,6.86299991607666,737.4000244140625,342.5
2007-10-10,81.30000305175781,7.010000228881836,740.4000244140625,347.25
2007-10-11,83.08000183105469,6.875999927520752,751.2999877929688,343.75
2007-10-12,83.69000244140625,6.973999977111816,748.7000122070312,351.0
2007-10-15,86.12999725341797,7.445000171661377,757.0999755859375,362.0
2007-10-16,87.61000061035156,7.367000102996826,757.0,360.5
2007-10-17,87.4000015258789,7.458000183105469,757.5,358.0
2007-10-18,89.47000122070312,7.374000072479248,764.0999755859375,367.25
2007-10-19,88.5999984741211,7.040999889373779,764.0,370.25
2007-10-22,87.55999755859375,6.890999794006348,755.7999877929688,364.5
2007-10-23,85.2699966430664,6.761000156402588,759.0,361.0
2007-10-24,87.0999984741211,6.9720001220703125,761.5999755859375,356.5
2007-10-25,90.45999908447266,7.188000202178955,767.2999877929688,366.25
2007-10-26,91.86000061035156,7.217999935150146,783.9000244140625,372.0
2007-10-29,93.52999877929688,7.269000053405762,789.0999755859375,376.0
2007-10-30,90.37999725341795,8.020999908447266,784.2999877929688,370.25
2007-10-31,94.52999877929688,8.329999923706055,792.0,375.5
2007-11-01,93.48999786376952,8.63700008392334,790.7000122070312,368.75
2007-11-02,95.93000030517578,8.418000221252441,805.7000122070312,377.0
2007-11-05,93.9800033569336,7.999000072479248,808.0999755859375,375.25
2007-11-06,96.6999969482422,7.86299991607666,820.7999877929688,385.75
2007-11-07,96.37000274658205,7.624000072479248,831.0,384.25
2007-11-08,95.45999908447266,7.7129998207092285,835.2000122070312,389.5
2007-11-09,96.31999969482422,7.896999835968018,832.5,386.75
2007-11-12,94.62000274658205,7.960999965667725,805.7999877929688,379.0
2007-11-13,91.16999816894533,7.948999881744385,797.2000122070312,374.75
2007-11-14,94.08999633789062,7.835000038146973,813.0,383.0
2007-11-15,93.43000030517578,7.699999809265137,785.9000244140625,374.75
2007-11-16,95.0999984741211,8.00100040435791,785.7000122070312,379.5
2007-11-19,94.63999938964844,7.7870001792907715,776.7999877929688,377.5
2007-11-20,98.02999877929688,7.4770002365112305,790.2999877929688,381.25
2007-11-21,97.29000091552734,7.550000190734863,797.5999755859375,382.0
2007-11-23,98.18000030517578,7.699999809265137,824.0,389.0
2007-11-26,97.6999969482422,7.723000049591064,826.0,385.75
2007-11-27,94.41999816894533,7.557000160217285,813.7000122070312,383.5
2007-11-28,90.62000274658205,7.203000068664551,800.0999755859375,387.25
2007-11-29,91.01000213623048,7.452000141143799,795.2999877929688,383.5
2007-11-30,88.70999908447266,7.302000045776367,782.2000122070312,384.5
2007-12-03,89.30999755859375,7.214000225067139,788.2999877929688,386.0
2007-12-04,88.31999969482422,7.15500020980835,801.2999877929688,394.0
2007-12-05,87.48999786376953,7.184999942779541,797.5,394.0
2007-12-06,90.2300033569336,7.329999923706055,801.2000122070312,394.75
2007-12-07,88.27999877929688,7.15500020980835,794.4000244140625,399.5
2007-12-10,87.86000061035156,7.0320000648498535,807.7000122070312,400.5
2007-12-11,90.0199966430664,7.085000038146973,811.4000244140625,406.5
2007-12-12,94.38999938964844,7.407999992370605,813.5,416.75
2007-12-13,92.25,7.192999839782715,799.0,418.75
2007-12-14,91.2699966430664,7.025000095367432,793.2999877929688,420.0
2007-12-17,90.62999725341795,7.034999847412109,794.7999877929688,438.75
2007-12-18,90.48999786376952,7.140999794006348,803.0,432.0
2007-12-19,91.23999786376952,7.178999900817871,801.0999755859375,434.75
2007-12-20,91.05999755859376,7.13700008392334,799.2000122070312,437.5
2007-12-21,93.30999755859376,7.190000057220459,811.5999755859375,443.5
2007-12-24,94.12999725341795,7.025000095367432,812.7999877929688,444.0
2007-12-26,95.97000122070312,7.046000003814697,826.0,452.25
2007-12-27,96.62000274658205,7.171999931335449,828.5999755859375,454.75
2007-12-28,96.0,7.386000156402588,839.5999755859375,452.0
2007-12-31,95.9800033569336,7.482999801635742,834.9000244140625,455.5
2008-01-02,99.62000274658205,7.849999904632568,857.0,462.5
2008-01-03,99.18000030517578,7.673999786376953,866.4000244140625,466.0
2008-01-04,97.91000366210938,7.841000080108643,863.0999755859375,466.75
2008-01-07,95.08999633789062,7.879000186920166,859.5999755859375,466.25
2008-01-08,96.33000183105467,7.967000007629394,878.0,478.75
2008-01-09,95.66999816894533,8.098999977111816,879.5,477.25
2008-01-10,93.70999908447266,8.258999824523926,891.7000122070312,475.0
2008-01-11,92.69000244140624,8.210000038146973,896.0999755859375,495.0
2008-01-14,94.1999969482422,8.352999687194824,901.5999755859376,512.0
2008-01-15,91.9000015258789,8.196000099182129,901.0,509.0
2008-01-16,90.83999633789062,8.133000373840332,880.5999755859375,502.5
2008-01-17,90.12999725341795,8.081000328063965,879.5,502.0
2008-01-18,90.56999969482422,7.993000030517578,880.7999877929688,498.25
2008-01-22,89.8499984741211,7.670000076293945,889.5999755859375,489.0
2008-01-23,86.98999786376953,7.620999813079834,882.5,469.25
2008-01-24,89.41000366210938,7.802000045776367,905.5,489.25
2008-01-25,90.70999908447266,7.982999801635742,910.5,498.25
2008-01-28,90.98999786376952,8.095000267028809,927.0999755859376,502.25
2008-01-29,91.63999938964844,7.995999813079834,925.0999755859376,501.0
2008-01-30,92.33000183105467,8.045000076293945,920.5999755859376,498.5
2008-01-31,91.75,8.074000358581543,922.7000122070312,501.25
2008-02-01,88.95999908447266,7.739999771118164,908.7000122070312,500.5
2008-02-04,90.0199966430664,7.86899995803833,904.9000244140624,510.5
2008-02-05,88.41000366210938,7.941999912261963,885.9000244140625,509.25
2008-02-06,87.13999938964844,7.99399995803833,900.7000122070312,501.5
2008-02-07,88.11000061035156,8.10200023651123,906.0999755859376,499.5
2008-02-08,91.7699966430664,8.300999641418457,918.4000244140624,508.0
2008-02-11,93.58999633789062,8.531000137329102,922.9000244140624,503.5
2008-02-12,92.77999877929688,8.435999870300293,907.4000244140624,497.75
2008-02-13,93.2699966430664,8.387999534606934,906.5,497.0
2008-02-14,95.45999908447266,8.772000312805176,907.4000244140624,511.0
2008-02-15,95.5,8.65999984741211,902.7999877929688,514.75
2008-02-19,100.01000213623048,8.97700023651123,926.5999755859376,520.0
2008-02-20,100.73999786376952,8.96500015258789,934.5999755859376,523.5
2008-02-21,98.2300033569336,8.890999794006348,946.0999755859376,524.5
2008-02-22,98.80999755859376,9.145999908447266,944.7000122070312,522.25
2008-02-25,99.2300033569336,9.185999870300291,937.5999755859376,533.25
2008-02-26,100.87999725341795,9.206000328063965,946.0999755859376,530.5
2008-02-27,99.63999938964844,8.930000305175781,958.2000122070312,525.0
2008-02-28,102.58999633789062,9.442999839782717,964.5,543.25
2008-02-29,101.83999633789062,9.366000175476074,972.0999755859376,546.0
2008-03-03,102.4499969482422,9.345999717712402,981.5,555.5
2008-03-04,99.5199966430664,9.352999687194824,963.9000244140624,543.0
2008-03-05,104.5199966430664,9.741000175476074,986.2000122070312,557.0
2008-03-06,105.47000122070312,9.741999626159668,975.0,557.0
2008-03-07,105.1500015258789,9.769000053405762,972.2000122070312,533.5
2008-03-10,107.9000015258789,10.02400016784668,969.9000244140624,555.5
2008-03-11,108.75,10.0,974.2000122070312,564.0
2008-03-12,109.91999816894533,10.01099967956543,978.7999877929688,556.75
2008-03-13,110.33000183105467,10.229999542236328,992.2999877929688,559.75
2008-03-14,110.20999908447266,9.868000030517578,998.2000122070312,545.5
2008-03-17,105.68000030517578,9.100000381469728,1001.4000244140624,539.25
2008-03-18,109.41999816894533,9.413999557495115,1003.2000122070312,547.25
2008-03-19,104.4800033569336,9.02400016784668,944.7000122070312,527.25
2008-03-20,101.83999633789062,9.0649995803833,919.5999755859376,507.5
2008-03-24,100.86000061035156,9.32900047302246,918.2999877929688,524.75
2008-03-25,101.22000122070312,9.418999671936035,934.5999755859376,544.75
2008-03-26,105.9000015258789,9.571999549865724,949.0,552.25
2008-03-27,107.58000183105467,9.57800006866455,948.7999877929688,555.5
2008-03-28,105.62000274658205,9.800000190734863,930.5999755859376,560.5
2008-03-31,101.58000183105467,10.10099983215332,916.2000122070312,567.25
2008-04-01,100.9800033569336,9.723999977111816,882.9000244140625,584.0
2008-04-02,104.83000183105467,9.83199977874756,895.2000122070312,595.75
2008-04-03,103.83000183105467,9.416999816894531,905.0,600.0
2008-04-04,106.2300033569336,9.321999549865724,909.0,598.0
2008-04-07,109.08999633789062,9.791000366210938,922.7000122070312,590.0
2008-04-08,108.5,9.696999549865724,914.0,591.25
2008-04-09,110.87000274658205,10.055999755859377,933.5999755859376,605.0
2008-04-10,110.11000061035156,10.097999572753906,928.2999877929688,594.25
2008-04-11,110.13999938964844,9.901000022888184,923.5999755859376,584.25
2008-04-14,111.76000213623048,10.053000450134276,925.4000244140624,591.75
2008-04-15,113.79000091552734,10.204999923706056,928.7000122070312,606.0
2008-04-16,114.93000030517578,10.43299961090088,945.0999755859376,603.5
2008-04-17,114.86000061035156,10.383000373840332,939.7999877929688,603.5
2008-04-18,116.69000244140624,10.586999893188477,912.2000122070312,599.5
2008-04-21,117.4800033569336,10.732999801635742,914.7000122070312,580.25
2008-04-22,119.37000274658205,10.607000350952148,922.2999877929688,594.25
2008-04-23,118.3000030517578,10.781000137329102,906.2000122070312,587.75
2008-04-24,116.05999755859376,10.789999961853027,886.7999877929688,576.25
2008-04-25,118.5199966430664,10.963000297546388,887.2000122070312,577.25
2008-04-28,118.75,11.279999732971191,892.9000244140625,600.0
2008-04-29,115.62999725341795,10.842000007629396,874.2000122070312,591.25
2008-04-30,113.45999908447266,10.843000411987305,862.7999877929688,600.25
2008-05-01,112.5199966430664,10.560999870300291,848.9000244140625,605.5
2008-05-02,116.31999969482422,10.777000427246094,856.0999755859375,602.0
2008-05-05,119.97000122070312,11.178000450134276,872.2999877929688,582.0
2008-05-06,121.83999633789062,11.149999618530272,876.0,594.75
2008-05-07,123.52999877929688,11.32699966430664,869.5999755859375,601.5
2008-05-08,123.69000244140624,11.262999534606934,880.5999755859375,618.75
2008-05-09,125.95999908447266,11.536999702453612,884.5,618.5
2008-05-12,124.2300033569336,11.300999641418455,883.7000122070312,603.5
2008-05-13,125.8000030517578,11.42199993133545,868.5,597.5
2008-05-14,124.22000122070312,11.597999572753906,865.4000244140625,589.75
2008-05-15,124.12000274658205,11.39900016784668,879.0,599.0
2008-05-16,126.29000091552734,11.093999862670898,899.0,591.0
2008-05-19,127.0500030517578,10.95400047302246,905.0,586.75
2008-05-20,129.07000732421875,11.364999771118164,919.5,589.75
2008-05-21,133.1699981689453,11.640000343322754,928.0,607.25
2008-05-22,130.80999755859375,11.696999549865724,917.9000244140624,595.75
2008-05-23,132.19000244140625,11.857000350952148,925.5999755859376,599.75
2008-05-27,128.85000610351562,11.800999641418455,907.7000122070312,598.0
2008-05-28,131.02999877929688,11.916000366210938,900.5,592.5
2008-05-29,126.62000274658205,11.473999977111816,877.2000122070312,582.25
2008-05-30,127.3499984741211,11.70300006866455,887.2999877929688,599.25
2008-06-02,127.76000213623048,11.968999862670898,892.9000244140625,615.75
2008-06-03,124.30999755859376,12.220999717712402,881.5999755859375,608.0
2008-06-04,122.3000030517578,12.378999710083008,879.9000244140625,614.5
2008-06-05,127.79000091552734,12.519000053405762,871.7999877929688,643.25
2008-06-06,138.5399932861328,12.692999839782717,895.4000244140625,650.75
2008-06-09,134.35000610351562,12.604000091552734,894.7000122070312,657.25
2008-06-10,131.30999755859375,12.4350004196167,867.9000244140625,673.25
2008-06-11,136.3800048828125,12.65999984741211,879.7000122070312,703.25
2008-06-12,136.74000549316406,12.79800033569336,869.2000122070312,709.0
2008-06-13,134.86000061035156,12.625,870.2999877929688,731.75
2008-06-16,134.61000061035156,12.93299961090088,883.5999755859375,732.5
2008-06-17,134.00999450683594,12.95199966430664,884.2999877929688,742.25
2008-06-18,136.67999267578125,13.210000038146973,890.9000244140625,746.25
2008-06-19,131.92999267578125,12.861000061035156,901.7000122070312,727.75
2008-06-20,134.6199951171875,12.994000434875488,901.2999877929688,721.25
2008-06-23,136.74000549316406,13.20300006866455,884.7999877929688,724.25
2008-06-24,137.0,13.01099967956543,889.2000122070312,712.5
2008-06-25,134.5500030517578,12.753000259399414,880.0,730.0
2008-06-26,139.63999938964844,13.104999542236328,913.0999755859376,753.75
2008-06-27,140.2100067138672,13.197999954223633,929.2999877929688,754.75
2008-06-30,140.0,13.352999687194824,926.2000122070312,724.75
2008-07-01,140.97000122070312,13.505000114440918,942.5,719.5
2008-07-02,143.57000732421875,13.388999938964844,944.7999877929688,748.75
2008-07-03,145.2899932861328,13.57699966430664,931.9000244140624,746.0
2008-07-07,141.3699951171875,12.97700023651123,927.2999877929688,716.5
2008-07-08,136.0399932861328,12.368000030517578,921.9000244140624,692.75
2008-07-09,136.0500030517578,12.005999565124512,927.2999877929688,683.0
2008-07-10,141.64999389648438,12.300000190734863,940.9000244140624,675.25
2008-07-11,145.0800018310547,11.904000282287598,959.5,680.0
2008-07-14,145.17999267578125,11.958999633789062,972.7000122070312,657.0
2008-07-15,138.74000549316406,11.47700023651123,977.7000122070312,648.25
2008-07-16,134.60000610351562,11.39799976348877,961.7999877929688,658.5
2008-07-17,129.2899932861328,10.536999702453612,970.0,631.25
2008-07-18,128.8800048828125,10.56999969482422,957.2999877929688,609.5
2008-07-21,131.0399932861328,10.510000228881836,963.0999755859376,589.25
2008-07-22,127.9499969482422,10.06700038909912,948.0,573.5
2008-07-23,124.44000244140624,9.788000106811523,922.4000244140624,571.5
2008-07-24,125.48999786376952,9.322999954223633,922.0,573.0
2008-07-25,123.26000213623048,9.083999633789062,926.5999755859376,577.25
2008-07-28,124.7300033569336,9.163000106811523,927.5999755859376,582.0
2008-07-29,122.19000244140624,9.217000007629396,916.4000244140624,594.0
2008-07-30,126.7699966430664,9.248000144958496,902.9000244140624,601.5
2008-07-31,124.08000183105467,9.119000434875488,913.9000244140624,587.5
2008-08-01,125.0999984741211,9.388999938964844,909.0,565.0
2008-08-04,121.41000366210938,8.72599983215332,900.0999755859375,535.5
2008-08-05,119.16999816894533,8.72599983215332,878.5999755859375,525.25
2008-08-06,118.58000183105467,8.77299976348877,875.5999755859375,508.0
2008-08-07,120.0199966430664,8.571000099182129,870.7000122070312,522.25
2008-08-08,115.1999969482422,8.248000144958496,857.7999877929688,498.5
2008-08-11,114.4499969482422,8.348999977111816,821.5,497.25
2008-08-12,113.01000213623048,8.329999923706055,808.2000122070312,509.0
2008-08-13,116.0,8.456000328063965,825.0,539.0
2008-08-14,115.01000213623048,8.13599967956543,808.2000122070312,557.75
2008-08-15,113.7699966430664,8.092000007629395,786.0,529.75
2008-08-18,112.87000274658205,7.888000011444092,799.7000122070312,553.0
2008-08-19,114.52999877929688,7.97599983215332,811.0999755859375,564.75
2008-08-20,114.9800033569336,8.07699966430664,810.2999877929688,575.25
2008-08-21,121.18000030517578,8.251999855041504,833.0,597.75
2008-08-22,114.58999633789062,7.842999935150146,827.4000244140625,586.5
2008-08-25,115.11000061035156,7.824999809265137,819.7999877929688,580.25
2008-08-26,116.2699966430664,8.277999877929688,822.2000122070312,575.25
2008-08-27,118.1500015258789,8.394000053405762,828.0999755859375,577.5
2008-08-28,115.58999633789062,8.050000190734863,830.9000244140625,570.0
2008-08-29,115.45999908447266,7.942999839782715,829.2999877929688,568.25
2008-09-02,109.70999908447266,7.261000156402588,805.0,553.0
2008-09-03,109.3499984741211,7.263999938964844,802.7000122070312,546.5
2008-09-04,107.88999938964844,7.322000026702881,797.9000244140625,549.25
2008-09-05,106.2300033569336,7.448999881744385,797.5999755859375,531.5
2008-09-08,106.33999633789062,7.526999950408935,797.5,533.0
2008-09-09,103.26000213623048,7.534999847412109,787.0999755859375,529.5
2008-09-10,102.58000183105467,7.39300012588501,757.9000244140625,522.5
2008-09-11,100.87000274658205,7.248000144958496,741.2999877929688,522.25
2008-09-12,101.18000030517578,7.366000175476074,760.2999877929688,547.5
2008-09-15,95.70999908447266,7.374000072479248,783.0999755859375,562.0
2008-09-16,91.1500015258789,7.278999805450439,776.5,532.25
2008-09-17,97.16000366210938,7.909999847412109,846.5999755859375,554.0
2008-09-18,97.87999725341795,7.620999813079834,892.7000122070312,527.25
2008-09-19,104.5500030517578,7.531000137329102,860.5999755859375,542.25
2008-09-22,120.91999816894533,7.657999992370605,903.9000244140624,558.5
2008-09-23,106.61000061035156,7.931000232696533,885.5,560.25
2008-09-24,105.7300033569336,7.678999900817871,889.0,563.0
2008-09-25,108.0199966430664,7.723999977111816,877.7000122070312,558.25
2008-09-26,106.88999938964844,7.472000122070312,882.9000244140625,543.0
2008-09-29,96.37000274658205,7.22100019454956,888.2000122070312,513.0
2008-09-30,100.63999938964844,7.438000202178955,874.2000122070312,487.5
2008-10-01,98.52999877929688,7.728000164031982,880.7000122070312,484.0
2008-10-02,93.97000122070312,7.480999946594238,839.0,454.0
2008-10-03,93.87999725341795,7.357999801635742,828.9000244140625,454.0
2008-10-06,87.80999755859375,6.835000038146973,862.7000122070312,424.0
2008-10-07,90.05999755859375,6.76800012588501,878.4000244140625,417.0
2008-10-08,88.94999694824219,6.742000102996826,903.0999755859376,427.5
2008-10-09,86.58999633789062,6.824999809265137,883.0999755859375,438.25
2008-10-10,77.69999694824219,6.534999847412109,855.4000244140625,408.25
2008-10-13,81.19000244140625,6.688000202178955,838.9000244140625,411.5
2008-10-14,78.62999725341797,6.727000236511231,836.2999877929688,411.25
2008-10-15,74.54000091552734,6.5920000076293945,835.5,388.0
2008-10-16,69.8499984741211,6.703000068664551,801.5,384.5
2008-10-17,71.8499984741211,6.785999774932861,785.0999755859375,403.0
2008-10-20,74.25,6.741000175476074,787.5999755859375,418.5
2008-10-21,70.88999938964844,6.843999862670898,766.0999755859375,411.0
2008-10-22,66.75,6.776999950408936,733.2999877929688,385.0
2008-10-23,67.83999633789062,6.419000148773193,713.2999877929688,390.25
2008-10-24,64.1500015258789,6.238999843597412,729.0999755859375,372.75
2008-10-27,63.220001220703125,6.120999813079834,741.7000122070312,385.25
2008-10-28,62.72999954223633,6.185999870300293,739.2999877929688,390.75
2008-10-29,67.5,6.468999862670898,752.7999877929688,420.75
2008-10-30,65.95999908447266,6.431000232696533,737.2000122070312,409.5
2008-10-31,67.80999755859375,6.7829999923706055,716.7999877929688,401.5
2008-11-03,63.90999984741211,6.8379998207092285,725.4000244140625,403.0
2008-11-04,70.52999877929688,7.218999862670898,756.0,413.0
2008-11-05,65.30000305175781,7.249000072479248,741.2999877929688,390.25
2008-11-06,60.77000045776367,6.979000091552734,731.2000122070312,378.0
2008-11-07,61.040000915527344,6.756999969482422,733.2000122070312,375.5
2008-11-10,62.40999984741211,7.248000144958496,745.5999755859375,383.5
2008-11-11,59.33000183105469,6.704999923706055,732.0,374.25
2008-11-12,56.15999984741211,6.40500020980835,717.7000122070312,369.5
2008-11-13,58.2400016784668,6.317999839782715,704.9000244140625,377.0
2008-11-14,57.040000915527344,6.311999797821045,742.4000244140625,380.25
2008-11-17,54.95000076293945,6.5329999923706055,741.9000244140625,385.75
2008-11-18,54.38999938964844,6.515999794006348,732.5999755859375,380.0
2008-11-19,53.619998931884766,6.743000030517578,735.9000244140625,378.75
2008-11-20,49.619998931884766,6.315999984741211,748.5999755859375,363.75
2008-11-21,49.93000030517578,6.480000019073486,791.7000122070312,338.5
2008-11-24,54.5,6.888000011444092,819.4000244140625,354.5
2008-11-25,50.77000045776367,6.386000156402588,818.4000244140625,353.5
2008-11-26,54.43999862670898,6.877999782562256,808.5,354.0
2008-11-28,54.43000030517578,6.510000228881836,816.2000122070312,349.5
2008-12-01,49.27999877929688,6.604000091552734,774.5999755859375,332.75
2008-12-02,46.959999084472656,6.423999786376953,781.2999877929688,332.5
2008-12-03,46.790000915527344,6.3470001220703125,768.7999877929688,332.0
2008-12-04,43.66999816894531,6.017000198364258,763.7999877929688,318.25
2008-12-05,40.810001373291016,5.742000102996826,750.5,293.5
2008-12-08,43.709999084472656,5.565999984741211,767.4000244140625,314.25
2008-12-09,42.06999969482422,5.578999996185303,772.4000244140625,312.25
2008-12-10,43.52000045776367,5.685999870300293,807.0999755859375,326.75
2008-12-11,47.97999954223633,5.5980000495910645,824.9000244140625,338.0
2008-12-12,46.27999877929688,5.48799991607666,818.9000244140625,359.5
2008-12-15,44.5099983215332,5.644999980926514,835.4000244140625,375.25
2008-12-16,43.59999847412109,5.750999927520752,841.7000122070312,394.0
2008-12-17,40.060001373291016,5.61899995803833,867.5,389.5
2008-12-18,36.220001220703125,5.547999858856201,859.5999755859375,389.5
2008-12-19,33.869998931884766,5.334000110626221,836.4000244140625,380.75
2008-12-22,39.90999984741211,5.294000148773193,846.2000122070312,381.75
2008-12-23,38.97999954223633,5.736999988555908,837.2000122070312,394.75
2008-12-24,35.349998474121094,5.909999847412109,847.0999755859375,398.0
2008-12-26,37.709999084472656,5.826000213623047,870.4000244140625,412.25
2008-12-29,40.02000045776367,6.136000156402588,874.5999755859375,393.5
2008-12-30,39.02999877929688,5.859000205993652,869.2999877929688,396.25
2008-12-31,44.59999847412109,5.622000217437744,883.5999755859375,407.0
2009-01-02,46.34000015258789,5.9710001945495605,878.7999877929688,412.25
2009-01-05,48.810001373291016,6.072000026702881,857.2000122070312,411.25
2009-01-06,48.58000183105469,5.982999801635742,865.4000244140625,427.5
2009-01-07,42.630001068115234,5.872000217437744,841.0999755859375,416.5
2009-01-08,41.70000076293945,5.583000183105469,853.9000244140625,406.75
2009-01-09,40.83000183105469,5.515999794006348,854.2999877929688,410.75
2009-01-12,37.59000015258789,5.541999816894531,820.2999877929688,380.75
2009-01-13,37.77999877929688,5.184000015258789,820.0999755859375,362.5
2009-01-14,37.27999877929688,4.96999979019165,808.2000122070312,366.5
2009-01-15,35.400001525878906,4.8429999351501465,806.7000122070312,365.25
2009-01-16,36.5099983215332,4.801000118255615,839.2999877929688,391.0
2009-01-20,38.7400016784668,4.642000198364258,854.5999755859375,383.5
2009-01-21,43.54999923706055,4.78000020980835,849.5999755859375,390.25
2009-01-22,43.66999816894531,4.681000232696533,858.2000122070312,387.5
2009-01-23,46.470001220703125,4.51800012588501,895.2999877929688,390.5
2009-01-26,45.72999954223633,4.489999771118164,908.5,393.75
2009-01-27,41.58000183105469,4.502999782562256,899.2000122070312,377.5
2009-01-28,42.15999984741211,4.47599983215332,888.0999755859375,384.5
2009-01-29,41.43999862670898,4.576000213623047,905.0999755859376,381.75
2009-01-30,41.68000030517578,4.416999816894531,927.2999877929688,379.0
2009-02-02,40.08000183105469,4.557000160217285,906.7000122070312,370.5
2009-02-03,40.77999877929688,4.513000011444092,892.0,361.75
2009-02-04,40.31999969482422,4.5970001220703125,901.5999755859376,358.25
2009-02-05,41.16999816894531,4.642000198364258,913.5999755859376,371.25
2009-02-06,40.16999816894531,4.77400016784668,913.9000244140624,377.25
2009-02-09,39.560001373291016,4.807000160217285,892.4000244140625,377.5
2009-02-10,37.54999923706055,4.543000221252441,913.7000122070312,376.75
2009-02-11,35.939998626708984,4.5320000648498535,943.7999877929688,368.5
2009-02-12,33.97999954223633,4.485000133514404,948.5,366.25
2009-02-13,37.5099983215332,4.452000141143799,941.5,363.25
2009-02-17,34.93000030517578,4.203000068664551,967.0,349.25
2009-02-18,34.619998931884766,4.214000225067139,977.7000122070312,349.25
2009-02-19,39.47999954223633,4.078000068664551,976.0999755859376,353.25
2009-02-20,38.93999862670898,4.00600004196167,1001.7999877929688,350.25
2009-02-23,38.43999862670898,4.0970001220703125,994.5999755859376,351.75
2009-02-24,39.959999084472656,4.236000061035156,969.0999755859376,354.25
2009-02-25,42.5,4.056000232696533,965.7000122070312,363.75
2009-02-26,45.220001220703125,4.077000141143799,941.7999877929688,362.0
2009-02-27,44.7599983215332,4.197999954223633,941.5,350.75
2009-03-02,40.150001525878906,4.151999950408936,939.0,343.5
2009-03-03,41.650001525878906,4.2820000648498535,912.9000244140624,343.5
2009-03-04,45.380001068115234,4.340000152587891,906.0,355.25
2009-03-05,43.61000061035156,4.0879998207092285,927.0,349.25
2009-03-06,45.52000045776367,3.944999933242798,942.0999755859376,352.75
2009-03-09,47.06999969482422,3.865000009536743,917.7000122070312,357.25
2009-03-10,45.709999084472656,3.839999914169312,895.5999755859375,366.75
2009-03-11,42.33000183105469,3.79800009727478,910.4000244140624,356.0
2009-03-12,47.02999877929688,3.994999885559082,923.7000122070312,376.75
2009-03-13,46.25,3.931999921798706,929.7999877929688,375.0
2009-03-16,47.34999847412109,3.849999904632568,921.5999755859376,391.5
2009-03-17,49.15999984741211,3.812000036239624,916.4000244140624,390.5
2009-03-18,48.13999938964844,3.684000015258789,888.7000122070312,388.25
2009-03-19,51.61000061035156,4.173999786376953,958.2999877929688,396.5
2009-03-20,51.060001373291016,4.227000236511231,955.7999877929688,396.5
2009-03-23,53.79999923706055,4.294000148773193,952.0999755859376,395.5
2009-03-24,53.97999954223633,4.3470001220703125,923.2999877929688,393.75
2009-03-25,52.77000045776367,4.328999996185303,935.4000244140624,385.75
2009-03-26,54.34000015258789,3.947000026702881,939.5999755859376,390.75
2009-03-27,52.380001068115234,3.63100004196167,923.0,387.0
2009-03-30,48.40999984741211,3.739000082015991,915.5,386.25
2009-03-31,49.65999984741211,3.776000022888184,922.5999755859376,404.75
2009-04-01,48.38999938964844,3.694999933242798,926.0999755859376,396.0
2009-04-02,52.63999938964844,3.7820000648498535,907.4000244140624,402.5
2009-04-03,52.5099983215332,3.8010001182556152,895.5999755859375,404.5
2009-04-06,51.04999923706055,3.732000112533569,871.5,405.5
2009-04-07,49.150001525878906,3.562000036239624,882.2000122070312,396.25
2009-04-08,49.380001068115234,3.630000114440918,884.7999877929688,397.0
2009-04-09,52.2400016784668,3.609999895095825,882.2000122070312,390.25
2009-04-13,50.04999923706055,3.628000020980835,894.7000122070312,387.5
2009-04-14,49.40999984741211,3.688999891281128,890.9000244140625,394.25
2009-04-15,49.25,3.693000078201294,892.7999877929688,384.5
2009-04-16,49.97999954223633,3.5989999771118164,879.2999877929688,385.75
2009-04-17,50.33000183105469,3.7290000915527344,867.4000244140625,376.25
2009-04-20,45.880001068115234,3.539999961853028,887.0,369.5
2009-04-21,46.5099983215332,3.510999917984009,882.0999755859375,374.0
2009-04-22,48.84999847412109,3.532000064849853,891.7999877929688,373.5
2009-04-23,49.619998931884766,3.4089999198913574,905.9000244140624,381.0
2009-04-24,51.54999923706055,3.296999931335449,913.5999755859376,377.0
2009-04-27,50.13999938964844,3.253000020980835,907.4000244140624,372.25
2009-04-28,49.91999816894531,3.321000099182129,892.7999877929688,375.0
2009-04-29,50.970001220703125,3.4030001163482666,899.7999877929688,393.0
2009-04-30,51.119998931884766,3.372999906539917,890.7000122070312,396.25
2009-05-01,53.20000076293945,3.5460000038146973,887.5999755859375,406.25
2009-05-04,54.470001220703125,3.724999904632568,901.5999755859376,398.0
2009-05-05,53.84000015258789,3.615000009536743,903.7000122070312,398.5
2009-05-06,56.34000015258789,3.88700008392334,910.5,400.75
2009-05-07,56.709999084472656,4.080999851226807,915.0,404.75
2009-05-08,58.630001068115234,4.310999870300293,914.4000244140624,414.0
2009-05-11,58.5,4.302000045776367,913.0,413.5
2009-05-12,58.84999847412109,4.448999881744385,923.5,419.5
2009-05-13,58.02000045776367,4.333000183105469,925.5,419.5
2009-05-14,58.619998931884766,4.291999816894531,928.0,421.5
2009-05-15,56.34000015258789,4.0980000495910645,930.9000244140624,417.25
2009-05-18,59.02999877929688,4.138999938964844,921.2999877929688,421.5
2009-05-19,59.650001525878906,3.9140000343322754,926.2999877929688,425.75
2009-05-20,62.040000915527344,3.9700000286102295,937.0,426.0
2009-05-21,61.04999923706055,3.6029999256134033,950.7999877929688,424.0
2009-05-22,61.66999816894531,3.515000104904175,958.5,430.25
2009-05-26,62.45000076293945,3.5369999408721924,953.0999755859376,427.5
2009-05-27,63.45000076293945,3.5380001068115234,953.2000122070312,426.0
2009-05-28,65.08000183105469,3.9570000171661377,961.5,428.75
2009-05-29,66.30999755859375,3.8350000381469727,978.7999877929688,436.25
2009-06-01,68.58000183105469,4.249000072479248,978.5999755859376,445.75
2009-06-02,68.55000305175781,4.119999885559082,983.2000122070312,449.5
2009-06-03,66.12000274658203,3.766000032424927,964.5,432.5
2009-06-04,68.80999755859375,3.809999942779541,981.2000122070312,448.5
2009-06-05,68.44000244140625,3.868000030517578,961.7000122070312,444.0
2009-06-08,68.08999633789062,3.7309999465942383,951.7000122070312,435.0
2009-06-09,70.01000213623047,3.7309999465942383,954.0,444.0
2009-06-10,71.33000183105469,3.7079999446868896,954.0,435.75
2009-06-11,72.68000030517578,3.933000087738037,961.2999877929688,441.0
2009-06-12,72.04000091552734,3.857000112533569,940.0999755859376,425.5
2009-06-15,70.62000274658203,4.182000160217285,926.9000244140624,406.0
2009-06-16,70.47000122070312,4.129000186920166,931.5999755859376,404.0
2009-06-17,71.02999877929688,4.252999782562256,935.4000244140624,407.75
2009-06-18,71.37000274658203,4.0929999351501465,934.0,403.25
2009-06-19,69.55000305175781,4.0320000648498535,935.5999755859376,399.25
2009-06-22,66.93000030517578,3.933000087738037,920.5999755859376,385.25
2009-06-23,69.23999786376953,3.878999948501587,923.9000244140624,389.0
2009-06-24,68.66999816894531,3.760999917984009,934.0999755859376,386.5
2009-06-25,70.2300033569336,3.8440001010894775,939.0999755859376,382.5
2009-06-26,69.16000366210938,3.9489998817443848,940.7000122070312,384.25
2009-06-29,71.48999786376953,3.944000005722046,940.4000244140624,377.0
2009-06-30,69.88999938964844,3.8350000381469727,927.0999755859376,347.75
2009-07-01,69.30999755859375,3.795000076293945,941.0,351.75
2009-07-02,66.7300033569336,3.615000009536743,930.7000122070312,345.75
2009-07-06,64.05000305175781,3.486999988555908,924.0,343.25
2009-07-07,62.93000030517578,3.428999900817871,928.7999877929688,335.5
2009-07-08,60.13999938964844,3.3529999256134038,909.0,339.25
2009-07-09,60.40999984741211,3.407999992370605,915.9000244140624,343.5
2009-07-10,59.88999938964844,3.372999906539917,912.2000122070312,345.5
2009-07-13,59.68999862670898,3.263000011444092,922.2000122070312,359.0
2009-07-14,59.52000045776367,3.428999900817871,922.5,350.0
2009-07-15,61.540000915527344,3.282999992370605,939.0999755859376,329.5
2009-07-16,62.02000045776367,3.6679999828338623,935.0999755859376,316.75
2009-07-17,63.560001373291016,3.6689999103546143,937.2000122070312,322.25
2009-07-20,63.97999954223633,3.688999891281128,948.5,323.25
2009-07-21,64.72000122070312,3.704999923706055,946.5999755859376,311.5
2009-07-22,65.4000015258789,3.7929999828338623,953.0,308.0
2009-07-23,67.16000366210938,3.549999952316284,954.5,327.0
2009-07-24,68.05000305175781,3.694999933242798,952.7999877929688,316.25
2009-07-27,68.37999725341797,3.6040000915527344,953.2999877929688,322.25
2009-07-28,67.2300033569336,3.5350000858306885,939.0,320.5
2009-07-29,63.34999847412109,3.378999948501587,927.2000122070312,320.75
2009-07-30,66.94000244140625,3.743000030517578,934.9000244140624,332.25
2009-07-31,69.44999694824219,3.6530001163482666,953.7000122070312,339.5
2009-08-03,71.58000183105469,4.031000137329102,956.5999755859376,358.0
2009-08-04,71.41999816894531,4.000999927520752,967.5,354.5
2009-08-05,71.97000122070312,4.041999816894531,964.2000122070312,347.0
2009-08-06,71.94000244140625,3.743000030517578,960.7000122070312,332.5
2009-08-07,70.93000030517578,3.674000024795532,957.2999877929688,322.0
2009-08-10,70.5999984741211,3.641000032424927,945.0,324.25
2009-08-11,69.44999694824219,3.5409998893737797,945.7999877929688,326.5
2009-08-12,70.16000366210938,3.4790000915527344,950.7000122070312,330.75
2009-08-13,70.5199966430664,3.3359999656677246,954.7000122070312,324.5
2009-08-14,67.51000213623047,3.23799991607666,947.0,319.25
2009-08-17,66.75,3.1630001068115234,934.2999877929688,314.25
2009-08-18,69.19000244140625,3.095999956130981,937.7000122070312,314.5
2009-08-19,72.41999816894531,3.11899995803833,943.2999877929688,320.0
2009-08-20,72.54000091552734,2.944999933242798,940.2999877929688,318.5
2009-08-21,73.88999938964844,2.803999900817871,953.2000122070312,321.75
2009-08-24,74.37000274658203,2.9230000972747803,942.2999877929688,329.5
2009-08-25,72.05000305175781,2.881999969482422,944.5,321.5
2009-08-26,71.43000030517578,2.9100000858306885,944.2999877929688,320.5
2009-08-27,72.48999786376953,2.8429999351501465,945.5,323.0
2009-08-28,72.73999786376953,3.032999992370605,957.0,321.0
2009-08-31,69.95999908447266,2.976999998092652,951.7000122070312,326.25
2009-09-01,68.05000305175781,2.821000099182129,954.7000122070312,312.25
2009-09-02,68.05000305175781,2.7149999141693115,976.5999755859376,313.25
2009-09-03,67.95999908447266,2.507999897003174,995.7999877929688,311.0
2009-09-04,68.0199966430664,2.7279999256134038,994.9000244140624,300.5
2009-09-08,71.0999984741211,2.806999921798706,997.9000244140624,302.75
2009-09-09,71.30999755859375,2.8289999961853027,995.2999877929688,305.5
2009-09-10,71.94000244140625,3.25600004196167,995.4000244140624,309.5
2009-09-11,69.29000091552734,2.9600000381469727,1004.9000244140624,314.5
2009-09-14,68.86000061035156,3.296999931335449,999.9000244140624,305.0
2009-09-15,70.93000030517578,3.319999933242798,1005.0,346.5
2009-09-16,72.51000213623047,3.759999990463257,1018.9000244140624,336.25
2009-09-17,72.47000122070312,3.4579999446868896,1012.2999877929688,329.0
2009-09-18,72.04000091552734,3.7780001163482666,1009.2000122070312,318.0
2009-09-21,69.70999908447266,3.575999975204468,1003.7000122070312,316.0
2009-09-22,71.55000305175781,3.608999967575073,1014.2000122070312,325.75
2009-09-23,68.97000122070312,3.859999895095825,1013.0,330.25
2009-09-24,65.88999938964844,3.954999923706055,997.5,336.5
2009-09-25,66.0199966430664,3.984999895095825,990.2000122070312,334.0
2009-09-28,66.83999633789062,3.7300000190734863,992.5,338.75
2009-09-29,66.70999908447266,4.875,993.0999755859376,341.0
2009-09-30,70.61000061035156,4.841000080108643,1008.0,344.0
2009-10-01,70.81999969482422,4.466000080108643,999.5,340.5
2009-10-02,69.94999694824219,4.7179999351501465,1003.2000122070312,333.5
2009-10-05,70.41000366210938,4.986999988555908,1016.7000122070312,341.5
2009-10-06,70.87999725341797,4.880000114440918,1038.5999755859375,358.25
2009-10-07,69.56999969482422,4.90399980545044,1043.300048828125,359.75
2009-10-08,71.69000244140625,4.9629998207092285,1055.4000244140625,364.0
2009-10-09,71.7699966430664,4.769999980926514,1047.800048828125,362.25
2009-10-12,73.2699966430664,4.880000114440918,1056.699951171875,381.25
2009-10-13,74.1500015258789,4.5879998207092285,1064.199951171875,381.75
2009-10-14,75.18000030517578,4.435999870300293,1063.9000244140625,383.0
2009-10-15,77.58000183105469,4.48199987411499,1049.800048828125,373.0
2009-10-16,78.52999877929688,4.781000137329102,1050.699951171875,372.0
2009-10-19,79.61000061035156,4.835000038146973,1057.300048828125,386.25
2009-10-20,79.08999633789062,5.160999774932861,1057.800048828125,384.5
2009-10-21,81.37000274658203,5.099999904632568,1063.699951171875,398.25
2009-10-22,81.19000244140625,4.947000026702881,1057.800048828125,403.5
2009-10-23,80.5,4.787000179290772,1055.5999755859375,397.75
2009-10-26,78.68000030517578,4.513000011444092,1042.0999755859375,378.0
2009-10-27,79.55000305175781,4.557000160217285,1034.699951171875,370.75
2009-10-28,77.45999908447266,4.289000034332275,1029.9000244140625,369.0
2009-10-29,79.87000274658203,5.061999797821045,1046.4000244140625,379.5
2009-10-30,77.0,5.045000076293945,1039.699951171875,366.0
2009-11-02,78.12999725341797,4.823999881744385,1053.4000244140625,382.25
2009-11-03,79.5999984741211,4.921999931335449,1084.300048828125,390.0
2009-11-04,80.4000015258789,4.724999904632568,1086.699951171875,384.0
2009-11-05,79.62000274658203,4.7820000648498535,1088.699951171875,376.5
2009-11-06,77.43000030517578,4.59499979019165,1095.0999755859375,367.0
2009-11-09,79.43000030517578,4.670000076293945,1100.800048828125,386.0
2009-11-10,79.05000305175781,4.4670000076293945,1101.9000244140625,394.5
2009-11-11,79.27999877929688,4.502999782562256,1114.0,394.0
2009-11-12,76.94000244140625,4.369999885559082,1106.0,390.5
2009-11-13,76.3499984741211,4.392000198364258,1116.0999755859375,390.5
2009-11-16,78.9000015258789,4.613999843597412,1138.5999755859375,402.25
2009-11-17,79.13999938964844,4.53000020980835,1138.800048828125,402.0
2009-11-18,79.58000183105469,4.254000186920166,1140.699951171875,398.0
2009-11-19,77.45999908447266,4.3420000076293945,1141.4000244140625,395.0
2009-11-20,76.72000122070312,4.423999786376953,1146.4000244140625,391.0
2009-11-23,77.55999755859375,4.4730000495910645,1164.300048828125,387.25
2009-11-24,76.0199966430664,4.486000061035156,1165.5,376.0
2009-11-25,77.95999908447266,5.163000106811523,1186.9000244140625,392.0
2009-11-27,76.05000305175781,5.191999912261963,1174.199951171875,397.25
2009-11-30,77.27999877929688,4.8480000495910645,1181.0999755859375,402.75
2009-12-01,78.37000274658203,4.76200008392334,1199.0999755859375,399.75
2009-12-02,76.5999984741211,4.53000020980835,1212.0,391.75
2009-12-03,76.45999908447266,4.459000110626221,1217.4000244140625,385.25
2009-12-04,75.47000122070312,4.585999965667725,1168.800048828125,373.75
2009-12-07,73.93000030517578,4.9710001945495605,1163.4000244140625,368.75
2009-12-08,72.62000274658203,5.113999843597412,1142.800048828125,369.5
2009-12-09,70.66999816894531,4.8979997634887695,1120.4000244140625,368.0
2009-12-10,70.54000091552734,5.297999858856201,1125.699951171875,377.25
2009-12-11,69.87000274658203,5.163000106811523,1119.4000244140625,389.25
2009-12-14,69.51000213623047,5.331999778747559,1123.300048828125,392.0
2009-12-15,70.69000244140625,5.5229997634887695,1122.4000244140625,407.5
2009-12-16,72.66000366210938,5.461999893188477,1135.5,410.25
2009-12-17,72.6500015258789,5.76800012588501,1106.800048828125,397.0
2009-12-18,73.36000061035156,5.7820000648498535,1110.800048828125,397.75
2009-12-21,72.47000122070312,5.669000148773193,1095.4000244140625,400.0
2009-12-22,74.4000015258789,5.715000152587891,1086.0,398.75
2009-12-23,76.66999816894531,5.821000099182129,1093.300048828125,404.75
2009-12-24,78.05000305175781,5.64300012588501,1104.0999755859375,408.5
2009-12-28,78.7699966430664,5.989999771118164,1107.199951171875,416.0
2009-12-29,78.87000274658203,5.814000129699707,1097.0,417.0
2009-12-30,79.27999877929688,5.709000110626221,1091.5,413.75
2009-12-31,79.36000061035156,5.572000026702881,1095.199951171875,414.5
2010-01-04,81.51000213623047,5.883999824523926,1117.699951171875,418.5
2010-01-05,81.7699966430664,5.63700008392334,1118.0999755859375,418.75
2010-01-06,83.18000030517578,6.008999824523926,1135.9000244140625,421.75
2010-01-07,82.66000366210938,5.806000232696533,1133.0999755859375,417.5
2010-01-08,82.75,5.749000072479248,1138.199951171875,423.0
2010-01-11,82.5199966430664,5.453999996185303,1150.699951171875,422.5
2010-01-12,80.79000091552734,5.591000080108643,1128.9000244140625,392.5
2010-01-13,79.6500015258789,5.732999801635742,1136.4000244140625,384.0
2010-01-14,79.38999938964844,5.5879998207092285,1142.5999755859375,381.0
2010-01-15,78.0,5.690999984741211,1130.0999755859375,371.5
2010-01-19,79.0199966430664,5.557000160217285,1139.699951171875,369.25
2010-01-20,77.62000274658203,5.495999813079834,1112.300048828125,368.0
2010-01-21,76.08000183105469,5.614999771118164,1102.699951171875,372.0
2010-01-22,74.54000091552734,5.818999767303467,1089.199951171875,364.75
2010-01-25,75.26000213623047,5.7220001220703125,1095.199951171875,367.75
2010-01-26,74.70999908447266,5.485000133514404,1097.9000244140625,362.25
2010-01-27,73.66999816894531,5.27400016784668,1084.4000244140625,358.25
2010-01-28,73.63999938964844,5.138000011444092,1083.5999755859375,361.75
2010-01-29,72.88999938964844,5.13100004196167,1083.0,356.5
2010-02-01,74.43000030517578,5.434000015258789,1104.300048828125,359.0
2010-02-02,77.2300033569336,5.453999996185303,1117.4000244140625,365.0
2010-02-03,76.9800033569336,5.419000148773193,1111.4000244140625,353.0
2010-02-04,73.13999938964844,5.415999889373779,1062.4000244140625,354.0
2010-02-05,71.19000244140625,5.514999866485596,1052.199951171875,351.5
2010-02-08,71.88999938964844,5.401000022888184,1065.699951171875,356.0
2010-02-09,73.75,5.289999961853027,1076.699951171875,358.5
2010-02-10,74.5199966430664,5.291999816894531,1075.800048828125,361.75
2010-02-11,75.27999877929688,5.395999908447266,1094.199951171875,363.25
2010-02-12,74.12999725341797,5.4679999351501465,1089.5,361.5
2010-02-16,77.01000213623047,5.309999942779541,1119.300048828125,367.25
2010-02-17,77.33000183105469,5.386000156402588,1119.5,360.0
2010-02-18,79.05999755859375,5.171999931335449,1118.0,357.25
2010-02-19,79.80999755859375,5.044000148773193,1121.300048828125,360.0
2010-02-22,80.16000366210938,4.894999980926514,1112.5999755859375,371.5
2010-02-23,78.86000061035156,4.777999877929688,1102.699951171875,367.75
2010-02-24,80.0,4.815999984741211,1096.5,375.25
2010-02-25,78.16999816894531,4.767000198364258,1107.800048828125,372.25
2010-02-26,79.66000366210938,4.813000202178955,1118.300048828125,378.0
2010-03-01,78.69999694824219,4.678999900817871,1117.800048828125,370.75
2010-03-02,79.68000030517578,4.708000183105469,1136.9000244140625,370.5
2010-03-03,80.87000274658203,4.756999969482422,1142.699951171875,375.75
2010-03-04,80.20999908447266,4.574999809265137,1132.5999755859375,372.0
2010-03-05,81.5,4.5929999351501465,1134.800048828125,364.75
2010-03-08,81.87000274658203,4.526999950408936,1123.5999755859375,364.5
2010-03-09,81.48999786376953,4.515999794006348,1122.0,358.75
2010-03-10,82.08999633789062,4.559000015258789,1107.800048828125,355.5
2010-03-11,82.11000061035156,4.440000057220459,1108.0,355.5
2010-03-12,81.23999786376953,4.400000095367432,1101.5,354.0
2010-03-15,79.80000305175781,4.390999794006348,1105.0999755859375,363.25
2010-03-16,81.69999694824219,4.3470001220703125,1122.199951171875,366.75
2010-03-17,82.93000030517578,4.302999973297119,1124.0,374.0
2010-03-18,82.19999694824219,4.085000038146973,1127.4000244140625,376.0
2010-03-19,80.68000030517578,4.169000148773193,1107.4000244140625,374.5
2010-03-22,81.25,4.078999996185303,1099.300048828125,370.75
2010-03-23,81.91000366210938,4.130000114440918,1103.5,362.75
2010-03-24,80.61000061035156,4.105000019073486,1088.5999755859375,365.0
2010-03-25,80.52999877929688,3.9809999465942383,1092.699951171875,355.0
2010-03-26,80.0,3.871999979019165,1104.199951171875,356.25
2010-03-29,82.16999816894531,3.8420000076293945,1110.300048828125,357.0
2010-03-30,82.37000274658203,3.973000049591065,1104.5,354.5
2010-03-31,83.76000213623047,3.86899995803833,1113.300048828125,345.0
2010-04-01,84.87000274658203,4.085999965667725,1125.0999755859375,344.5
2010-04-05,86.62000274658203,4.276999950408936,1132.9000244140625,345.75
2010-04-06,86.83999633789062,4.0960001945495605,1135.0999755859375,346.5
2010-04-07,85.87999725341797,4.019000053405762,1152.300048828125,356.5
2010-04-08,85.38999938964844,3.908999919891357,1152.199951171875,348.25
2010-04-09,84.91999816894531,4.070000171661377,1161.0999755859375,345.75
2010-04-12,84.33999633789062,4.007999897003174,1161.5999755859375,348.25
2010-04-13,84.05000305175781,4.159999847412109,1152.800048828125,352.5
2010-04-14,85.83999633789062,4.198999881744385,1159.0,358.0
2010-04-15,85.51000213623047,3.984999895095825,1159.699951171875,363.25
2010-04-16,83.23999786376953,4.039000034332275,1136.300048828125,364.0
2010-04-19,81.44999694824219,3.944000005722046,1135.199951171875,347.75
2010-04-20,83.44999694824219,3.974999904632568,1138.5999755859375,355.5
2010-04-21,83.68000030517578,3.954999923706055,1148.199951171875,359.25
2010-04-22,83.69999694824219,4.127999782562256,1142.300048828125,362.25
2010-04-23,85.12000274658203,4.256999969482422,1153.0999755859375,353.0
2010-04-26,84.19999694824219,4.26200008392334,1153.5,352.25
2010-04-27,82.44000244140625,4.216000080108643,1161.699951171875,347.5
2010-04-28,83.22000122070312,4.270999908447266,1171.300048828125,357.0
2010-04-29,85.16999816894531,3.9800000190734863,1168.4000244140625,360.5
2010-04-30,86.1500015258789,3.920000076293945,1180.0999755859375,366.25
2010-05-03,86.19000244140625,4.0,1182.699951171875,362.75
2010-05-04,82.73999786376953,4.013000011444092,1168.5999755859375,360.0
2010-05-05,79.97000122070312,3.990999937057495,1174.5999755859375,364.75
2010-05-06,77.11000061035156,3.928999900817871,1196.9000244140625,364.0
2010-05-07,75.11000061035156,4.014999866485596,1210.0,364.75
2010-05-10,76.80000305175781,4.170000076293945,1200.4000244140625,363.0
2010-05-11,76.37000274658203,4.13100004196167,1219.9000244140625,369.75
2010-05-12,75.6500015258789,4.283999919891357,1242.699951171875,371.75
2010-05-13,74.4000015258789,4.339000225067139,1228.800048828125,366.5
2010-05-14,71.61000061035156,4.311999797821045,1227.4000244140625,356.75
2010-05-17,70.08000183105469,4.3979997634887695,1227.699951171875,356.0
2010-05-18,69.41000366210938,4.3420000076293945,1214.300048828125,359.75
2010-05-19,69.87000274658203,4.1579999923706055,1192.5999755859375,359.25
2010-05-20,68.01000213623047,4.105999946594238,1187.800048828125,362.0
2010-05-21,70.04000091552734,4.034999847412109,1175.699951171875,369.0
2010-05-24,70.20999908447266,4.017000198364258,1193.800048828125,371.0
2010-05-25,68.75,4.051000118255615,1197.800048828125,364.25
2010-05-26,71.51000213623047,4.15500020980835,1213.300048828125,371.5
2010-05-27,74.55000305175781,4.294000148773193,1211.9000244140625,373.25
2010-05-28,73.97000122070312,4.341000080108643,1212.199951171875,359.0
2010-06-01,72.58000183105469,4.248000144958496,1224.800048828125,354.0
2010-06-02,72.86000061035156,4.423999786376953,1220.5999755859375,348.5
2010-06-03,74.61000061035156,4.690000057220459,1208.300048828125,349.5
2010-06-04,71.51000213623047,4.796999931335449,1216.199951171875,340.0
2010-06-07,71.44000244140625,4.915999889373779,1239.300048828125,335.75
2010-06-08,71.98999786376953,4.808000087738037,1244.0,337.25
2010-06-09,74.37999725341797,4.677000045776367,1228.5,338.25
2010-06-10,75.4800033569336,4.646999835968018,1220.800048828125,343.25
2010-06-11,73.77999877929688,4.781000137329102,1228.9000244140625,349.5
2010-06-14,75.12000274658203,5.00600004196167,1223.300048828125,353.75
2010-06-15,76.94000244140625,5.189000129699707,1233.199951171875,353.75
2010-06-16,77.66999816894531,4.978000164031982,1229.300048828125,356.25
2010-06-17,76.79000091552734,5.162000179290772,1247.5,357.5
2010-06-18,77.18000030517578,4.997000217437744,1257.199951171875,360.75
2010-06-21,77.81999969482422,4.873000144958496,1239.699951171875,355.0
2010-06-22,77.20999908447266,4.75600004196167,1239.9000244140625,351.5
2010-06-23,76.3499984741211,4.803999900817871,1234.0999755859375,346.5
2010-06-24,76.51000213623047,4.748000144958496,1245.5,344.75
2010-06-25,78.86000061035156,4.861000061035156,1255.800048828125,340.5
2010-06-28,78.25,4.7170000076293945,1238.199951171875,333.75
2010-06-29,75.94000244140625,4.547999858856201,1242.0,325.0
2010-06-30,75.62999725341797,4.616000175476074,1245.5,354.25
2010-07-01,72.94999694824219,4.854000091552734,1206.300048828125,365.5
2010-07-02,72.13999938964844,4.686999797821045,1207.4000244140625,364.0
2010-07-06,71.9800033569336,4.682000160217285,1194.800048828125,360.0
2010-07-07,74.06999969482422,4.565000057220459,1198.5999755859375,370.75
2010-07-08,75.44000244140625,4.39900016784668,1195.800048828125,377.5
2010-07-09,76.08999633789062,4.401999950408936,1209.5999755859375,375.25
2010-07-12,74.94999694824219,4.388000011444092,1198.5,371.25
2010-07-13,77.1500015258789,4.354000091552734,1213.300048828125,366.75
2010-07-14,77.04000091552734,4.306000232696533,1206.800048828125,375.25
2010-07-15,76.62000274658203,4.585999965667725,1208.0999755859375,392.5
2010-07-16,76.01000213623047,4.519000053405762,1188.0,394.75
2010-07-19,76.54000091552734,4.510000228881836,1181.699951171875,381.5
2010-07-20,77.44000244140625,4.590000152587891,1191.5,374.0
2010-07-21,76.55999755859375,4.513000011444092,1191.5999755859375,379.75
2010-07-22,79.30000305175781,4.64300012588501,1195.5,376.5
2010-07-23,78.9800033569336,4.579999923706055,1187.699951171875,371.25
2010-07-26,78.9800033569336,4.611999988555908,1183.0,364.0
2010-07-27,77.5,4.675000190734863,1158.0,362.75
2010-07-28,76.98999786376953,4.77400016784668,1160.4000244140625,376.25
2010-07-29,78.36000061035156,4.827000141143799,1168.4000244140625,379.25
2010-07-30,78.94999694824219,4.922999858856201,1181.699951171875,392.75
2010-08-02,81.33999633789062,4.701000213623047,1183.4000244140625,390.5
2010-08-03,82.55000305175781,4.638999938964844,1185.199951171875,389.5
2010-08-04,82.47000122070312,4.736999988555908,1193.699951171875,400.25
2010-08-05,82.01000213623047,4.5980000495910645,1197.199951171875,403.5
2010-08-06,80.69999694824219,4.4670000076293945,1203.4000244140625,405.0
2010-08-09,81.4800033569336,4.309000015258789,1200.699951171875,403.0
2010-08-10,80.25,4.296999931335449,1196.199951171875,393.5
2010-08-11,78.0199966430664,4.326000213623047,1197.5,395.5
2010-08-12,75.73999786376953,4.296000003814697,1214.800048828125,406.25
2010-08-13,75.38999938964844,4.328000068664551,1214.9000244140625,411.75
2010-08-16,75.23999786376953,4.228000164031982,1224.5,407.25
2010-08-17,75.7699966430664,4.267000198364258,1226.5999755859375,414.75
2010-08-18,75.41999816894531,4.238999843597412,1229.699951171875,418.5
2010-08-19,74.43000030517578,4.171000003814697,1233.800048828125,414.25
2010-08-20,73.45999908447266,4.117000102996826,1227.199951171875,421.25
2010-08-23,73.0999984741211,4.065999984741211,1226.9000244140625,417.25
2010-08-24,71.62999725341797,4.039000034332275,1231.800048828125,405.25
2010-08-25,72.5199966430664,3.871000051498413,1239.5,404.75
2010-08-26,73.36000061035156,3.816999912261963,1235.4000244140625,416.5
2010-08-27,75.16999816894531,3.651000022888184,1236.0,421.0
2010-08-30,74.69999694824219,3.812000036239624,1237.0999755859375,425.5
2010-08-31,71.91999816894531,3.815999984741211,1248.300048828125,424.5
2010-09-01,73.91000366210938,3.76200008392334,1246.300048828125,432.25
2010-09-02,75.0199966430664,3.750999927520752,1251.5,433.0
2010-09-03,74.5999984741211,3.938999891281128,1249.199951171875,449.75
2010-09-07,74.08999633789062,3.8519999980926514,1257.300048828125,451.5
2010-09-08,74.66999816894531,3.813999891281128,1255.5999755859375,447.5
2010-09-09,74.25,3.767999887466431,1248.9000244140625,456.25
2010-09-10,76.44999694824219,3.882999897003174,1244.5,464.0
2010-09-13,77.19000244140625,3.937999963760376,1245.0999755859375,469.25
2010-09-14,76.80000305175781,3.9660000801086426,1269.699951171875,478.0
2010-09-15,76.0199966430664,3.994999885559082,1266.699951171875,495.25
2010-09-16,74.56999969482422,4.061999797821045,1271.9000244140625,496.0
2010-09-17,73.66000366210938,4.02400016784668,1275.5999755859375,513.25
2010-09-20,74.86000061035156,3.822000026702881,1279.0,508.25
2010-09-21,73.5199966430664,3.9189999103546143,1272.4000244140625,505.25
2010-09-22,74.70999908447266,3.9660000801086426,1290.199951171875,505.0
2010-09-23,75.18000030517578,4.019000053405762,1294.300048828125,499.25
2010-09-24,76.48999786376953,3.88100004196167,1296.0,521.75
2010-09-27,76.5199966430664,3.799999952316284,1296.699951171875,512.75
2010-09-28,76.18000030517578,3.836999893188477,1306.5999755859375,500.0
2010-09-29,77.86000061035156,3.961999893188477,1308.5,505.0
2010-09-30,79.97000122070312,3.871999979019165,1307.800048828125,495.75
2010-10-01,81.58000183105469,3.796999931335449,1316.0999755859375,465.75
2010-10-04,81.47000122070312,3.7269999980926514,1315.4000244140625,471.5
2010-10-05,82.81999969482422,3.743000030517578,1338.9000244140625,491.0
2010-10-06,83.2300033569336,3.865000009536743,1346.4000244140625,488.5
2010-10-07,81.66999816894531,3.617000102996826,1333.9000244140625,498.25
2010-10-08,82.66000366210938,3.651000022888184,1344.199951171875,528.25
2010-10-11,82.20999908447266,3.6010000705718994,1353.300048828125,555.75
2010-10-12,81.66999816894531,3.628999948501587,1345.699951171875,579.0
2010-10-13,83.01000213623047,3.696000099182129,1369.5,569.25
2010-10-14,82.69000244140625,3.6570000648498535,1376.699951171875,567.25
2010-10-15,81.25,3.5350000858306885,1371.0999755859375,563.0
2010-10-18,83.08000183105469,3.430999994277954,1371.199951171875,557.25
2010-10-19,79.48999786376953,3.513000011444092,1335.0999755859375,546.0
2010-10-20,81.7699966430664,3.5390000343322754,1343.300048828125,573.5
2010-10-21,80.55999755859375,3.368000030517578,1324.699951171875,564.25
2010-10-22,81.69000244140625,3.3320000171661377,1324.4000244140625,560.0
2010-10-25,82.5199966430664,3.316999912261963,1338.300048828125,568.75
2010-10-26,82.55000305175781,3.3540000915527344,1338.0,571.0
2010-10-27,81.94000244140625,3.2920000553131104,1322.199951171875,577.25
2010-10-28,82.18000030517578,3.890000104904175,1342.0999755859375,579.0
2010-10-29,81.43000030517578,4.038000106811523,1357.0999755859375,582.0
2010-11-01,82.94999694824219,3.8320000171661377,1350.199951171875,577.25
2010-11-02,83.9000015258789,3.869999885559082,1356.4000244140625,575.75
2010-11-03,84.69000244140625,3.8359999656677246,1337.0999755859375,581.0
2010-11-04,86.48999786376953,3.8559999465942383,1382.699951171875,590.0
2010-11-05,86.8499984741211,3.937000036239624,1397.300048828125,587.75
2010-11-08,87.05999755859375,4.0879998207092285,1402.800048828125,585.25
2010-11-09,86.72000122070312,4.210000038146973,1409.800048828125,576.25
2010-11-10,87.80999755859375,4.046000003814697,1399.0999755859375,566.75
2010-11-11,87.80999755859375,3.927000045776367,1403.0999755859375,564.0
2010-11-12,84.87999725341797,3.799000024795532,1365.4000244140625,534.0
2010-11-15,84.86000061035156,3.8450000286102295,1368.4000244140625,555.5
2010-11-16,82.33999633789062,3.818000078201294,1338.300048828125,526.5
2010-11-17,80.44000244140625,4.03000020980835,1336.800048828125,525.75
2010-11-18,81.8499984741211,4.006999969482422,1352.9000244140625,541.75
2010-11-19,81.51000213623047,4.164000034332275,1352.199951171875,520.75
2010-11-22,81.73999786376953,4.270999908447266,1357.699951171875,515.25
2010-11-23,81.25,4.263999938964844,1377.5,528.5
2010-11-24,83.86000061035156,4.267000198364258,1372.9000244140625,538.75
2010-11-26,83.76000213623047,4.39900016784668,1362.300048828125,538.25
2010-11-29,85.7300033569336,4.210000038146973,1366.0,538.25
2010-11-30,84.11000061035156,4.179999828338623,1385.0,530.0
2010-12-01,86.75,4.269000053405762,1387.300048828125,551.75
2010-12-02,88.0,4.3429999351501465,1388.5,540.75
2010-12-03,89.19000244140625,4.348999977111816,1405.4000244140625,559.0
2010-12-06,89.37999725341797,4.48799991607666,1415.300048828125,553.75
2010-12-07,88.69000244140625,4.39300012588501,1408.300048828125,547.25
2010-12-08,88.27999877929688,4.605999946594238,1382.5,559.5
2010-12-09,88.37000274658203,4.434999942779541,1392.0999755859375,560.25
2010-12-10,87.79000091552734,4.416999816894531,1384.300048828125,560.25
2010-12-13,88.61000061035156,4.420000076293945,1397.300048828125,575.25
2010-12-14,88.27999877929688,4.255000114440918,1403.5999755859375,574.5
2010-12-15,88.62000274658203,4.2220001220703125,1385.5,584.25
2010-12-16,87.69999694824219,4.047999858856201,1370.4000244140625,587.5
2010-12-17,88.0199966430664,4.065999984741211,1378.5999755859375,596.5
2010-12-20,88.80999755859375,4.236999988555908,1385.5,599.5
2010-12-21,89.81999969482422,4.059000015258789,1388.199951171875,602.25
2010-12-22,90.4800033569336,4.151999950408936,1386.800048828125,609.0
2010-12-23,91.51000213623048,4.083000183105469,1380.0,614.0
2010-12-27,91.0,4.111999988555908,1382.4000244140625,615.25
2010-12-28,91.48999786376952,4.216000080108643,1405.199951171875,623.25
2010-12-29,91.12000274658205,4.287000179290772,1413.0999755859375,624.0
2010-12-30,89.83999633789062,4.3379998207092285,1405.5999755859375,616.0
2010-12-31,91.37999725341795,4.40500020980835,1421.0999755859375,629.0
2011-01-03,91.5500030517578,4.650000095367432,1422.5999755859375,620.5
2011-01-04,89.37999725341797,4.669000148773193,1378.5,608.5
2011-01-05,90.3000030517578,4.4730000495910645,1373.4000244140625,619.25
2011-01-06,88.37999725341797,4.434000015258789,1371.4000244140625,602.0
2011-01-07,88.02999877929688,4.421999931335449,1368.5,595.0
2011-01-10,89.25,4.39900016784668,1373.699951171875,607.0
2011-01-11,91.11000061035156,4.480999946594238,1384.0,607.0
2011-01-12,91.86000061035156,4.531000137329102,1385.699951171875,631.0
2011-01-13,91.4000015258789,4.4070000648498535,1386.9000244140625,642.5
2011-01-14,91.54000091552734,4.480000019073486,1360.4000244140625,648.75
2011-01-18,91.37999725341795,4.425000190734863,1368.0999755859375,659.5
2011-01-19,90.86000061035156,4.560999870300293,1370.199951171875,641.25
2011-01-20,88.86000061035156,4.695000171661377,1346.5,654.0
2011-01-21,89.11000061035156,4.736000061035156,1341.0,657.25
2011-01-24,87.87000274658203,4.579999923706055,1344.5,655.25
2011-01-25,86.19000244140625,4.4730000495910645,1332.300048828125,644.0
2011-01-26,87.33000183105469,4.491000175476074,1333.0,657.75
2011-01-27,85.63999938964844,4.315999984741211,1318.4000244140625,650.75
2011-01-28,89.33999633789062,4.322999954223633,1340.699951171875,644.0
2011-01-31,92.19000244140624,4.420000076293945,1333.800048828125,659.5
2011-02-01,90.7699966430664,4.3470001220703125,1339.5999755859375,666.0
2011-02-02,90.86000061035156,4.428999900817871,1331.5,669.25
2011-02-03,90.54000091552734,4.336999893188477,1352.300048828125,662.5
2011-02-04,89.02999877929688,4.309999942779541,1348.300048828125,678.5
2011-02-07,87.4800033569336,4.104000091552734,1347.5999755859375,674.75
2011-02-08,86.94000244140625,4.039999961853027,1363.4000244140625,673.75
2011-02-09,86.70999908447266,4.044000148773193,1364.800048828125,698.0
2011-02-10,86.7300033569336,3.986000061035156,1361.9000244140625,698.5
2011-02-11,85.58000183105469,3.910000085830689,1359.9000244140625,706.5
2011-02-14,84.80999755859375,3.924999952316284,1364.5999755859375,695.75
2011-02-15,84.31999969482422,3.9760000705718994,1373.5999755859375,690.5
2011-02-16,84.98999786376953,3.921000003814697,1374.699951171875,690.5
2011-02-17,86.36000061035156,3.868000030517578,1384.699951171875,712.75
2011-02-18,86.19999694824219,3.875999927520752,1388.199951171875,709.75
2011-02-22,93.56999969482422,3.867000102996826,1400.5,679.75
2011-02-23,98.0999984741211,3.900000095367432,1413.4000244140625,691.5
2011-02-24,97.27999877929688,3.7929999828338623,1415.300048828125,685.75
2011-02-25,97.87999725341795,4.005000114440918,1408.699951171875,712.0
2011-02-28,96.97000122070312,4.037000179290772,1409.300048828125,722.5
2011-03-01,99.62999725341795,3.872999906539917,1430.699951171875,727.25
2011-03-02,102.2300033569336,3.818000078201294,1437.199951171875,714.0
2011-03-03,101.91000366210938,3.7780001163482666,1416.0,729.75
2011-03-04,104.41999816894533,3.809000015258789,1428.199951171875,721.25
2011-03-07,105.44000244140624,3.927000045776367,1434.0999755859375,710.75
2011-03-08,105.0199966430664,3.864000082015991,1426.9000244140625,698.75
2011-03-09,104.37999725341795,3.930000066757202,1429.300048828125,695.0
2011-03-10,102.6999969482422,3.829999923706055,1412.199951171875,676.25
2011-03-11,101.16000366210938,3.888999938964844,1421.5,659.25
2011-03-14,101.19000244140624,3.9140000343322754,1424.5999755859375,664.0
2011-03-15,97.18000030517578,3.940999984741211,1392.5999755859375,636.0
2011-03-16,97.9800033569336,3.937999963760376,1396.0,616.5
2011-03-17,101.41999816894533,4.1579999923706055,1404.0,646.5
2011-03-18,101.06999969482422,4.168000221252441,1415.9000244140625,683.5
2011-03-21,102.33000183105467,4.160999774932861,1426.199951171875,686.5
2011-03-22,104.0,4.254000186920166,1427.5,686.75
2011-03-23,105.75,4.335000038146973,1437.9000244140625,681.0
2011-03-24,105.5999984741211,4.24399995803833,1434.800048828125,702.5
2011-03-25,105.4000015258789,4.402999877929688,1426.0999755859375,689.5
2011-03-28,103.9800033569336,4.374000072479248,1419.800048828125,671.0
2011-03-29,104.79000091552734,4.239999771118164,1416.0,671.75
2011-03-30,104.2699966430664,4.355000019073486,1423.800048828125,663.25
2011-03-31,106.72000122070312,4.388999938964844,1438.9000244140625,693.25
2011-04-01,107.94000244140624,4.361999988555908,1428.0999755859375,736.0
2011-04-04,108.47000122070312,4.289000034332275,1432.199951171875,760.25
2011-04-05,108.33999633789062,4.230999946594238,1451.800048828125,766.75
2011-04-06,108.83000183105467,4.145999908447266,1457.699951171875,763.0
2011-04-07,110.3000030517578,4.057000160217285,1458.5,759.0
2011-04-08,112.79000091552734,4.040999889373779,1473.4000244140625,768.0
2011-04-11,109.91999816894533,4.107999801635742,1467.4000244140625,776.0
2011-04-12,106.25,4.0980000495910645,1452.9000244140625,752.5
2011-04-13,107.11000061035156,4.140999794006348,1454.9000244140625,755.5
2011-04-14,108.11000061035156,4.211999893188477,1471.699951171875,754.25
2011-04-15,109.66000366210938,4.203999996185303,1485.300048828125,742.0
2011-04-18,107.12000274658205,4.138000011444092,1492.300048828125,751.75
2011-04-19,108.1500015258789,4.26200008392334,1494.5,749.0
2011-04-20,111.4499969482422,4.309999942779541,1498.300048828125,732.75
2011-04-21,112.29000091552734,4.412000179290772,1503.199951171875,737.25
2011-04-25,112.27999877929688,4.388999938964844,1508.5999755859375,762.5
2011-04-26,112.20999908447266,4.38700008392334,1503.0,766.25
2011-04-27,112.76000213623048,4.376999855041504,1516.699951171875,752.25
2011-04-28,112.86000061035156,4.571000099182129,1530.800048828125,723.0
2011-04-29,113.93000030517578,4.697999954223633,1556.0,754.0
2011-05-02,113.5199966430664,4.692999839782715,1556.699951171875,730.75
2011-05-03,111.0500030517578,4.670000076293945,1540.0999755859375,719.0
2011-05-04,109.23999786376952,4.577000141143799,1514.9000244140625,726.5
2011-05-05,99.8000030517578,4.261000156402588,1480.9000244140625,705.0
2011-05-06,97.18000030517578,4.235000133514404,1491.199951171875,682.75
2011-05-09,102.5500030517578,4.15399980545044,1502.9000244140625,704.5
2011-05-10,103.87999725341795,4.245999813079834,1516.5999755859375,706.0
2011-05-11,98.20999908447266,4.181000232696533,1501.0999755859375,668.75
2011-05-12,98.97000122070312,4.193999767303467,1506.5999755859375,681.25
2011-05-13,99.6500015258789,4.245999813079834,1493.4000244140625,679.0
2011-05-16,97.37000274658205,4.317999839782715,1490.4000244140625,697.5
2011-05-17,96.91000366210938,4.182000160217285,1479.800048828125,720.25
2011-05-18,100.0999984741211,4.197999954223633,1495.5999755859375,749.75
2011-05-19,98.44000244140624,4.093999862670898,1492.199951171875,748.25
2011-05-20,99.48999786376952,4.230000019073486,1508.800048828125,759.5
2011-05-23,97.6999969482422,4.3460001945495605,1515.300048828125,754.0
2011-05-24,99.58999633789062,4.34499979019165,1523.199951171875,733.25
2011-05-25,101.31999969482422,4.379000186920166,1526.5999755859375,742.25
2011-05-26,100.2300033569336,4.326000213623047,1522.800048828125,745.5
2011-05-27,100.58999633789062,4.51800012588501,1536.300048828125,758.5
2011-05-31,102.6999969482422,4.665999889373779,1535.9000244140625,747.5
2011-06-01,100.29000091552734,4.629000186920166,1542.4000244140625,758.5
2011-06-02,100.4000015258789,4.794000148773193,1532.0,766.5
2011-06-03,100.22000122070312,4.706999778747559,1541.699951171875,754.0
2011-06-06,99.01000213623048,4.827000141143799,1546.5,732.0
2011-06-07,99.08999633789062,4.830999851226807,1543.300048828125,736.5
2011-06-08,100.73999786376952,4.8470001220703125,1538.0999755859375,764.0
2011-06-09,101.93000030517578,4.673999786376953,1542.0999755859375,785.5
2011-06-10,99.29000091552734,4.756999969482422,1528.5999755859375,787.0
2011-06-13,97.3000030517578,4.645999908447266,1515.0,782.5
2011-06-14,99.37000274658205,4.580999851226807,1523.800048828125,755.5
2011-06-15,94.80999755859376,4.577000141143799,1525.5999755859375,725.75
2011-06-16,94.9499969482422,4.412000179290772,1529.300048828125,701.5
2011-06-17,93.01000213623048,4.324999809265137,1538.5999755859375,700.25
2011-06-20,93.26000213623048,4.316999912261963,1541.5,700.5
2011-06-21,93.4000015258789,4.388000011444092,1546.0,707.5
2011-06-22,95.41000366210938,4.316999912261963,1552.9000244140625,677.5
2011-06-23,91.0199966430664,4.192999839782715,1520.0999755859375,680.5
2011-06-24,91.16000366210938,4.229000091552734,1500.5,670.0
2011-06-27,90.61000061035156,4.25600004196167,1496.0,660.75
2011-06-28,92.88999938964844,4.35699987411499,1499.699951171875,683.0
2011-06-29,94.7699966430664,4.315000057220459,1509.9000244140625,698.0
2011-06-30,95.41999816894533,4.374000072479248,1502.300048828125,629.0
2011-07-01,94.94000244140624,4.310999870300293,1482.300048828125,640.75
2011-07-05,96.88999938964844,4.36299991607666,1512.300048828125,680.5
2011-07-06,96.6500015258789,4.2170000076293945,1528.699951171875,648.75
2011-07-07,98.66999816894533,4.132999897003174,1530.199951171875,650.0
2011-07-08,96.1999969482422,4.204999923706055,1541.199951171875,672.25
2011-07-11,95.1500015258789,4.288000106811523,1548.800048828125,681.5
2011-07-12,97.43000030517578,4.333000183105469,1561.9000244140625,697.0
2011-07-13,98.0500030517578,4.402999877929688,1585.199951171875,726.75
2011-07-14,95.69000244140624,4.377999782562256,1589.0,716.5
2011-07-15,97.23999786376952,4.546000003814697,1589.800048828125,701.25
2011-07-18,95.93000030517578,4.546000003814697,1602.0999755859375,696.25
2011-07-19,97.5,4.5329999923706055,1600.9000244140625,698.0
2011-07-20,98.13999938964844,4.5,1596.699951171875,688.0
2011-07-21,99.12999725341795,4.394999980926514,1586.800048828125,679.25
2011-07-22,99.87000274658205,4.39900016784668,1601.300048828125,690.0
2011-07-25,99.1999969482422,4.386000156402588,1612.0,678.75
2011-07-26,99.58999633789062,4.369999885559082,1616.5999755859375,689.75
2011-07-27,97.4000015258789,4.369999885559082,1615.0,691.5
2011-07-28,97.44000244140624,4.24399995803833,1613.4000244140625,682.25
2011-07-29,95.6999969482422,4.144999980926514,1628.300048828125,665.5
2011-08-01,94.88999938964844,4.188000202178955,1619.0,681.25
2011-08-02,93.79000091552734,4.15500020980835,1641.9000244140625,711.25
2011-08-03,91.93000030517578,4.090000152587891,1663.4000244140625,706.0
2011-08-04,86.62999725341797,3.940999984741211,1656.199951171875,693.75
2011-08-05,86.87999725341797,3.940999984741211,1648.800048828125,693.0
2011-08-08,81.30999755859375,3.934999942779541,1710.199951171875,675.25
2011-08-09,79.30000305175781,3.99399995803833,1740.0,678.25
2011-08-10,82.88999938964844,4.002999782562256,1781.300048828125,678.0
2011-08-11,85.72000122070312,4.107999801635742,1748.800048828125,702.5
2011-08-12,85.37999725341797,4.059999942779541,1740.199951171875,701.75
2011-08-15,87.87999725341797,4.02400016784668,1755.5,707.25
2011-08-16,86.6500015258789,3.931999921798706,1782.4000244140625,714.0
2011-08-17,87.58000183105469,3.933000087738037,1791.199951171875,711.5
2011-08-18,82.37999725341797,3.891999959945679,1818.9000244140625,699.0
2011-08-19,82.26000213623047,3.940000057220459,1848.9000244140625,711.0
2011-08-22,84.12000274658203,3.888999938964844,1888.699951171875,720.5
2011-08-23,85.44000244140625,3.993000030517578,1858.300048828125,730.25
2011-08-24,85.16000366210938,3.921999931335449,1754.0999755859375,731.75
2011-08-25,85.30000305175781,3.930999994277954,1759.800048828125,732.25
2011-08-26,85.37000274658203,3.930999994277954,1794.0999755859375,752.5
2011-08-29,87.2699966430664,3.857000112533569,1788.4000244140625,756.25
2011-08-30,88.9000015258789,3.908999919891357,1826.699951171875,763.5
2011-08-31,88.80999755859375,4.053999900817871,1828.5,757.5
2011-09-01,88.93000030517578,4.050000190734863,1826.0,728.75
2011-09-02,86.44999694824219,3.871999979019165,1873.699951171875,750.25
2011-09-06,86.0199966430664,3.937999963760376,1869.9000244140625,746.75
2011-09-07,89.33999633789062,3.940000057220459,1814.199951171875,736.5
2011-09-08,89.05000305175781,3.9800000190734863,1854.4000244140625,723.25
2011-09-09,87.23999786376953,3.9149999618530273,1856.4000244140625,726.0
2011-09-12,88.19000244140625,3.884999990463257,1809.9000244140625,734.25
2011-09-13,90.20999908447266,3.9800000190734863,1826.800048828125,709.25
2011-09-14,88.91000366210938,4.039000034332275,1823.5,713.0
2011-09-15,89.4000015258789,3.878000020980835,1778.5,701.0
2011-09-16,87.95999908447266,3.809000015258789,1812.0999755859373,692.0
2011-09-19,85.69999694824219,3.828999996185303,1776.4000244140625,692.25
2011-09-20,86.88999938964844,3.79800009727478,1806.5999755859373,690.25
2011-09-21,85.91999816894531,3.7300000190734863,1805.5,685.75
2011-09-22,80.51000213623047,3.704999923706055,1739.199951171875,650.0
2011-09-23,79.8499984741211,3.700999975204468,1637.5,638.5
2011-09-26,80.23999786376953,3.7820000648498535,1592.5,648.0
2011-09-27,84.44999694824219,3.82699990272522,1650.5999755859375,652.25
2011-09-28,81.20999908447266,3.759000062942505,1616.300048828125,630.75
2011-09-29,82.13999938964844,3.746999979019165,1615.5,632.5
2011-09-30,79.19999694824219,3.6659998893737793,1620.4000244140625,592.5
2011-10-03,77.61000061035156,3.617000102996826,1656.0,592.5
2011-10-04,75.66999816894531,3.638000011444092,1614.699951171875,587.75
2011-10-05,79.68000030517578,3.569999933242798,1640.300048828125,605.5
2011-10-06,82.58999633789062,3.5980000495910645,1651.9000244140625,605.5
2011-10-07,82.9800033569336,3.4809999465942383,1634.5,600.0
2011-10-10,85.41000366210938,3.5409998893737797,1669.5999755859375,605.0
2011-10-11,85.80999755859375,3.615999937057495,1659.699951171875,645.0
2011-10-12,85.56999969482422,3.489000082015991,1681.300048828125,640.75
2011-10-13,84.2300033569336,3.5309998989105225,1667.300048828125,638.25
2011-10-14,86.80000305175781,3.703000068664551,1681.800048828125,640.0
2011-10-17,86.37999725341797,3.687999963760376,1675.5,640.5
2011-10-18,88.33999633789062,3.552999973297119,1651.699951171875,644.0
2011-10-19,86.11000061035156,3.5859999656677246,1646.0,638.5
2011-10-20,85.30000305175781,3.630000114440918,1611.9000244140625,649.5
2011-10-21,87.4000015258789,3.628999948501587,1635.0999755859375,649.25
2011-10-24,91.2699966430664,3.6040000915527344,1651.5,651.0
2011-10-25,93.16999816894533,3.6579999923706055,1699.5999755859375,650.75
2011-10-26,90.1999969482422,3.5899999141693115,1722.699951171875,637.25
2011-10-27,93.95999908447266,3.5239999294281006,1746.699951171875,651.5
2011-10-28,93.31999969482422,3.92300009727478,1746.199951171875,655.0
2011-10-31,93.19000244140624,3.934000015258789,1724.199951171875,647.0
2011-11-01,92.19000244140624,3.7809998989105225,1711.0,654.25
2011-11-02,92.51000213623048,3.749000072479248,1728.699951171875,645.0
2011-11-03,94.06999969482422,3.7780001163482666,1764.199951171875,653.5
2011-11-04,94.26000213623048,3.7829999923706055,1755.300048828125,655.75
2011-11-07,95.5199966430664,3.696000099182129,1790.300048828125,653.25
2011-11-08,96.8000030517578,3.744999885559082,1798.4000244140625,660.5
2011-11-09,95.73999786376952,3.651999950408936,1790.9000244140625,656.0
2011-11-10,97.77999877929688,3.6489999294281006,1758.9000244140625,645.5
2011-11-11,98.98999786376952,3.5840001106262207,1787.5,638.5
2011-11-14,98.13999938964844,3.4579999446868896,1777.800048828125,633.5
2011-11-15,99.37000274658205,3.4040000438690186,1781.699951171875,645.5
2011-11-16,102.58999633789062,3.344000101089477,1773.800048828125,642.75
2011-11-17,98.81999969482422,3.4100000858306885,1719.800048828125,614.5
2011-11-18,97.41000366210938,3.315999984741211,1724.699951171875,610.25
2011-11-21,96.91999816894533,3.3989999294281006,1678.300048828125,597.75
2011-11-22,98.01000213623048,3.414999961853028,1702.199951171875,599.0
2011-11-23,96.16999816894533,3.4600000381469727,1695.699951171875,588.75
2011-11-25,96.7699966430664,3.5420000553131104,1685.5,582.5
2011-11-28,98.20999908447266,3.364000082015991,1710.800048828125,591.75
2011-11-29,99.79000091552734,3.632999897003174,1713.4000244140625,598.0
2011-11-30,100.36000061035156,3.549999952316284,1745.5,601.25
2011-12-01,100.1999969482422,3.6480000019073486,1735.300048828125,594.75
2011-12-02,100.95999908447266,3.5840001106262207,1747.0,586.5
2011-12-05,100.98999786376952,3.4609999656677246,1730.699951171875,580.25
2011-12-06,101.27999877929688,3.486999988555908,1727.9000244140625,585.25
2011-12-07,100.48999786376952,3.4210000038146973,1740.9000244140625,582.25
2011-12-08,98.33999633789062,3.4570000171661377,1709.800048828125,590.0
2011-12-09,99.41000366210938,3.316999912261963,1712.800048828125,585.5
2011-12-12,97.7699966430664,3.253999948501587,1664.199951171875,585.5
2011-12-13,100.13999938964844,3.2790000438690186,1659.9000244140625,588.5
2011-12-14,94.9499969482422,3.135999917984009,1584.300048828125,580.0
2011-12-15,93.87000274658205,3.127000093460083,1574.5999755859375,579.0
2011-12-16,93.52999877929688,3.127000093460083,1595.5999755859375,583.0
2011-12-19,93.87999725341795,3.095999956130981,1594.4000244140625,601.0
2011-12-20,97.22000122070312,3.128000020980835,1615.5999755859375,607.0
2011-12-21,98.66999816894533,3.1549999713897705,1611.9000244140625,616.5
2011-12-22,99.52999877929688,3.1689999103546143,1608.9000244140625,617.5
2011-12-23,99.68000030517578,3.114000082015991,1604.699951171875,619.5
2011-12-27,101.33999633789062,3.111999988555908,1594.199951171875,633.25
2011-12-28,99.36000061035156,3.0840001106262207,1562.9000244140625,642.5
2011-12-29,99.6500015258789,3.0269999504089355,1539.9000244140625,638.0
2011-12-30,98.83000183105467,2.989000082015991,1565.800048828125,646.5
2012-01-03,102.95999908447266,2.993000030517578,1599.699951171875,658.5
2012-01-04,103.22000122070312,3.095999956130981,1611.9000244140625,658.5
2012-01-05,101.80999755859376,2.9800000190734863,1619.4000244140625,643.5
2012-01-06,101.55999755859376,3.062000036239624,1616.0999755859375,643.5
2012-01-09,101.30999755859376,3.010999917984009,1607.5,652.0
2012-01-10,102.23999786376952,2.940999984741211,1631.0,652.0
2012-01-11,100.87000274658205,2.7739999294281006,1639.199951171875,651.5
2012-01-12,99.0999984741211,2.697000026702881,1647.300048828125,611.5
2012-01-13,98.6999969482422,2.6700000762939453,1630.4000244140625,599.5
2012-01-17,100.70999908447266,2.48799991607666,1655.199951171875,604.0
2012-01-18,100.58999633789062,2.4719998836517334,1659.5,593.5
2012-01-19,100.38999938964844,2.322000026702881,1654.0999755859375,606.0
2012-01-20,98.45999908447266,2.3429999351501465,1663.699951171875,611.5
2012-01-23,99.58000183105467,2.525000095367432,1678.0,620.0
2012-01-24,98.9499969482422,2.553999900817871,1664.199951171875,630.25
2012-01-25,99.4000015258789,2.7290000915527344,1699.800048828125,634.5
2012-01-26,99.6999969482422,2.6050000190734863,1726.300048828125,634.5
2012-01-27,99.55999755859376,2.677999973297119,1731.800048828125,641.75
2012-01-30,98.77999877929688,2.713000059127808,1731.0,631.75
2012-01-31,98.4800033569336,2.503000020980835,1737.800048828125,639.0
2012-02-01,97.61000061035156,2.381999969482422,1747.0999755859375,642.0
2012-02-02,96.36000061035156,2.553999900817871,1756.800048828125,643.0
2012-02-03,97.83999633789062,2.499000072479248,1737.9000244140625,644.5
2012-02-06,96.91000366210938,2.549999952316284,1722.800048828125,644.25
2012-02-07,98.41000366210938,2.4719998836517334,1746.4000244140625,642.25
2012-02-08,98.70999908447266,2.447999954223633,1729.300048828125,642.5
2012-02-09,99.83999633789062,2.476999998092652,1739.0,637.0
2012-02-10,98.66999816894533,2.476999998092652,1723.300048828125,631.75
2012-02-13,100.91000366210938,2.430999994277954,1723.0,639.5
2012-02-14,100.73999786376952,2.532000064849853,1715.9000244140625,633.5
2012-02-15,101.8000030517578,2.424999952316284,1726.300048828125,627.0
2012-02-16,102.30999755859376,2.566999912261963,1726.800048828125,636.25
2012-02-17,103.23999786376952,2.684000015258789,1724.5,641.75
2012-02-21,105.83999633789062,2.625999927520752,1757.0999755859375,629.5
2012-02-22,106.27999877929688,2.6429998874664307,1770.0,638.25
2012-02-23,107.83000183105467,2.621000051498413,1784.9000244140625,639.5
2012-02-24,109.7699966430664,2.549999952316284,1775.0999755859375,640.75
2012-02-27,108.55999755859376,2.446000099182129,1773.5999755859375,644.5
2012-02-28,106.5500030517578,2.5190000534057617,1787.0,653.5
2012-02-29,107.06999969482422,2.615999937057495,1709.9000244140625,656.5
2012-03-01,108.83999633789062,2.463000059127808,1721.0999755859375,653.75
2012-03-02,106.6999969482422,2.483999967575073,1708.800048828125,659.0
2012-03-05,106.72000122070312,2.3550000190734863,1703.0,666.25
2012-03-06,104.6999969482422,2.3559999465942383,1671.4000244140625,658.0
2012-03-07,106.16000366210938,2.302000045776367,1683.300048828125,643.75
2012-03-08,106.58000183105467,2.2720000743865967,1698.0999755859375,645.0
2012-03-09,107.4000015258789,2.3239998817443848,1710.9000244140625,654.0
2012-03-12,106.33999633789062,2.2690000534057617,1699.199951171875,671.5
2012-03-13,106.70999908447266,2.299000024795532,1693.699951171875,674.0
2012-03-14,105.43000030517578,2.2839999198913574,1642.5,669.5
2012-03-15,105.11000061035156,2.2790000438690186,1659.0999755859375,669.0
2012-03-16,107.05999755859376,2.325999975204468,1655.5,673.0
2012-03-19,108.08999633789062,2.3510000705718994,1666.9000244140625,663.5
2012-03-20,105.61000061035156,2.3350000381469727,1646.699951171875,647.5
2012-03-21,107.2699966430664,2.359999895095825,1650.0,642.0
2012-03-22,105.3499984741211,2.2690000534057617,1642.300048828125,644.5
2012-03-23,106.87000274658205,2.275000095367432,1662.300048828125,646.5
2012-03-26,107.02999877929688,2.2260000705718994,1685.5,637.75
2012-03-27,107.33000183105467,2.2079999446868896,1684.800048828125,630.75
2012-03-28,105.41000366210938,2.190999984741211,1657.9000244140625,620.25
2012-03-29,102.77999877929688,2.1489999294281006,1652.199951171875,604.0
2012-03-30,103.0199966430664,2.125999927520752,1669.300048828125,644.0
2012-04-02,105.2300033569336,2.1519999504089355,1677.5,655.0
2012-04-03,104.01000213623048,2.187000036239624,1670.0,658.25
2012-04-04,101.47000122070312,2.1410000324249268,1612.300048828125,656.75
2012-04-05,103.30999755859376,2.08899998664856,1628.5,658.25
2012-04-09,102.45999908447266,2.1070001125335693,1642.5,649.0
2012-04-10,101.0199966430664,2.0309998989105225,1659.5,634.75
2012-04-11,102.6999969482422,1.9839999675750728,1659.0,636.0
2012-04-12,103.63999938964844,1.9830000400543213,1679.5,637.5
2012-04-13,102.83000183105467,1.9809999465942385,1659.0999755859375,629.25
2012-04-16,102.93000030517578,2.0160000324249268,1648.699951171875,623.25
2012-04-17,104.1999969482422,1.950999975204468,1650.300048828125,616.75
2012-04-18,102.66999816894533,1.950999975204468,1638.800048828125,601.75
2012-04-19,102.2699966430664,1.906999945640564,1640.5999755859375,621.0
2012-04-20,103.0500030517578,1.9270000457763672,1642.0999755859375,612.5
2012-04-23,103.11000061035156,2.006999969482422,1631.9000244140625,622.5
2012-04-24,103.5500030517578,1.975000023841858,1643.0,618.25
2012-04-25,104.12000274658205,2.068000078201294,1641.4000244140625,611.0
2012-04-26,104.5500030517578,2.0360000133514404,1659.5999755859375,624.0
2012-04-27,104.93000030517578,2.186000108718872,1664.0,653.0
2012-04-30,104.87000274658205,2.2850000858306885,1663.4000244140625,660.25
2012-05-01,106.16000366210938,2.371000051498413,1661.699951171875,659.75
2012-05-02,105.22000122070312,2.253000020980835,1653.4000244140625,642.25
2012-05-03,102.54000091552734,2.3399999141693115,1634.199951171875,650.75
2012-05-04,98.48999786376952,2.2790000438690186,1644.699951171875,662.25
2012-05-07,97.94000244140624,2.3359999656677246,1638.5999755859375,665.0
2012-05-08,97.01000213623048,2.3929998874664307,1604.0,666.0
2012-05-09,96.80999755859376,2.4649999141693115,1593.699951171875,641.25
2012-05-10,97.08000183105467,2.486999988555908,1595.0999755859375,625.5
2012-05-11,96.12999725341795,2.509000062942505,1583.5999755859375,608.0
2012-05-14,94.77999877929688,2.430999994277954,1560.5999755859375,608.0
2012-05-15,93.9800033569336,2.5,1556.800048828125,597.25
2012-05-16,92.80999755859376,2.618000030517578,1536.199951171875,620.0
2012-05-17,92.55999755859376,2.594000101089477,1574.5,625.0
2012-05-18,91.4800033569336,2.742000102996826,1591.5999755859375,635.5
2012-05-21,92.56999969482422,2.608999967575073,1588.4000244140625,633.0
2012-05-22,91.66000366210938,2.7070000171661377,1576.300048828125,597.0
2012-05-23,89.9000015258789,2.736999988555908,1548.0999755859375,603.5
2012-05-24,90.66000366210938,2.6470000743865967,1557.300048828125,578.5
2012-05-25,90.86000061035156,2.568000078201294,1568.800048828125,578.5
2012-05-29,90.76000213623048,2.428999900817871,1548.5999755859375,562.5
2012-05-30,87.81999969482422,2.4179999828338623,1563.4000244140625,559.5
2012-05-31,86.52999877929688,2.421999931335449,1562.5999755859375,555.25
2012-06-01,83.2300033569336,2.325999975204468,1620.5,551.5
2012-06-04,83.9800033569336,2.414999961853028,1612.199951171875,568.0
2012-06-05,84.29000091552734,2.446000099182129,1615.199951171875,567.5
2012-06-06,85.0199966430664,2.4210000038146973,1632.800048828125,586.25
2012-06-07,84.81999969482422,2.2739999294281006,1586.5999755859375,594.0
2012-06-08,84.0999984741211,2.299000024795532,1590.0999755859375,598.0
2012-06-11,82.69999694824219,2.2179999351501465,1595.5,592.0
2012-06-12,83.31999969482422,2.2320001125335693,1612.699951171875,584.0
2012-06-13,82.62000274658203,2.184999942779541,1618.0999755859375,592.5
2012-06-14,83.91000366210938,2.494999885559082,1618.4000244140625,601.5
2012-06-15,84.02999877929688,2.4670000076293945,1627.0,579.5
2012-06-18,83.2699966430664,2.634999990463257,1625.699951171875,599.5
2012-06-19,84.02999877929688,2.5450000762939453,1622.199951171875,612.5
2012-06-20,81.80000305175781,2.5169999599456787,1614.800048828125,611.75
2012-06-21,78.19999694824219,2.5820000171661377,1564.5,586.5
2012-06-22,79.76000213623047,2.625,1566.0,591.0
2012-06-25,79.20999908447266,2.694000005722046,1587.5,631.0
2012-06-26,79.36000061035156,2.7669999599456787,1574.0,646.0
2012-06-27,80.20999908447266,2.7739999294281006,1577.5,649.5
2012-06-28,77.69000244140625,2.7219998836517334,1549.699951171875,652.0
2012-06-29,84.95999908447266,2.8239998817443848,1603.5,672.5
2012-07-02,83.75,2.8239998817443848,1597.199951171875,692.5
2012-07-03,87.66000366210938,2.8989999294281006,1621.300048828125,718.75
2012-07-05,87.22000122070312,2.944999933242798,1608.9000244140625,768.0
2012-07-06,84.44999694824219,2.776000022888184,1578.4000244140625,743.25
2012-07-09,85.98999786376953,2.882999897003174,1588.5999755859375,775.25
2012-07-10,83.91000366210938,2.736999988555908,1579.300048828125,761.0
2012-07-11,85.80999755859375,2.8529999256134038,1575.199951171875,750.75
2012-07-12,86.08000183105469,2.874000072479248,1564.9000244140625,771.25
2012-07-13,87.0999984741211,2.874000072479248,1591.5999755859375,755.75
2012-07-16,88.43000030517578,2.8010001182556152,1591.199951171875,776.75
2012-07-17,89.22000122070312,2.7960000038146973,1589.0999755859375,779.5
2012-07-18,89.87000274658203,2.9730000495910645,1570.4000244140625,795.0
2012-07-19,92.66000366210938,2.999000072479248,1580.0999755859375,807.75
2012-07-20,91.44000244140624,3.0810000896453857,1582.5,824.5
2012-07-23,88.13999938964844,3.117000102996826,1577.0999755859375,814.0
2012-07-24,88.5,3.187000036239624,1576.0,790.0
2012-07-25,88.97000122070312,3.069999933242798,1608.0,794.5
2012-07-26,89.38999938964844,3.1050000190734863,1615.0,781.25
2012-07-27,90.12999725341795,3.009999990463257,1617.9000244140625,798.5
2012-07-30,89.77999877929688,3.21399998664856,1619.699951171875,820.0
2012-07-31,88.05999755859375,3.2090001106262207,1610.5,806.5
2012-08-01,88.91000366210938,3.1710000038146973,1603.699951171875,800.5
2012-08-02,87.12999725341797,2.9200000762939453,1587.4000244140625,794.0
2012-08-03,91.4000015258789,2.877000093460083,1606.0,810.0
2012-08-06,92.1999969482422,2.907999992370605,1612.9000244140625,803.0
2012-08-07,93.66999816894533,2.96399998664856,1609.699951171875,796.0
2012-08-08,93.3499984741211,2.933000087738037,1612.9000244140625,810.75
2012-08-09,93.36000061035156,2.944999933242798,1617.0999755859375,818.25
2012-08-10,92.87000274658205,2.7699999809265137,1619.699951171875,800.0
2012-08-13,92.7300033569336,2.7290000915527344,1609.5999755859375,782.75
2012-08-14,93.43000030517578,2.8340001106262207,1599.4000244140625,779.75
2012-08-15,94.33000183105467,2.747999906539917,1603.699951171875,794.0
2012-08-16,95.5999984741211,2.7239999771118164,1616.0999755859375,797.75
2012-08-17,96.01000213623048,2.719000101089477,1616.300048828125,798.5
2012-08-20,95.97000122070312,2.776000022888184,1620.0999755859375,815.25
2012-08-21,96.68000030517578,2.775000095367432,1639.9000244140625,831.25
2012-08-22,97.26000213623048,2.825999975204468,1637.4000244140625,830.25
2012-08-23,96.2699966430664,2.802000045776367,1669.5999755859375,808.75
2012-08-24,96.1500015258789,2.70199990272522,1669.800048828125,802.25
2012-08-27,95.47000122070312,2.6530001163482666,1672.4000244140625,794.5
2012-08-28,96.33000183105467,2.614000082015991,1666.5,789.5
2012-08-29,95.48999786376952,2.634000062942505,1659.800048828125,810.25
2012-08-30,94.62000274658205,2.747999906539917,1653.5,811.5
2012-08-31,96.47000122070312,2.799000024795532,1684.5999755859375,802.75
2012-09-04,95.3000030517578,2.8540000915527344,1692.9000244140625,807.0
2012-09-05,95.36000061035156,2.7950000762939453,1690.800048828125,789.75
2012-09-06,95.52999877929688,2.776000022888184,1702.5999755859375,797.25
2012-09-07,96.41999816894533,2.681999921798706,1737.5,795.0
2012-09-10,96.54000091552734,2.812000036239624,1728.699951171875,781.0
2012-09-11,97.16999816894533,2.992000102996826,1731.800048828125,782.25
2012-09-12,97.01000213623048,3.062999963760376,1730.5999755859375,771.0
2012-09-13,98.30999755859376,3.0369999408721924,1769.0999755859375,776.75
2012-09-14,99.0,2.943000078201294,1769.800048828125,777.5
2012-09-17,96.62000274658205,2.865000009536743,1767.699951171875,748.0
2012-09-18,95.29000091552734,2.7730000019073486,1768.4000244140625,740.0
2012-09-19,91.9800033569336,2.76200008392334,1769.0,756.5
2012-09-20,91.87000274658205,2.796999931335449,1767.699951171875,746.0
2012-09-21,92.88999938964844,2.884999990463257,1775.5,748.25
2012-09-24,91.93000030517578,2.836999893188477,1762.0999755859375,744.75
2012-09-25,91.37000274658205,2.924000024795532,1763.800048828125,743.75
2012-09-26,89.9800033569336,3.0230000019073486,1750.5999755859375,724.75
2012-09-27,91.8499984741211,3.296999931335449,1777.5999755859375,716.25
2012-09-28,92.19000244140624,3.319999933242798,1771.0999755859375,756.25
2012-10-01,92.4800033569336,3.4800000190734863,1780.5,756.75
2012-10-02,91.88999938964844,3.5309998989105225,1772.699951171875,758.25
2012-10-03,88.13999938964844,3.3949999809265137,1777.300048828125,756.75
2012-10-04,91.70999908447266,3.4059998989105225,1794.0999755859375,757.0
2012-10-05,89.87999725341797,3.3959999084472656,1778.5999755859375,748.0
2012-10-08,89.33000183105469,3.4030001163482666,1773.5,742.0
2012-10-09,92.38999938964844,3.4670000076293945,1763.0,742.0
2012-10-10,91.25,3.4749999046325684,1763.199951171875,736.75
2012-10-11,92.06999969482422,3.6040000915527344,1768.800048828125,773.25
2012-10-12,91.86000061035156,3.611000061035156,1758.0,752.75
2012-10-15,91.8499984741211,3.486000061035156,1736.0,737.25
2012-10-16,92.08999633789062,3.437000036239624,1744.699951171875,738.25
2012-10-17,92.12000274658205,3.470000028610229,1751.5,745.5
2012-10-18,92.0999984741211,3.586999893188477,1743.300048828125,760.75
2012-10-19,90.05000305175781,3.617000102996826,1722.800048828125,761.5
2012-10-22,88.7300033569336,3.45199990272522,1725.0999755859375,761.25
2012-10-23,86.66999816894531,3.5350000858306885,1708.300048828125,756.0
2012-10-24,85.7300033569336,3.450000047683716,1700.5,754.5
2012-10-25,86.05000305175781,3.434000015258789,1712.0,742.0
2012-10-26,86.27999877929688,3.400000095367432,1710.9000244140625,737.75
2012-10-31,86.23999786376953,3.691999912261963,1717.5,755.75
2012-11-01,87.08999633789062,3.6989998817443848,1714.0999755859375,751.0
2012-11-02,84.86000061035156,3.553999900817871,1674.0999755859375,739.5
2012-11-05,85.6500015258789,3.553999900817871,1682.199951171875,735.5
2012-11-06,88.70999908447266,3.617000102996826,1714.0999755859375,741.0
2012-11-07,84.44000244140625,3.578000068664551,1713.199951171875,744.25
2012-11-08,85.08999633789062,3.608000040054321,1725.4000244140625,741.25
2012-11-09,86.06999969482422,3.503000020980835,1730.300048828125,738.75
2012-11-12,85.56999969482422,3.569999933242798,1730.300048828125,718.0
2012-11-13,85.37999725341797,3.739000082015991,1724.199951171875,723.5
2012-11-14,86.31999969482422,3.759999990463257,1729.5,725.75
2012-11-15,85.44999694824219,3.703000068664551,1713.300048828125,721.25
2012-11-16,86.66999816894531,3.7899999618530273,1714.300048828125,727.0
2012-11-19,89.27999877929688,3.7190001010894775,1734.0,738.75
2012-11-20,86.75,3.8320000171661377,1723.199951171875,743.25
2012-11-21,87.37999725341797,3.9030001163482666,1727.9000244140625,741.0
2012-11-23,88.27999877929688,3.901000022888184,1751.300048828125,745.5
2012-11-26,87.73999786376953,3.7300000190734863,1749.5,747.25
2012-11-27,87.18000030517578,3.7690000534057617,1742.199951171875,760.0
2012-11-28,86.48999786376953,3.696000099182129,1716.5,760.25
2012-11-29,88.06999969482422,3.6480000019073486,1727.199951171875,751.5
2012-11-30,88.91000366210938,3.561000108718872,1710.9000244140625,748.0
2012-12-03,89.08999633789062,3.5910000801086426,1719.5999755859375,749.0
2012-12-04,88.5,3.5390000343322754,1694.4000244140625,746.5
2012-12-05,87.87999725341797,3.700000047683716,1692.4000244140625,753.25
2012-12-06,86.26000213623047,3.6659998893737793,1700.300048828125,747.75
2012-12-07,85.93000030517578,3.5510001182556152,1704.0,732.75
2012-12-10,85.55999755859375,3.4600000381469727,1713.0,726.75
2012-12-11,85.79000091552734,3.4119999408721924,1708.199951171875,724.25
2012-12-12,86.7699966430664,3.381999969482422,1716.5999755859375,721.0
2012-12-13,85.88999938964844,3.3469998836517334,1695.5999755859375,712.25
2012-12-14,86.7300033569336,3.313999891281128,1695.800048828125,718.75
2012-12-17,87.19999694824219,3.3580000400543213,1697.0,724.0
2012-12-18,87.93000030517578,3.4179999828338623,1669.5,720.0
2012-12-19,89.51000213623047,3.319999933242798,1666.5,703.0
2012-12-20,90.12999725341795,3.461999893188477,1644.9000244140625,696.5
2012-12-21,88.66000366210938,3.450999975204468,1659.0999755859375,702.0
2012-12-24,88.61000061035156,3.345999956130981,1658.5999755859375,704.25
2012-12-26,90.9800033569336,3.3919999599456787,1659.800048828125,693.25
2012-12-27,90.87000274658205,3.3540000915527344,1662.5999755859375,691.5
2012-12-28,90.8000030517578,3.469000101089477,1654.9000244140625,694.0
2012-12-31,91.81999969482422,3.3510000705718994,1674.800048828125,698.25
2013-01-02,93.12000274658205,3.2330000400543213,1687.9000244140625,690.75
2013-01-03,92.91999816894533,3.197999954223633,1673.699951171875,689.25
2013-01-04,93.08999633789062,3.2869999408721924,1648.0999755859375,680.25
2013-01-07,93.19000244140624,3.2660000324249268,1645.5,685.5
2013-01-08,93.1500015258789,3.2179999351501465,1661.5,688.75
2013-01-09,93.0999984741211,3.11299991607666,1654.800048828125,694.25
2013-01-10,93.81999969482422,3.193000078201294,1677.300048828125,698.75
2013-01-11,93.55999755859376,3.32699990272522,1660.0,708.75
2013-01-14,94.13999938964844,3.372999906539917,1668.9000244140625,724.0
2013-01-15,93.27999877929688,3.4549999237060547,1683.4000244140625,730.5
2013-01-16,94.23999786376952,3.434999942779541,1682.699951171875,731.25
2013-01-17,95.48999786376952,3.49399995803833,1690.4000244140625,724.5
2013-01-18,95.55999755859376,3.565999984741211,1686.5999755859375,727.5
2013-01-22,96.23999786376952,3.558000087738037,1692.800048828125,728.5
2013-01-23,95.2300033569336,3.553999900817871,1686.300048828125,720.75
2013-01-24,95.9499969482422,3.446000099182129,1669.5,724.25
2013-01-25,95.87999725341795,3.444000005722046,1656.4000244140625,720.75
2013-01-28,96.44000244140624,3.2890000343322754,1652.4000244140625,729.25
2013-01-29,97.56999969482422,3.2260000705718994,1660.699951171875,729.5
2013-01-30,97.94000244140624,3.3350000381469727,1679.9000244140625,740.25
2013-01-31,97.48999786376952,3.33899998664856,1660.5999755859375,740.5
2013-02-01,97.7699966430664,3.3010001182556152,1669.4000244140625,736.0
2013-02-04,96.16999816894533,3.315000057220459,1675.300048828125,734.25
2013-02-05,96.63999938964844,3.3989999294281006,1672.4000244140625,729.0
2013-02-06,96.62000274658205,3.4179999828338623,1677.699951171875,722.5
2013-02-07,95.83000183105467,3.2850000858306885,1670.4000244140625,710.75
2013-02-08,95.72000122070312,3.2720000743865967,1666.0,709.0
2013-02-11,97.02999877929688,3.2790000438690186,1648.199951171875,702.25
2013-02-12,97.51000213623048,3.2300000190734863,1648.699951171875,696.25
2013-02-13,97.01000213623048,3.305999994277954,1644.199951171875,695.5
2013-02-14,97.30999755859376,3.1630001068115234,1634.699951171875,694.75
2013-02-15,95.86000061035156,3.1530001163482666,1608.800048828125,698.75
2013-02-19,96.66000366210938,3.2720000743865967,1603.5999755859375,695.25
2013-02-20,94.45999908447266,3.2790000438690186,1577.5999755859375,700.5
2013-02-21,92.83999633789062,3.246000051498413,1578.199951171875,690.75
2013-02-22,93.12999725341795,3.2909998893737797,1572.4000244140625,690.25
2013-02-25,93.11000061035156,3.4140000343322754,1586.199951171875,693.5
2013-02-26,92.62999725341795,3.427000045776367,1615.199951171875,705.0
2013-02-27,92.76000213623048,3.434000015258789,1595.199951171875,709.5
2013-02-28,92.0500030517578,3.486000061035156,1577.699951171875,719.5
2013-03-01,90.68000030517578,3.4560000896453857,1571.9000244140625,724.25
2013-03-04,90.12000274658205,3.5290000438690186,1572.0999755859375,723.0
2013-03-05,90.81999969482422,3.5290000438690186,1574.5999755859375,732.0
2013-03-06,90.43000030517578,3.470000028610229,1574.5999755859375,708.0
2013-03-07,91.55999755859376,3.5820000171661377,1574.800048828125,711.5
2013-03-08,91.9499969482422,3.628999948501587,1576.5999755859375,725.25
2013-03-11,92.05999755859376,3.6489999294281006,1577.800048828125,734.5
2013-03-12,92.54000091552734,3.6449999809265137,1591.5,741.0
2013-03-13,92.5199966430664,3.680000066757202,1588.300048828125,741.25
2013-03-14,93.02999877929688,3.812000036239624,1590.5999755859375,732.75
2013-03-15,93.4499969482422,3.871999979019165,1592.5,717.0
2013-03-18,93.73999786376952,3.881999969482422,1604.5999755859375,720.0
2013-03-19,92.16000366210938,3.9690001010894775,1611.300048828125,728.5
2013-03-20,92.95999908447266,3.9600000381469727,1607.5,732.5
2013-03-21,92.4499969482422,3.934999942779541,1613.800048828125,733.0
2013-03-22,93.70999908447266,3.927000045776367,1606.199951171875,726.25
2013-03-25,94.80999755859376,3.865000009536743,1604.5999755859375,733.25
2013-03-26,96.33999633789062,3.9760000705718994,1595.800048828125,730.25
2013-03-27,96.58000183105467,4.067999839782715,1606.199951171875,735.25
2013-03-28,97.2300033569336,4.02400016784668,1594.800048828125,695.25
2013-04-01,97.06999969482422,4.014999866485596,1600.0,642.25
2013-04-02,97.19000244140624,3.9690001010894775,1575.0999755859375,640.5
2013-04-03,94.4499969482422,3.900000095367432,1552.800048828125,641.5
2013-04-04,93.26000213623048,3.947000026702881,1551.800048828125,630.0
2013-04-05,92.6999969482422,4.125,1575.4000244140625,629.0
2013-04-08,93.36000061035156,4.081999778747559,1572.0,633.5
2013-04-09,94.1999969482422,4.017000198364258,1586.199951171875,644.25
2013-04-10,94.63999938964844,4.085000038146973,1558.300048828125,649.0
2013-04-11,93.51000213623048,4.138999938964844,1564.300048828125,651.25
2013-04-12,91.29000091552734,4.2220001220703125,1501.0,658.5
2013-04-15,88.70999908447266,4.13700008392334,1360.5999755859375,646.75
2013-04-16,88.72000122070312,4.159999847412109,1386.800048828125,663.25
2013-04-17,86.68000030517578,4.214000225067139,1382.199951171875,660.5
2013-04-18,87.7300033569336,4.401000022888184,1392.0,644.5
2013-04-19,88.01000213623047,4.4079999923706055,1395.300048828125,652.0
2013-04-22,88.76000213623047,4.267000198364258,1421.0,645.75
2013-04-23,89.18000030517578,4.23799991607666,1408.5999755859375,638.5
2013-04-24,91.43000030517578,4.165999889373779,1423.4000244140625,639.5
2013-04-25,93.63999938964844,4.166999816894531,1461.800048828125,645.25
2013-04-26,93.0,4.151000022888184,1453.5999755859375,644.0
2013-04-29,94.5,4.392000198364258,1467.4000244140625,684.0
2013-04-30,93.45999908447266,4.3429999351501465,1472.199951171875,683.25
2013-05-01,91.02999877929688,4.326000213623047,1446.300048828125,681.75
2013-05-02,93.98999786376952,4.025000095367432,1467.699951171875,697.5
2013-05-03,95.61000061035156,4.040999889373779,1464.300048828125,699.5
2013-05-06,96.16000366210938,4.011000156402588,1468.0999755859375,678.75
2013-05-07,95.62000274658205,3.920000076293945,1449.0,676.5
2013-05-08,96.62000274658205,3.9779999256134033,1473.9000244140625,675.0
2013-05-09,96.38999938964844,3.983000040054321,1468.800048828125,694.5
2013-05-10,96.04000091552734,3.910000085830689,1436.800048828125,687.75
2013-05-13,95.16999816894533,3.924999952316284,1434.5,718.0
2013-05-14,94.20999908447266,4.02400016784668,1424.699951171875,706.75
2013-05-15,94.3000030517578,4.070000171661377,1396.5,650.75
2013-05-16,95.16000366210938,3.931999921798706,1387.0999755859375,641.5
2013-05-17,96.0199966430664,4.054999828338623,1364.9000244140625,652.75
2013-05-20,96.70999908447266,4.090000152587891,1384.300048828125,649.5
2013-05-21,96.16000366210938,4.191999912261963,1377.800048828125,640.0
2013-05-22,94.27999877929688,4.185999870300293,1367.5999755859375,658.5
2013-05-23,94.25,4.261000156402588,1392.0,662.0
2013-05-24,94.1500015258789,4.236999988555908,1386.800048828125,657.25
2013-05-28,95.01000213623048,4.173999786376953,1379.0999755859375,666.5
2013-05-29,93.12999725341795,4.1479997634887695,1391.300048828125,665.0
2013-05-30,93.61000061035156,4.0229997634887695,1411.5,654.25
2013-05-31,91.97000122070312,3.983999967575073,1392.5999755859375,662.0
2013-06-03,93.4499969482422,3.990999937057495,1411.699951171875,655.75
2013-06-04,93.30999755859376,3.997999906539917,1397.0999755859375,660.5
2013-06-05,93.73999786376952,4.000999927520752,1398.4000244140625,660.75
2013-06-06,94.76000213623048,3.82699990272522,1415.699951171875,663.25
2013-06-07,96.02999877929688,3.828000068664551,1383.0,666.25
2013-06-10,95.7699966430664,3.799999952316284,1386.199951171875,650.0
2013-06-11,95.37999725341795,3.723999977111816,1377.0,659.5
2013-06-12,95.87999725341795,3.776999950408936,1391.800048828125,650.75
2013-06-13,96.69000244140624,3.813999891281128,1377.5999755859375,643.5
2013-06-14,97.8499984741211,3.733000040054321,1387.300048828125,655.0
2013-06-17,97.7699966430664,3.875,1382.800048828125,668.5
2013-06-18,98.44000244140624,3.9049999713897705,1366.5999755859375,673.25
2013-06-19,98.23999786376952,3.963000059127808,1373.5999755859375,682.25
2013-06-20,95.4000015258789,3.877000093460083,1285.9000244140625,673.25
2013-06-21,93.69000244140624,3.7709999084472656,1291.5999755859375,661.75
2013-06-24,95.18000030517578,3.739000082015991,1276.800048828125,653.25
2013-06-25,95.31999969482422,3.6470000743865967,1274.800048828125,656.75
2013-06-26,95.5,3.7070000171661377,1229.5999755859375,664.5
2013-06-27,97.0500030517578,3.5820000171661377,1211.4000244140625,667.25
2013-06-28,96.55999755859376,3.565000057220459,1223.800048828125,679.25
2013-07-01,97.98999786376952,3.57699990272522,1255.9000244140625,655.5
2013-07-02,99.5999984741211,3.6540000438690186,1243.5999755859375,672.75
2013-07-03,101.23999786376952,3.690000057220459,1252.0999755859375,678.25
2013-07-05,103.22000122070312,3.617000102996826,1212.9000244140625,684.75
2013-07-08,103.13999938964844,3.740999937057495,1234.9000244140625,691.75
2013-07-09,103.52999877929688,3.6570000648498535,1245.9000244140625,704.0
2013-07-10,106.5199966430664,3.680000066757202,1247.4000244140625,709.75
2013-07-11,104.91000366210938,3.61299991607666,1280.0999755859375,716.75
2013-07-12,105.9499969482422,3.6440000534057617,1277.800048828125,701.5
2013-07-15,106.31999969482422,3.674000024795532,1283.800048828125,536.25
2013-07-16,106.0,3.677000045776367,1290.800048828125,545.25
2013-07-17,106.4800033569336,3.628999948501587,1277.9000244140625,538.5
2013-07-18,108.04000091552734,3.812000036239624,1284.5999755859375,541.0
2013-07-19,108.0500030517578,3.7890000343322754,1293.300048828125,544.0
2013-07-22,106.91000366210938,3.677000045776367,1336.4000244140625,540.75
2013-07-23,107.2300033569336,3.743000030517578,1335.0999755859375,522.5
2013-07-24,105.38999938964844,3.697999954223633,1319.699951171875,508.25
2013-07-25,105.48999786376952,3.6440000534057617,1329.0,496.0
2013-07-26,104.6999969482422,3.555000066757202,1321.699951171875,492.0
2013-07-29,104.5500030517578,3.4590001106262207,1328.4000244140625,489.25
2013-07-30,103.08000183105467,3.431999921798706,1324.0,495.5
2013-07-31,105.02999877929688,3.446000099182129,1312.4000244140625,499.0
2013-08-01,107.88999938964844,3.38700008392334,1311.0,487.5
2013-08-02,106.94000244140624,3.3469998836517334,1310.5999755859375,476.0
2013-08-05,106.55999755859376,3.319000005722046,1302.5999755859375,469.25
2013-08-06,105.3000030517578,3.318000078201294,1283.199951171875,472.25
2013-08-07,104.37000274658205,3.246999979019165,1286.0999755859375,468.25
2013-08-08,103.4000015258789,3.296999931335449,1310.699951171875,473.5
2013-08-09,105.97000122070312,3.2300000190734863,1312.9000244140625,465.75
2013-08-12,106.11000061035156,3.309999942779541,1334.699951171875,472.0
2013-08-13,106.83000183105467,3.2850000858306885,1321.199951171875,455.25
2013-08-14,106.8499984741211,3.3420000076293945,1334.0,464.75
2013-08-15,107.33000183105467,3.4189999103546143,1361.5999755859375,481.5
2013-08-16,107.45999908447266,3.368000030517578,1371.699951171875,473.75
2013-08-19,107.0999984741211,3.463000059127808,1366.199951171875,493.25
2013-08-20,104.97000122070312,3.444000005722046,1373.0999755859375,483.75
2013-08-21,103.8499984741211,3.4600000381469727,1370.5999755859375,498.0
2013-08-22,105.02999877929688,3.5450000762939453,1371.199951171875,487.5
2013-08-23,106.41999816894533,3.484999895095825,1395.699951171875,495.5
2013-08-26,105.91999816894533,3.513000011444092,1393.0,515.75
2013-08-27,109.01000213623048,3.5339999198913574,1420.5999755859375,499.75
2013-08-28,110.0999984741211,3.565999984741211,1419.0,504.25
2013-08-29,108.8000030517578,3.618000030517578,1412.9000244140625,497.25
2013-08-30,107.6500015258789,3.5810000896453857,1396.0999755859375,495.0
2013-09-03,108.54000091552734,3.6659998893737793,1412.0,498.0
2013-09-04,107.2300033569336,3.683000087738037,1389.9000244140625,494.0
2013-09-05,108.37000274658205,3.575000047683716,1373.0999755859375,489.5
2013-09-06,110.52999877929688,3.5299999713897705,1386.699951171875,491.5
2013-09-09,109.5199966430664,3.6050000190734863,1386.800048828125,477.25
2013-09-10,107.38999938964844,3.5840001106262207,1364.0999755859375,474.75
2013-09-11,107.55999755859376,3.566999912261963,1363.9000244140625,479.75
2013-09-12,108.5999984741211,3.638000011444092,1330.4000244140625,479.0
2013-09-13,108.20999908447266,3.677000045776367,1308.4000244140625,450.0
2013-09-16,106.58999633789062,3.73799991607666,1317.9000244140625,456.5
2013-09-17,105.41999816894533,3.744999885559082,1309.5,454.0
2013-09-18,108.06999969482422,3.713000059127808,1307.800048828125,456.25
2013-09-19,106.38999938964844,3.7200000286102295,1369.4000244140625,459.5
2013-09-20,104.68000030517578,3.687000036239624,1332.5,451.0
2013-09-23,103.58999633789062,3.601999998092652,1326.9000244140625,453.25
2013-09-24,103.12999725341795,3.492000102996826,1316.0,448.75
2013-09-25,102.66000366210938,3.493000030517578,1335.9000244140625,454.75
2013-09-26,103.02999877929688,3.497999906539917,1323.5999755859375,456.75
2013-09-27,102.87000274658205,3.58899998664856,1338.4000244140625,454.0
2013-09-30,102.33000183105467,3.559999942779541,1326.5,441.5
2013-10-01,102.04000091552734,3.608999967575073,1286.0,439.0
2013-10-02,104.0999984741211,3.5420000553131104,1320.5999755859375,439.0
2013-10-03,103.30999755859376,3.499000072479248,1317.4000244140625,439.25
2013-10-04,103.83999633789062,3.50600004196167,1309.699951171875,443.25
2013-10-07,103.02999877929688,3.628999948501587,1324.800048828125,449.25
2013-10-08,103.48999786376952,3.7160000801086426,1324.199951171875,441.75
2013-10-09,101.61000061035156,3.678999900817871,1306.9000244140625,443.5
2013-10-10,103.01000213623048,3.723000049591065,1296.5999755859375,438.25
2013-10-11,102.0199966430664,3.776000022888184,1268.0,433.25
2013-10-14,102.41000366210938,3.819999933242798,1276.4000244140625,437.0
2013-10-15,101.20999908447266,3.7899999618530273,1273.0,443.5
2013-10-16,102.29000091552734,3.7690000534057617,1282.0,442.75
2013-10-17,100.66999816894533,3.756999969482422,1322.699951171875,443.0
2013-10-18,100.80999755859376,3.763999938964844,1314.4000244140625,441.5
2013-10-21,99.22000122070312,3.6679999828338623,1315.699951171875,444.0
2013-10-22,97.8000030517578,3.5810000896453857,1342.5,438.25
2013-10-23,96.86000061035156,3.61899995803833,1333.9000244140625,442.75
2013-10-24,97.11000061035156,3.628999948501587,1350.199951171875,440.25
2013-10-25,97.8499984741211,3.7070000171661377,1352.4000244140625,440.0
2013-10-28,98.68000030517578,3.569000005722046,1352.0,430.75
2013-10-29,98.1999969482422,3.496999979019165,1345.199951171875,432.0
2013-10-30,96.7699966430664,3.619999885559082,1349.0,430.25
2013-10-31,96.37999725341795,3.5810000896453857,1323.5999755859375,428.25
2013-11-01,94.61000061035156,3.513000011444092,1313.0999755859375,427.25
2013-11-04,94.62000274658205,3.444999933242798,1314.5999755859375,426.25
2013-11-05,93.37000274658205,3.4660000801086426,1308.0,425.0
2013-11-06,94.8000030517578,3.497999906539917,1317.699951171875,421.25
2013-11-07,94.1999969482422,3.5190000534057617,1308.4000244140625,420.5
2013-11-08,94.5999984741211,3.559000015258789,1284.5,426.75
2013-11-11,95.13999938964844,3.5739998817443848,1281.0,434.75
2013-11-12,93.04000091552734,3.617000102996826,1271.0999755859375,432.25
2013-11-13,93.87999725341795,3.565999984741211,1268.300048828125,429.75
2013-11-14,93.76000213623048,3.6050000190734863,1286.199951171875,426.5
2013-11-15,93.83999633789062,3.660000085830689,1287.300048828125,422.0
2013-11-18,93.02999877929688,3.617000102996826,1272.199951171875,412.0
2013-11-19,93.33999633789062,3.555999994277954,1273.4000244140625,417.75
2013-11-20,93.33000183105467,3.674000024795532,1257.9000244140625,417.0
2013-11-21,95.44000244140624,3.70199990272522,1243.5,423.0
2013-11-22,94.83999633789062,3.767999887466431,1244.0,422.25
2013-11-25,94.08999633789062,3.7890000343322754,1241.0999755859375,424.75
2013-11-26,93.68000030517578,3.818000078201294,1241.4000244140625,418.5
2013-11-27,92.3000030517578,3.8949999809265137,1237.800048828125,417.25
2013-11-29,92.72000122070312,3.953999996185303,1250.5999755859375,415.25
2013-12-02,93.81999969482422,3.98799991607666,1222.300048828125,416.5
2013-12-03,96.04000091552734,3.9760000705718994,1221.699951171875,422.0
2013-12-04,97.1999969482422,3.9600000381469727,1248.199951171875,425.5
2013-12-05,97.37999725341795,4.131999969482422,1233.199951171875,422.75
2013-12-06,97.6500015258789,4.113999843597412,1230.300048828125,424.0
2013-12-09,97.33999633789062,4.23199987411499,1235.300048828125,428.5
2013-12-10,98.51000213623048,4.236999988555908,1262.4000244140625,427.5
2013-12-11,97.44000244140624,4.336999893188477,1258.5,431.25
2013-12-12,97.5,4.408999919891357,1226.0,428.25
2013-12-13,96.5999984741211,4.35099983215332,1235.699951171875,420.5
2013-12-16,97.4800033569336,4.27899980545044,1245.5,423.25
2013-12-17,97.22000122070312,4.287000179290772,1231.199951171875,426.75
2013-12-18,97.8000030517578,4.250999927520752,1236.0999755859375,425.0
2013-12-19,98.7699966430664,4.460000038146973,1195.0,430.5
2013-12-20,99.31999969482422,4.418000221252441,1205.0999755859375,433.25
2013-12-23,98.91000366210938,4.4629998207092285,1198.4000244140625,434.25
2013-12-24,99.22000122070312,4.415999889373779,1205.0999755859375,434.5
2013-12-26,99.5500030517578,4.433000087738037,1214.0999755859375,426.25
2013-12-27,100.31999969482422,4.4070000648498535,1216.0999755859375,427.5
2013-12-30,99.29000091552734,4.427000045776367,1203.0999755859375,423.5
2013-12-31,98.41999816894533,4.230000019073486,1201.9000244140625,422.0
2014-01-02,95.44000244140624,4.321000099182129,1225.0,420.5
2014-01-03,93.95999908447266,4.303999900817871,1238.4000244140625,423.5
2014-01-06,93.43000030517578,4.306000232696533,1237.800048828125,427.75
2014-01-07,93.66999816894533,4.298999786376953,1229.4000244140625,426.0
2014-01-08,92.33000183105467,4.216000080108643,1225.300048828125,417.0
2014-01-09,91.66000366210938,4.005000114440918,1229.300048828125,412.0
2014-01-10,92.72000122070312,4.052999973297119,1246.699951171875,432.75
2014-01-13,91.8000030517578,4.27400016784668,1250.9000244140625,434.5
2014-01-14,92.58999633789062,4.36899995803833,1245.199951171875,431.5
2014-01-15,94.16999816894533,4.324999809265137,1238.0999755859375,425.75
2014-01-16,93.95999908447266,4.381999969482422,1240.0,428.0
2014-01-17,94.37000274658205,4.326000213623047,1251.699951171875,424.0
2014-01-21,94.98999786376952,4.431000232696533,1242.300048828125,425.0
2014-01-22,96.7300033569336,4.689000129699707,1239.0,426.25
2014-01-23,97.31999969482422,4.730000019073486,1262.5999755859375,429.0
2014-01-24,96.63999938964844,5.182000160217285,1264.5,429.5
2014-01-27,95.72000122070312,4.8470001220703125,1263.5999755859375,431.75
2014-01-28,97.41000366210938,5.0329999923706055,1251.0,432.0
2014-01-29,97.36000061035156,5.557000160217285,1262.199951171875,427.5
2014-01-30,98.2300033569336,5.011000156402588,1242.199951171875,433.5
2014-01-31,97.48999786376952,4.942999839782715,1240.0999755859375,434.0
2014-02-03,96.43000030517578,4.90500020980835,1260.4000244140625,435.75
2014-02-04,97.19000244140624,5.375,1251.699951171875,441.75
2014-02-05,97.37999725341795,5.03000020980835,1257.300048828125,443.25
2014-02-06,97.83999633789062,4.931000232696533,1257.5999755859375,443.0
2014-02-07,99.87999725341795,4.775000095367432,1263.300048828125,444.25
2014-02-10,100.05999755859376,4.578999996185303,1274.800048828125,443.0
2014-02-11,99.94000244140624,4.823999881744385,1290.0999755859375,441.5
2014-02-12,100.37000274658205,4.822000026702881,1295.300048828125,440.0
2014-02-13,100.3499984741211,5.2230000495910645,1300.4000244140625,440.5
2014-02-14,100.3000030517578,5.214000225067139,1319.0,445.25
2014-02-18,102.43000030517578,5.551000118255615,1324.699951171875,449.5
2014-02-19,103.30999755859376,6.14900016784668,1320.5999755859375,453.75
2014-02-20,102.91999816894533,6.064000129699707,1317.0999755859375,455.75
2014-02-21,102.1999969482422,6.135000228881836,1323.9000244140625,453.0
2014-02-24,102.81999969482422,5.445000171661377,1338.300048828125,451.5
2014-02-25,101.83000183105467,5.0960001945495605,1343.0,455.75
2014-02-26,102.58999633789062,4.855000019073486,1328.199951171875,455.5
2014-02-27,102.4000015258789,4.511000156402588,1331.5999755859375,448.0
2014-02-28,102.58999633789062,4.609000205993652,1321.4000244140625,457.5
2014-03-03,104.91999816894533,4.492000102996826,1350.0999755859375,464.0
2014-03-04,103.33000183105467,4.666999816894531,1337.800048828125,476.75
2014-03-05,101.4499969482422,4.5229997634887695,1340.199951171875,475.25
2014-03-06,101.55999755859376,4.662000179290772,1351.699951171875,485.75
2014-03-07,102.58000183105467,4.618000030517578,1338.0999755859375,481.0
2014-03-10,101.12000274658205,4.651000022888184,1341.4000244140625,472.0
2014-03-11,100.02999877929688,4.605000019073486,1346.5,478.0
2014-03-12,97.98999786376952,4.489999771118164,1370.300048828125,484.25
2014-03-13,98.1999969482422,4.382999897003174,1372.199951171875,484.25
2014-03-14,98.88999938964844,4.425000190734863,1379.0,472.25
2014-03-17,98.08000183105467,4.535999774932861,1372.9000244140625,479.0
2014-03-18,99.6999969482422,4.455999851226807,1359.0,486.25
2014-03-19,100.37000274658205,4.484000205993652,1341.4000244140625,487.75
2014-03-20,99.43000030517578,4.36899995803833,1330.5,478.5
2014-03-21,99.45999908447266,4.313000202178955,1336.0,479.0
2014-03-24,99.5999984741211,4.276000022888184,1311.199951171875,490.0
2014-03-25,99.19000244140624,4.410999774932861,1311.4000244140625,486.5
2014-03-26,100.26000213623048,4.401999950408936,1303.4000244140625,484.5
2014-03-27,101.27999877929688,4.584000110626221,1294.699951171875,492.0
2014-03-28,101.66999816894533,4.485000133514404,1293.800048828125,492.0
2014-03-31,101.58000183105467,4.370999813079834,1283.4000244140625,502.0
2014-04-01,99.73999786376952,4.276000022888184,1279.5999755859375,507.5
2014-04-02,99.62000274658205,4.363999843597412,1290.5,495.75
2014-04-03,100.29000091552734,4.46999979019165,1284.4000244140625,500.0
2014-04-04,101.13999938964844,4.439000129699707,1303.199951171875,501.75
2014-04-07,100.44000244140624,4.47599983215332,1298.0,499.25
2014-04-08,102.55999755859376,4.533999919891357,1308.699951171875,507.0
2014-04-09,103.5999984741211,4.585999965667725,1305.5,502.25
2014-04-10,103.4000015258789,4.65500020980835,1320.0999755859375,501.25
2014-04-11,103.73999786376952,4.619999885559082,1318.699951171875,498.5
2014-04-14,104.0500030517578,4.559999942779541,1327.199951171875,503.0
2014-04-15,103.75,4.566999912261963,1300.0,503.75
2014-04-16,103.76000213623048,4.53000020980835,1303.0999755859375,497.5
2014-04-17,104.3000030517578,4.741000175476074,1293.4000244140625,494.75
2014-04-21,104.37000274658205,4.697000026702881,1288.0,488.5
2014-04-22,102.12999725341795,4.738999843597412,1280.5999755859375,496.25
2014-04-23,101.44000244140624,4.730000019073486,1284.199951171875,503.5
2014-04-24,101.94000244140624,4.704999923706055,1290.5,501.25
2014-04-25,100.5999984741211,4.646999835968018,1300.699951171875,507.0
2014-04-28,100.83999633789062,4.795000076293945,1298.9000244140625,507.75
2014-04-29,101.27999877929688,4.830999851226807,1296.0,515.75
2014-04-30,99.73999786376952,4.815000057220459,1295.5999755859375,514.0
2014-05-01,99.41999816894533,4.718999862670898,1283.0999755859375,503.25
2014-05-02,99.76000213623048,4.673999786376953,1302.5999755859375,494.0
2014-05-05,99.4800033569336,4.688000202178955,1309.0,503.25
2014-05-06,99.5,4.798999786376953,1308.300048828125,513.0
2014-05-07,100.7699966430664,4.739999771118164,1288.5999755859375,510.25
2014-05-08,100.26000213623048,4.572000026702881,1287.4000244140625,513.25
2014-05-09,99.98999786376952,4.531000137329102,1287.300048828125,505.0
2014-05-12,100.58999633789062,4.434000015258789,1295.5999755859375,497.5
2014-05-13,101.6999969482422,4.357999801635742,1294.5999755859375,503.25
2014-05-14,102.37000274658205,4.367000102996826,1305.699951171875,494.75
2014-05-15,101.5,4.468999862670898,1293.5,484.25
2014-05-16,102.0199966430664,4.413000106811523,1293.300048828125,483.5
2014-05-19,102.61000061035156,4.46999979019165,1293.699951171875,477.25
2014-05-20,102.44000244140624,4.552000045776367,1294.5,473.5
2014-05-21,104.06999969482422,4.4730000495910645,1288.0,474.5
2014-05-22,103.73999786376952,4.359000205993652,1294.9000244140625,476.75
2014-05-23,104.3499984741211,4.40500020980835,1291.5999755859375,478.0
2014-05-27,104.11000061035156,4.505000114440918,1265.4000244140625,469.75
2014-05-28,102.72000122070312,4.61899995803833,1259.300048828125,472.5
2014-05-29,103.58000183105467,4.559000015258789,1256.300048828125,469.5
2014-05-30,102.70999908447266,4.541999816894531,1245.5999755859375,465.75
2014-06-02,102.47000122070312,4.611999988555908,1243.699951171875,465.5
2014-06-03,102.66000366210938,4.629000186920166,1244.300048828125,458.25
2014-06-04,102.63999938964844,4.639999866485596,1244.0,456.25
2014-06-05,102.4800033569336,4.701000213623047,1253.0,449.0
2014-06-06,102.66000366210938,4.710000038146973,1252.0999755859375,459.0
2014-06-09,104.41000366210938,4.644999980926514,1253.5,451.0
2014-06-10,104.3499984741211,4.53000020980835,1259.800048828125,445.5
2014-06-11,104.4000015258789,4.507999897003174,1260.800048828125,441.0
2014-06-12,106.52999877929688,4.76200008392334,1273.5999755859375,444.0
2014-06-13,106.91000366210938,4.738999843597412,1273.699951171875,447.0
2014-06-16,106.9000015258789,4.706999778747559,1274.9000244140625,441.0
2014-06-17,106.36000061035156,4.709000110626221,1271.699951171875,438.75
2014-06-18,105.97000122070312,4.658999919891357,1272.4000244140625,441.5
2014-06-19,106.43000030517578,4.584000110626221,1313.699951171875,450.5
2014-06-20,107.26000213623048,4.531000137329102,1316.199951171875,453.25
2014-06-23,106.16999816894533,4.446000099182129,1318.0,444.5
2014-06-24,106.02999877929688,4.534999847412109,1320.9000244140625,443.0
2014-06-25,106.5,4.552999973297119,1322.199951171875,441.0
2014-06-26,105.83999633789062,4.400000095367432,1316.0999755859375,442.75
2014-06-27,105.73999786376952,4.408999919891357,1319.0,443.0
2014-06-30,105.37000274658205,4.460999965667725,1321.800048828125,424.25
2014-07-01,105.33999633789062,4.454999923706055,1326.4000244140625,422.75
2014-07-02,104.4800033569336,4.35699987411499,1330.699951171875,418.5
2014-07-03,104.05999755859376,4.406000137329102,1320.4000244140625,417.0
2014-07-07,103.52999877929688,4.224999904632568,1316.5,409.25
2014-07-08,103.4000015258789,4.203999996185303,1316.0,408.25
2014-07-09,102.29000091552734,4.170000076293945,1323.800048828125,404.0
2014-07-10,102.93000030517578,4.119999885559082,1338.699951171875,400.5
2014-07-11,100.83000183105467,4.145999908447266,1337.0,399.75
2014-07-14,100.91000366210938,4.146999835968018,1306.300048828125,390.25
2014-07-15,99.95999908447266,4.0970001220703125,1296.9000244140625,374.0
2014-07-16,101.1999969482422,4.11899995803833,1299.5999755859375,378.25
2014-07-17,103.19000244140624,3.953999996185303,1316.699951171875,379.5
2014-07-18,103.12999725341795,3.950999975204468,1309.199951171875,371.25
2014-07-21,104.58999633789062,3.848999977111816,1313.699951171875,364.0
2014-07-22,104.41999816894533,3.7720000743865967,1306.0999755859375,360.25
2014-07-23,103.12000274658205,3.76200008392334,1304.5,362.5
2014-07-24,102.06999969482422,3.846999883651733,1290.5999755859375,361.5
2014-07-25,102.08999633789062,3.7809998989105225,1303.0999755859375,363.0
2014-07-28,101.66999816894533,3.746999979019165,1303.300048828125,367.75
2014-07-29,100.97000122070312,3.808000087738037,1298.300048828125,361.5
2014-07-30,100.2699966430664,3.78600001335144,1294.9000244140625,361.75
2014-07-31,98.16999816894533,3.8410000801086426,1281.300048828125,357.0
2014-08-01,97.87999725341795,3.79800009727478,1293.5999755859375,352.5
2014-08-04,98.29000091552734,3.8340001106262207,1287.699951171875,358.75
2014-08-05,97.37999725341795,3.8970000743865967,1284.0,356.25
2014-08-06,96.91999816894533,3.933000087738037,1306.699951171875,363.25
2014-08-07,97.33999633789062,3.875999927520752,1310.800048828125,359.5
2014-08-08,97.6500015258789,3.961999893188477,1308.9000244140625,351.75
2014-08-11,98.08000183105467,3.964999914169312,1308.5,356.75
2014-08-12,97.37000274658205,3.973999977111816,1308.800048828125,358.5
2014-08-13,97.58999633789062,3.8310000896453857,1312.800048828125,358.0
2014-08-14,95.58000183105467,3.9059998989105225,1313.9000244140625,362.0
2014-08-15,97.3499984741211,3.776000022888184,1304.5,365.75
2014-08-18,96.41000366210938,3.7920000553131104,1297.699951171875,360.75
2014-08-19,94.4800033569336,3.877000093460083,1295.0999755859375,362.5
2014-08-20,96.06999969482422,3.822999954223633,1293.4000244140625,359.5
2014-08-21,93.95999908447266,3.888999938964844,1273.699951171875,362.25
2014-08-22,93.6500015258789,3.839999914169312,1278.5999755859375,365.5
2014-08-25,93.3499984741211,3.937000036239624,1277.300048828125,360.0
2014-08-26,93.86000061035156,3.91100001335144,1283.800048828125,356.0
2014-08-27,93.87999725341795,3.9570000171661377,1281.9000244140625,356.0
2014-08-28,94.5500030517578,4.044000148773193,1288.699951171875,361.75
2014-08-29,95.95999908447266,4.065000057220459,1285.800048828125,359.0
2014-09-02,92.87999725341795,3.890000104904175,1263.699951171875,355.75
2014-09-03,95.54000091552734,3.846999883651733,1268.9000244140625,341.25
2014-09-04,94.4499969482422,3.819000005722046,1265.0999755859375,335.75
2014-09-05,93.29000091552734,3.7929999828338623,1265.800048828125,346.5
2014-09-08,92.66000366210938,3.875999927520752,1252.699951171875,339.25
2014-09-09,92.75,3.983999967575073,1246.800048828125,336.25
2014-09-10,91.66999816894533,3.953999996185303,1243.5,338.75
2014-09-11,92.83000183105467,3.822999954223633,1237.4000244140625,331.75
2014-09-12,92.2699966430664,3.857000112533569,1229.9000244140625,339.0
2014-09-15,92.91999816894533,3.930999994277954,1233.5999755859375,343.0
2014-09-16,94.87999725341795,3.994999885559082,1235.199951171875,343.75
2014-09-17,94.41999816894533,4.013000011444092,1234.4000244140625,341.75
2014-09-18,93.06999969482422,3.910000085830689,1225.699951171875,338.25
2014-09-19,92.41000366210938,3.836999893188477,1215.300048828125,331.5
2014-09-22,91.5199966430664,3.849999904632568,1216.800048828125,330.25
2014-09-23,91.55999755859376,3.815999984741211,1221.0,325.5
2014-09-24,92.8000030517578,3.91100001335144,1218.5999755859375,329.5
2014-09-25,92.52999877929688,3.970999956130981,1221.199951171875,326.0
2014-09-26,93.54000091552734,3.983999967575073,1214.0999755859375,323.0
2014-09-29,94.56999969482422,4.15399980545044,1217.5,325.75
2014-09-30,91.16000366210938,4.120999813079834,1210.5,320.75
2014-10-01,90.7300033569336,4.0229997634887695,1214.5999755859375,321.25
2014-10-02,91.01000213623048,3.931999921798706,1214.199951171875,322.75
2014-10-03,89.73999786376953,4.039000034332275,1192.199951171875,323.25
2014-10-06,90.33999633789062,3.8980000019073486,1206.699951171875,332.5
2014-10-07,88.8499984741211,3.9570000171661377,1211.699951171875,340.5
2014-10-08,87.30999755859375,3.8550000190734863,1205.300048828125,343.25
2014-10-09,85.7699966430664,3.8450000286102295,1224.5999755859375,344.75
2014-10-10,85.81999969482422,3.858999967575073,1221.0,334.0
2014-10-13,85.73999786376953,3.9159998893737793,1229.300048828125,346.0
2014-10-14,81.83999633789062,3.815999984741211,1233.5999755859375,357.0
2014-10-15,81.77999877929688,3.799999952316284,1244.0999755859375,347.5
2014-10-16,82.69999694824219,3.796000003814697,1240.5,352.25
2014-10-17,82.75,3.766000032424927,1238.300048828125,348.0
2014-10-20,82.70999908447266,3.670000076293945,1244.0,348.25
2014-10-21,82.80999755859375,3.7109999656677246,1251.0,356.0
2014-10-22,80.5199966430664,3.658999919891357,1244.800048828125,353.0
2014-10-23,82.08999633789062,3.621999979019165,1228.5,359.75
2014-10-24,81.01000213623047,3.622999906539917,1231.199951171875,353.0
2014-10-27,81.0,3.561000108718872,1229.0999755859375,363.0
2014-10-28,81.41999816894531,3.6489999294281006,1229.199951171875,364.5
2014-10-29,82.19999694824219,3.7279999256134033,1224.300048828125,375.25
2014-10-30,81.12000274658203,3.82699990272522,1198.0999755859375,374.0
2014-10-31,80.54000091552734,3.872999906539917,1171.0999755859375,376.75
2014-11-03,78.77999877929688,4.046000003814697,1169.4000244140625,373.5
2014-11-04,77.19000244140625,4.129000186920166,1167.4000244140625,364.5
2014-11-05,78.68000030517578,4.193999767303467,1145.4000244140625,370.25
2014-11-06,77.91000366210938,4.40399980545044,1142.300048828125,371.25
2014-11-07,78.6500015258789,4.412000179290772,1169.5999755859375,367.5
2014-11-10,77.4000015258789,4.255000114440918,1159.5999755859375,369.25
2014-11-11,77.94000244140625,4.247000217437744,1162.800048828125,373.75
2014-11-12,77.18000030517578,4.184999942779541,1158.9000244140625,377.75
2014-11-13,74.20999908447266,3.9769999980926514,1161.0999755859375,386.25
2014-11-14,75.81999969482422,4.019999980926514,1185.0,381.75
2014-11-17,75.63999938964844,4.341000080108643,1183.0,377.5
2014-11-18,74.61000061035156,4.24399995803833,1196.699951171875,372.0
2014-11-19,74.58000183105469,4.370999813079834,1193.5999755859375,363.25
2014-11-20,75.58000183105469,4.488999843597412,1190.699951171875,373.25
2014-11-21,76.51000213623047,4.265999794006348,1197.5,372.75
2014-11-24,75.77999877929688,4.151000022888184,1195.5,367.5
2014-11-25,74.08999633789062,4.2820000648498535,1197.0999755859375,374.25
2014-11-26,73.69000244140625,4.355000019073486,1196.5999755859375,378.25
2014-11-28,66.1500015258789,4.0879998207092285,1175.199951171875,375.75
2014-12-01,69.0,4.006999969482422,1218.0,375.5
2014-12-02,66.87999725341797,3.874000072479248,1199.199951171875,367.75
2014-12-03,67.37999725341797,3.805000066757202,1208.5,368.75
2014-12-04,66.80999755859375,3.6489999294281006,1207.5,376.0
2014-12-05,65.83999633789062,3.802000045776367,1190.0999755859375,381.5
2014-12-08,63.04999923706055,3.595000028610229,1194.699951171875,377.5
2014-12-09,63.81999969482422,3.651999950408936,1231.5,383.0
2014-12-10,60.93999862670898,3.7060000896453857,1228.9000244140625,382.5
2014-12-11,59.95000076293945,3.634000062942505,1225.0999755859375,390.0
2014-12-12,57.810001373291016,3.795000076293945,1222.0,396.25
2014-12-15,55.90999984741211,3.7190001010894775,1207.199951171875,408.5
2014-12-16,55.93000030517578,3.61899995803833,1193.9000244140625,406.0
2014-12-17,56.470001220703125,3.70199990272522,1194.300048828125,408.25
2014-12-18,54.11000061035156,3.641999959945679,1194.699951171875,411.0
2014-12-19,56.52000045776367,3.46399998664856,1195.9000244140625,410.5
2014-12-22,55.2599983215332,3.1440000534057617,1179.699951171875,411.75
2014-12-23,57.119998931884766,3.1710000038146973,1177.9000244140625,414.0
2014-12-24,55.84000015258789,3.0299999713897705,1173.5,407.75
2014-12-26,54.72999954223633,3.006999969482422,1195.300048828125,414.75
2014-12-29,53.61000061035156,3.188999891281128,1181.699951171875,412.75
2014-12-30,54.119998931884766,3.094000101089477,1200.199951171875,406.5
2014-12-31,53.27000045776367,2.888999938964844,1183.9000244140625,397.0
2015-01-02,52.68999862670898,3.003000020980835,1186.0,395.75
2015-01-05,50.040000915527344,2.881999969482422,1203.9000244140625,406.0
2015-01-06,47.93000030517578,2.937999963760376,1219.300048828125,405.0
2015-01-07,48.650001525878906,2.871000051498413,1210.5999755859375,396.25
2015-01-08,48.790000915527344,2.927000045776367,1208.4000244140625,394.25
2015-01-09,48.36000061035156,2.946000099182129,1216.0,400.25
2015-01-12,46.06999969482422,2.7950000762939453,1232.699951171875,402.0
2015-01-13,45.88999938964844,2.943000078201294,1234.300048828125,385.75
2015-01-14,48.47999954223633,3.2330000400543213,1234.4000244140625,381.0
2015-01-15,46.25,3.157999992370605,1264.699951171875,380.0
2015-01-16,48.68999862670898,3.127000093460083,1276.9000244140625,387.0
2015-01-20,46.38999938964844,2.8310000896453857,1294.199951171875,390.25
2015-01-21,47.77999877929688,2.9739999771118164,1293.699951171875,388.0
2015-01-22,46.310001373291016,2.8350000381469727,1300.699951171875,383.75
2015-01-23,45.59000015258789,2.986000061035156,1292.5999755859375,386.75
2015-01-26,45.150001525878906,2.88100004196167,1279.4000244140625,384.0
2015-01-27,46.22999954223633,2.9809999465942383,1291.699951171875,381.25
2015-01-28,44.45000076293945,2.865999937057495,1285.9000244140625,373.25
2015-01-29,44.52999877929688,2.719000101089477,1254.5999755859375,371.5
2015-01-30,48.2400016784668,2.690999984741211,1278.5,370.0
2015-02-02,49.56999969482422,2.680000066757202,1276.199951171875,369.75
2015-02-03,53.04999923706055,2.753999948501587,1259.699951171875,385.75
2015-02-04,48.45000076293945,2.6619999408721924,1263.800048828125,383.5
2015-02-05,50.47999954223633,2.5999999046325684,1262.0,385.25
2015-02-06,51.68999862670898,2.5789999961853027,1233.9000244140625,385.75
2015-02-09,52.86000061035156,2.5969998836517334,1240.800048828125,391.25
2015-02-10,50.02000045776367,2.677000045776367,1231.5999755859375,388.0
2015-02-11,48.84000015258789,2.796999931335449,1219.0,385.75
2015-02-12,51.209999084472656,2.713000059127808,1220.0999755859375,383.0
2015-02-13,52.77999877929688,2.803999900817871,1226.5,387.25
2015-02-17,53.52999877929688,2.759000062942505,1208.0999755859375,389.5
2015-02-18,52.13999938964844,2.8310000896453857,1199.699951171875,383.75
2015-02-19,51.15999984741211,2.8340001106262207,1207.0999755859375,389.75
2015-02-20,50.34000015258789,2.950999975204468,1204.4000244140625,385.25
2015-02-23,49.45000076293945,2.878999948501587,1200.300048828125,378.75
2015-02-24,49.27999877929688,2.9019999504089355,1196.9000244140625,377.5
2015-02-25,50.9900016784668,2.8940000534057617,1201.0,375.75
2015-02-26,48.16999816894531,2.697000026702881,1209.5999755859375,380.0
2015-02-27,49.7599983215332,2.733999967575073,1212.5999755859375,384.5
2015-03-02,49.59000015258789,2.697999954223633,1207.699951171875,378.75
2015-03-03,50.52000045776367,2.711999893188477,1204.0,382.0
2015-03-04,51.52999877929688,2.7690000534057617,1200.5999755859375,381.5
2015-03-05,50.7599983215332,2.8410000801086426,1195.9000244140625,382.75
2015-03-06,49.61000061035156,2.83899998664856,1164.0999755859375,379.25
2015-03-09,50.0,2.677999973297119,1166.4000244140625,383.25
2015-03-10,48.290000915527344,2.7320001125335693,1160.0999755859375,382.25
2015-03-11,48.16999816894531,2.8239998817443848,1150.699951171875,384.0
2015-03-12,47.04999923706055,2.733999967575073,1152.0999755859375,382.25
2015-03-13,44.84000015258789,2.726999998092652,1152.5999755859375,374.0
2015-03-16,43.880001068115234,2.7160000801086426,1153.300048828125,379.0
2015-03-17,43.459999084472656,2.8550000190734863,1148.300048828125,371.0
2015-03-18,44.65999984741211,2.9200000762939453,1151.4000244140625,374.75
2015-03-19,43.959999084472656,2.812999963760376,1169.0999755859375,373.5
2015-03-20,45.720001220703125,2.7860000133514404,1184.800048828125,385.0
2015-03-23,47.45000076293945,2.7330000400543213,1188.0,390.25
2015-03-24,47.5099983215332,2.7860000133514404,1191.699951171875,393.25
2015-03-25,49.209999084472656,2.7230000495910645,1197.300048828125,395.0
2015-03-26,51.43000030517578,2.671999931335449,1205.0999755859375,391.25
2015-03-27,48.869998931884766,2.5899999141693115,1199.800048828125,391.0
2015-03-30,48.68000030517578,2.6440000534057617,1184.800048828125,394.5
2015-03-31,47.59999847412109,2.640000104904175,1183.0999755859375,376.25
2015-04-01,50.09000015258789,2.6050000190734863,1208.0999755859375,381.75
2015-04-02,49.13999938964844,2.713000059127808,1200.9000244140625,386.5
2015-04-06,52.13999938964844,2.650000095367432,1218.5999755859375,385.0
2015-04-07,53.97999954223633,2.680000066757202,1210.5999755859375,383.0
2015-04-08,50.41999816894531,2.61899995803833,1203.0999755859375,379.25
2015-04-09,50.790000915527344,2.5280001163482666,1193.5999755859375,378.0
2015-04-10,51.63999938964844,2.510999917984009,1204.5999755859375,377.0
2015-04-13,51.90999984741211,2.510999917984009,1199.300048828125,370.5
2015-04-14,53.290000915527344,2.5299999713897705,1192.800048828125,373.5
2015-04-15,56.38999938964844,2.609999895095825,1201.5,376.0
2015-04-16,56.709999084472656,2.684000015258789,1198.0,376.25
2015-04-17,55.7400016784668,2.634000062942505,1202.9000244140625,379.75
2015-04-20,56.380001068115234,2.5360000133514404,1193.5,378.0
2015-04-21,55.2599983215332,2.575000047683716,1202.9000244140625,373.0
2015-04-22,56.15999984741211,2.6059999465942383,1186.9000244140625,372.5
2015-04-23,57.7400016784668,2.5309998989105225,1194.4000244140625,370.75
2015-04-24,57.150001525878906,2.5309998989105225,1175.199951171875,364.5
2015-04-27,56.9900016784668,2.490000009536743,1203.300048828125,360.75
2015-04-28,57.060001373291016,2.5169999599456787,1214.0,361.0
2015-04-29,58.58000183105469,2.6059999465942383,1209.800048828125,363.75
2015-04-30,59.630001068115234,2.750999927520752,1182.4000244140625,362.5
2015-05-01,59.150001525878906,2.776000022888184,1174.5,359.75
2015-05-04,58.93000030517578,2.821000099182129,1186.800048828125,358.75
2015-05-05,60.400001525878906,2.7799999713897705,1193.199951171875,361.25
2015-05-06,60.93000030517578,2.776000022888184,1190.300048828125,366.5
2015-05-07,58.93999862670898,2.733999967575073,1182.4000244140625,357.75
2015-05-08,59.38999938964844,2.880000114440918,1189.0999755859375,358.5
2015-05-11,59.25,2.802000045776367,1183.199951171875,358.25
2015-05-12,60.75,2.8970000743865967,1192.5999755859375,357.0
2015-05-13,60.5,2.934999942779541,1218.4000244140625,356.0
2015-05-14,59.880001068115234,3.007999897003174,1225.4000244140625,361.0
2015-05-15,59.68999862670898,3.0160000324249268,1225.5,365.5
2015-05-18,59.43000030517578,3.009999990463257,1227.800048828125,368.0
2015-05-19,57.2599983215332,2.947999954223633,1206.9000244140625,362.0
2015-05-20,58.97999954223633,2.914999961853028,1208.9000244140625,360.0
2015-05-21,60.720001220703125,2.9489998817443848,1204.4000244140625,365.0
2015-05-22,59.720001220703125,2.88700008392334,1204.300048828125,360.0
2015-05-26,58.02999877929688,2.822000026702881,1187.199951171875,355.0
2015-05-27,57.5099983215332,2.815000057220459,1185.9000244140625,349.5
2015-05-28,57.68000030517578,2.7060000896453857,1188.0999755859375,353.5
2015-05-29,60.29999923706055,2.6419999599456787,1189.4000244140625,351.5
2015-06-01,60.20000076293945,2.6489999294281006,1188.300048828125,352.25
2015-06-02,61.2599983215332,2.697999954223633,1194.0999755859375,359.0
2015-06-03,59.63999938964844,2.634000062942505,1184.699951171875,359.0
2015-06-04,58.0,2.625999927520752,1174.9000244140625,363.5
2015-06-05,59.130001068115234,2.5899999141693115,1167.800048828125,360.5
2015-06-08,58.13999938964844,2.7049999237060547,1173.199951171875,365.25
2015-06-09,60.13999938964844,2.845999956130981,1177.300048828125,365.0
2015-06-10,61.43000030517578,2.8910000324249268,1186.0999755859375,357.25
2015-06-11,60.77000045776367,2.825000047683716,1179.9000244140625,356.5
2015-06-12,59.959999084472656,2.75,1178.800048828125,353.0
2015-06-15,59.52000045776367,2.888999938964844,1185.300048828125,348.25
2015-06-16,59.970001220703125,2.8940000534057617,1180.5,354.0
2015-06-17,59.91999816894531,2.8550000190734863,1176.4000244140625,359.25
2015-06-18,60.45000076293945,2.7769999504089355,1201.5,358.0
2015-06-19,59.61000061035156,2.815999984741211,1201.5,353.25
2015-06-22,59.68000030517578,2.7330000400543213,1183.699951171875,360.0
2015-06-23,61.0099983215332,2.7260000705718994,1176.199951171875,367.5
2015-06-24,60.27000045776367,2.759000062942505,1172.5999755859375,366.5
2015-06-25,59.70000076293945,2.8499999046325684,1171.5,376.5
2015-06-26,59.630001068115234,2.7730000019073486,1172.9000244140625,385.0
2015-06-29,58.33000183105469,2.805000066757202,1178.5,383.25
2015-06-30,59.470001220703125,2.8320000171661377,1171.5,414.0
2015-07-01,56.959999084472656,2.782999992370605,1169.0,413.75
2015-07-02,56.93000030517578,2.822000026702881,1163.0,419.75
2015-07-06,52.52999877929688,2.75600004196167,1172.9000244140625,418.5
2015-07-07,52.33000183105469,2.7160000801086426,1152.4000244140625,415.75
2015-07-08,51.650001525878906,2.684999942779541,1163.300048828125,416.25
2015-07-09,52.77999877929688,2.7260000705718994,1159.0,421.25
2015-07-10,52.7400016784668,2.7699999809265137,1157.699951171875,427.25
2015-07-13,52.20000076293945,2.864000082015991,1155.199951171875,433.5
2015-07-14,53.040000915527344,2.8399999141693115,1153.300048828125,424.0
2015-07-15,51.40999984741211,2.9179999828338623,1147.199951171875,429.5
2015-07-16,50.90999984741211,2.8540000915527344,1143.800048828125,430.0
2015-07-17,50.88999938964844,2.869999885559082,1131.800048828125,420.25
2015-07-20,50.150001525878906,2.822999954223633,1106.699951171875,405.0
2015-07-21,50.36000061035156,2.881999969482422,1103.4000244140625,406.5
2015-07-22,49.18999862670898,2.8970000743865967,1091.4000244140625,402.75
2015-07-23,48.45000076293945,2.815999984741211,1094.0,403.25
2015-07-24,48.13999938964844,2.776000022888184,1085.5999755859375,392.5
2015-07-27,47.38999938964844,2.7890000343322754,1096.5,373.0
2015-07-28,47.97999954223633,2.821000099182129,1096.300048828125,375.0
2015-07-29,48.790000915527344,2.885999917984009,1092.699951171875,367.75
2015-07-30,48.52000045776367,2.7679998874664307,1088.4000244140625,373.25
2015-07-31,47.119998931884766,2.7160000801086426,1094.9000244140625,371.0
2015-08-03,45.16999816894531,2.747999906539917,1089.4000244140625,366.5
2015-08-04,45.7400016784668,2.812000036239624,1090.699951171875,368.75
2015-08-05,45.150001525878906,2.7980000972747803,1085.699951171875,372.75
2015-08-06,44.65999984741211,2.812999963760376,1090.199951171875,369.75
2015-08-07,43.869998931884766,2.7980000972747803,1094.0999755859375,372.75
2015-08-10,44.959999084472656,2.8420000076293945,1104.199951171875,390.25
2015-08-11,43.08000183105469,2.844000101089477,1107.5999755859375,376.5
2015-08-12,43.29999923706055,2.930999994277954,1123.199951171875,357.25
2015-08-13,42.22999954223633,2.7869999408721924,1115.699951171875,363.75
2015-08-14,42.5,2.8010001182556152,1112.9000244140625,364.0
2015-08-17,41.869998931884766,2.7279999256134038,1118.5999755859375,363.25
2015-08-18,42.619998931884766,2.7039999961853027,1117.0999755859375,366.25
2015-08-19,40.79999923706055,2.7160000801086426,1128.0999755859375,367.25
2015-08-20,41.13999938964844,2.755000114440918,1153.0,371.0
2015-08-21,40.45000076293945,2.6760001182556152,1159.5999755859375,365.25
2015-08-24,38.2400016784668,2.650000095367432,1153.4000244140625,368.75
2015-08-25,39.310001373291016,2.684999942779541,1138.199951171875,365.5
2015-08-26,38.59999847412109,2.693000078201294,1124.5999755859375,361.75
2015-08-27,42.560001373291016,2.638000011444092,1122.4000244140625,363.75
2015-08-28,45.220001220703125,2.7149999141693115,1133.0999755859375,363.25
2015-08-31,49.20000076293945,2.688999891281128,1131.5999755859375,363.75
2015-09-01,45.40999984741211,2.70199990272522,1138.699951171875,356.0
2015-09-02,46.25,2.6480000019073486,1132.5,354.0
2015-09-03,46.75,2.7249999046325684,1123.699951171875,347.75
2015-09-04,46.04999923706055,2.6549999713897705,1120.5999755859375,349.5
2015-09-08,45.93999862670898,2.7100000381469727,1120.4000244140625,355.0
2015-09-09,44.150001525878906,2.651000022888184,1102.199951171875,356.5
2015-09-10,45.91999816894531,2.683000087738037,1109.5,361.75
2015-09-11,44.630001068115234,2.693000078201294,1103.5,374.5
2015-09-14,44.0,2.757999897003174,1107.699951171875,379.0
2015-09-15,44.59000015258789,2.7279999256134038,1102.800048828125,390.5
2015-09-16,47.150001525878906,2.6600000858306885,1119.199951171875,386.0
2015-09-17,46.900001525878906,2.6519999504089355,1117.300048828125,379.75
2015-09-18,44.68000030517578,2.6050000190734863,1138.0999755859375,377.25
2015-09-21,46.68000030517578,2.572999954223633,1133.0999755859375,384.5
2015-09-22,45.83000183105469,2.57699990272522,1125.0,380.5
2015-09-23,44.47999954223633,2.569000005722046,1131.5999755859375,383.25
2015-09-24,44.90999984741211,2.5910000801086426,1153.800048828125,381.5
2015-09-25,45.70000076293945,2.563999891281128,1146.0,389.0
2015-09-28,44.43000030517578,2.562999963760376,1132.0,386.75
2015-09-29,45.22999954223633,2.5859999656677246,1127.0999755859375,389.0
2015-09-30,45.09000015258789,2.5239999294281006,1115.5,387.75
2015-10-01,44.7400016784668,2.433000087738037,1114.199951171875,388.75
2015-10-02,45.540000915527344,2.450999975204468,1137.0999755859375,389.25
2015-10-05,46.2599983215332,2.450000047683716,1138.0999755859375,393.5
2015-10-06,48.52999877929688,2.470000028610229,1146.800048828125,398.25
2015-10-07,47.810001373291016,2.4739999771118164,1149.0,395.75
2015-10-08,49.43000030517578,2.497999906539917,1144.699951171875,391.25
2015-10-09,49.630001068115234,2.502000093460083,1156.300048828125,382.75
2015-10-12,47.09999847412109,2.5350000858306885,1164.9000244140625,380.75
2015-10-13,46.65999984741211,2.497999906539917,1165.800048828125,384.5
2015-10-14,46.63999938964844,2.5179998874664307,1180.0999755859375,379.0
2015-10-15,46.380001068115234,2.453000068664551,1187.9000244140625,375.5
2015-10-16,47.2599983215332,2.430000066757202,1183.5999755859375,376.75
2015-10-19,45.88999938964844,2.441999912261963,1173.300048828125,373.0
2015-10-20,45.54999923706055,2.4760000705718994,1178.0,376.75
2015-10-21,45.20000076293945,2.4040000438690186,1167.5999755859375,380.75
2015-10-22,45.380001068115234,2.385999917984009,1166.5999755859375,378.25
2015-10-23,44.59999847412109,2.2860000133514404,1163.300048828125,379.75
2015-10-26,43.97999954223633,2.062000036239624,1167.0,384.5
2015-10-27,43.20000076293945,2.0920000076293945,1166.800048828125,380.0
2015-10-28,45.93999862670898,2.032999992370605,1177.0999755859375,376.0
2015-10-29,46.060001373291016,2.256999969482422,1147.199951171875,380.0
2015-10-30,46.59000015258789,2.321000099182129,1141.5,382.25
2015-11-02,46.13999938964844,2.25600004196167,1135.800048828125,376.5
2015-11-03,47.900001525878906,2.253000020980835,1114.199951171875,380.5
2015-11-04,46.31999969482422,2.26200008392334,1106.5,380.5
2015-11-05,45.20000076293945,2.364000082015991,1104.4000244140625,374.5
2015-11-06,44.290000915527344,2.371000051498413,1087.5999755859375,373.0
2015-11-09,43.869998931884766,2.299999952316284,1087.9000244140625,366.75
2015-11-10,44.209999084472656,2.319999933242798,1088.199951171875,359.0
2015-11-11,42.93000030517578,2.263000011444092,1084.699951171875,362.25
2015-11-12,41.75,2.259999990463257,1080.800048828125,362.0
2015-11-13,40.7400016784668,2.361000061035156,1080.800048828125,358.25
2015-11-16,41.7400016784668,2.384999990463257,1083.699951171875,360.0
2015-11-17,40.66999816894531,2.371000051498413,1068.699951171875,362.0
2015-11-18,40.75,2.3469998836517334,1068.800048828125,361.75
2015-11-19,40.540000915527344,2.276000022888184,1078.0,364.25
2015-11-20,40.38999938964844,2.1449999809265137,1076.4000244140625,363.25
2015-11-23,41.75,2.2100000381469727,1066.800048828125,367.25
2015-11-24,42.869998931884766,2.200000047683716,1074.300048828125,364.25
2015-11-25,43.040000915527344,2.2060000896453857,1070.5,366.0
2015-11-27,41.709999084472656,2.211999893188477,1056.199951171875,359.25
2015-11-30,41.650001525878906,2.234999895095825,1065.800048828125,365.0
2015-12-01,41.84999847412109,2.2309999465942383,1063.800048828125,367.0
2015-12-02,39.93999862670898,2.164999961853028,1054.199951171875,364.0
2015-12-03,41.08000183105469,2.180999994277954,1061.699951171875,370.25
2015-12-04,39.970001220703125,2.186000108718872,1084.5,376.25
2015-12-07,37.650001525878906,2.066999912261963,1076.4000244140625,368.5
2015-12-08,37.5099983215332,2.069999933242798,1076.300048828125,370.0
2015-12-09,37.15999984741211,2.062000036239624,1077.5999755859375,371.75
2015-12-10,36.7599983215332,2.015000104904175,1073.0999755859375,377.25
2015-12-11,35.619998931884766,1.9900000095367432,1076.9000244140625,373.0
2015-12-14,36.310001373291016,1.8940000534057615,1064.699951171875,381.75
2015-12-15,37.34999847412109,1.8220000267028809,1062.9000244140625,377.25
2015-12-16,35.52000045776367,1.7899999618530271,1078.0,369.75
2015-12-17,34.95000076293945,1.7549999952316284,1050.800048828125,374.25
2015-12-18,34.72999954223633,1.7669999599456787,1066.199951171875,374.5
2015-12-21,34.7400016784668,1.9110000133514404,1081.9000244140625,372.0
2015-12-22,36.13999938964844,1.888000011444092,1074.800048828125,366.25
2015-12-23,37.5,1.9830000400543213,1069.4000244140625,365.5
2015-12-24,38.09999847412109,2.0290000438690186,1077.199951171875,364.5
2015-12-28,36.810001373291016,2.2279999256134038,1070.5,361.0
2015-12-29,37.869998931884766,2.371999979019165,1077.5,362.5
2015-12-30,36.59999847412109,2.21399998664856,1060.0999755859375,359.0
2015-12-31,37.040000915527344,2.336999893188477,1060.300048828125,358.75
2016-01-04,36.7599983215332,2.3340001106262207,1075.0999755859375,351.5
2016-01-05,35.970001220703125,2.325000047683716,1078.4000244140625,353.0
2016-01-06,33.970001220703125,2.2669999599456787,1091.9000244140625,353.25
2016-01-07,33.27000045776367,2.381999969482422,1107.699951171875,353.0
2016-01-08,33.15999984741211,2.4719998836517334,1097.800048828125,357.0
2016-01-11,31.40999984741211,2.3959999084472656,1096.5,351.75
2016-01-12,30.440000534057617,2.256999969482422,1085.5999755859375,356.75
2016-01-13,30.479999542236328,2.2690000534057617,1087.5,358.0
2016-01-14,31.200000762939453,2.138999938964844,1073.9000244140625,358.0
2016-01-15,29.420000076293945,2.0999999046325684,1091.5,363.25
2016-01-19,28.459999084472656,2.0910000801086426,1089.9000244140625,367.75
2016-01-20,26.549999237060547,2.118000030517578,1107.0999755859375,368.75
2016-01-21,29.530000686645508,2.138000011444092,1099.0999755859375,367.0
2016-01-22,32.189998626708984,2.138999938964844,1097.199951171875,370.25
2016-01-25,30.34000015258789,2.157999992370605,1106.199951171875,369.75
2016-01-26,31.450000762939453,2.180000066757202,1121.699951171875,369.25
2016-01-27,32.29999923706055,2.188999891281128,1116.0999755859375,369.25
2016-01-28,33.220001220703125,2.181999921798706,1115.5999755859375,365.5
2016-01-29,33.619998931884766,2.2980000972747803,1116.4000244140625,372.0
2016-02-01,31.6200008392334,2.1519999504089355,1127.9000244140625,371.25
2016-02-02,29.8799991607666,2.025000095367432,1127.300048828125,372.5
2016-02-03,32.279998779296875,2.0380001068115234,1141.300048828125,371.0
2016-02-04,31.71999931335449,1.972000002861023,1157.5999755859375,368.5
2016-02-05,30.88999938964844,2.062999963760376,1157.800048828125,365.75
2016-02-08,29.690000534057617,2.140000104904175,1197.9000244140625,362.25
2016-02-09,27.940000534057617,2.0980000495910645,1198.699951171875,361.0
2016-02-10,27.450000762939453,2.0460000038146973,1194.699951171875,360.25
2016-02-11,26.209999084472656,1.99399995803833,1247.9000244140625,360.25
2016-02-12,29.440000534057617,1.965999960899353,1239.0999755859375,358.75
2016-02-16,29.040000915527344,1.902999997138977,1207.9000244140625,363.0
2016-02-17,30.65999984741211,1.9420000314712524,1211.0999755859375,367.25
2016-02-18,30.770000457763672,1.8519999980926516,1226.0999755859375,365.5
2016-02-19,29.63999938964844,1.8040000200271609,1230.4000244140625,365.5
2016-02-22,31.479999542236328,1.8209999799728396,1209.5,367.5
2016-02-23,31.8700008392334,1.781999945640564,1222.300048828125,362.0
2016-02-24,32.150001525878906,1.777999997138977,1238.699951171875,359.75
2016-02-25,33.06999969482422,1.7109999656677246,1238.199951171875,355.5
2016-02-26,32.779998779296875,1.7910000085830688,1219.800048828125,354.5
2016-02-29,33.75,1.7109999656677246,1233.9000244140625,353.5
2016-03-01,34.400001525878906,1.7419999837875366,1230.300048828125,353.75
2016-03-02,34.65999984741211,1.6779999732971191,1241.0999755859375,354.5
2016-03-03,34.56999969482422,1.6390000581741333,1257.4000244140625,353.75
2016-03-04,35.91999816894531,1.6660000085830688,1269.9000244140625,354.5
2016-03-07,37.900001525878906,1.690000057220459,1263.199951171875,355.0
2016-03-08,36.5,1.712000012397766,1262.0999755859375,358.75
2016-03-09,38.290000915527344,1.7519999742507937,1256.5999755859375,359.0
2016-03-10,37.84000015258789,1.787999987602234,1272.0,362.5
2016-03-11,38.5,1.8220000267028809,1258.699951171875,366.0
2016-03-14,37.18000030517578,1.819000005722046,1244.4000244140625,366.75
2016-03-15,36.34000015258789,1.8509999513626096,1230.4000244140625,368.5
2016-03-16,38.459999084472656,1.868000030517578,1229.300048828125,368.25
2016-03-17,40.20000076293945,1.9359999895095823,1264.5,368.5
2016-03-18,39.43999862670898,1.906999945640564,1253.800048828125,367.0
2016-03-21,39.90999984741211,1.8279999494552608,1243.800048828125,369.5
2016-03-22,41.45000076293945,1.8630000352859497,1248.199951171875,370.0
2016-03-23,39.790000915527344,1.7940000295639038,1223.699951171875,368.5
2016-03-24,39.459999084472656,1.805999994277954,1221.4000244140625,370.0
2016-03-28,39.38999938964844,1.8480000495910645,1219.9000244140625,370.5
2016-03-29,38.27999877929688,1.902999997138977,1235.5999755859375,373.0
2016-03-30,38.31999969482422,1.996000051498413,1226.9000244140625,367.0
2016-03-31,38.34000015258789,1.9589999914169312,1234.199951171875,351.5
2016-04-01,36.790000915527344,1.955999970436096,1222.199951171875,354.0
2016-04-04,35.70000076293945,1.9980000257492063,1218.0,354.5
2016-04-05,35.88999938964844,1.9539999961853027,1228.4000244140625,356.75
2016-04-06,37.75,1.9110000133514404,1222.5,358.0
2016-04-07,37.2599983215332,2.0179998874664307,1236.199951171875,361.5
2016-04-08,39.720001220703125,1.9900000095367432,1242.5,362.25
2016-04-11,40.36000061035156,1.9119999408721924,1256.699951171875,356.75
2016-04-12,42.16999816894531,2.003999948501587,1259.4000244140625,362.75
2016-04-13,41.7599983215332,2.0360000133514404,1246.800048828125,373.5
2016-04-14,41.5,1.9700000286102293,1225.0,374.0
2016-04-15,40.36000061035156,1.9019999504089355,1233.0999755859375,378.5
2016-04-18,39.77999877929688,1.940000057220459,1233.5999755859375,381.0
2016-04-19,41.08000183105469,2.088000059127808,1253.0,384.5
2016-04-20,42.630001068115234,2.069000005722046,1253.199951171875,394.75
2016-04-21,43.18000030517578,2.068000078201294,1249.0,384.5
2016-04-22,43.72999954223633,2.140000104904175,1228.699951171875,371.75
2016-04-25,42.63999938964844,2.062999963760376,1238.9000244140625,377.0
2016-04-26,44.040000915527344,2.032000064849853,1242.199951171875,382.25
2016-04-27,45.33000183105469,1.995000004768372,1249.199951171875,380.75
2016-04-28,46.02999877929688,2.078000068664551,1265.5,387.0
2016-04-29,45.91999816894531,2.177999973297119,1289.199951171875,390.25
2016-05-02,44.77999877929688,2.0420000553131104,1294.699951171875,390.25
2016-05-03,43.650001525878906,2.0859999656677246,1290.699951171875,378.25
2016-05-04,43.77999877929688,2.1410000324249268,1273.300048828125,373.25
2016-05-05,44.31999969482422,2.075999975204468,1271.4000244140625,371.75
2016-05-06,44.65999984741211,2.1010000705718994,1292.9000244140625,376.0
2016-05-09,43.43999862670898,2.0980000495910645,1265.5999755859375,367.75
2016-05-10,44.65999984741211,2.157999992370605,1263.9000244140625,378.5
2016-05-11,46.22999954223633,2.1730000972747803,1274.5999755859375,374.0
2016-05-12,46.70000076293945,2.1549999713897705,1270.300048828125,385.25
2016-05-13,46.209999084472656,2.095999956130981,1271.9000244140625,382.0
2016-05-16,47.720001220703125,2.0290000438690186,1273.4000244140625,394.0
2016-05-17,48.310001373291016,2.0480000972747803,1276.199951171875,397.0
2016-05-18,48.18999862670898,2.000999927520752,1273.699951171875,399.5
2016-05-19,48.15999984741211,2.0390000343322754,1254.199951171875,390.0
2016-05-20,47.75,2.062000036239624,1252.4000244140625,394.5
2016-05-23,48.08000183105469,2.055000066757202,1251.0999755859375,397.75
2016-05-24,48.619998931884766,1.9800000190734863,1228.9000244140625,397.5
2016-05-25,49.560001373291016,1.9919999837875368,1223.5,404.75
2016-05-26,49.47999954223633,1.963000059127808,1220.0999755859375,408.25
2016-05-27,49.33000183105469,2.1689999103546143,1213.800048828125,412.75
2016-05-31,49.09999847412109,2.2880001068115234,1214.800048828125,404.75
2016-06-01,49.0099983215332,2.38100004196167,1211.9000244140625,413.75
2016-06-02,49.16999816894531,2.4049999713897705,1209.800048828125,415.25
2016-06-03,48.619998931884766,2.3980000019073486,1240.0999755859375,418.25
2016-06-06,49.68999862670898,2.4660000801086426,1244.5999755859375,427.25
2016-06-07,50.36000061035156,2.4739999771118164,1244.4000244140625,427.75
2016-06-08,51.22999954223633,2.4679999351501465,1259.800048828125,431.25
2016-06-09,50.560001373291016,2.617000102996826,1270.199951171875,426.5
2016-06-10,49.06999969482422,2.555999994277954,1273.4000244140625,423.0
2016-06-13,48.880001068115234,2.5850000381469727,1284.4000244140625,430.0
2016-06-14,48.4900016784668,2.6040000915527344,1285.5999755859375,436.5
2016-06-15,48.0099983215332,2.595000028610229,1285.800048828125,429.0
2016-06-16,46.209999084472656,2.5799999237060547,1296.0999755859375,425.25
2016-06-17,47.97999954223633,2.622999906539917,1292.5,437.75
2016-06-20,49.369998931884766,2.746999979019165,1290.0,421.25
2016-06-21,48.84999847412109,2.7679998874664307,1270.5,396.25
2016-06-22,49.130001068115234,2.677000045776367,1268.0,393.0
2016-06-23,50.11000061035156,2.697999954223633,1261.199951171875,387.25
2016-06-24,47.63999938964844,2.6619999408721924,1320.0,384.5
2016-06-27,46.33000183105469,2.7160000801086426,1322.5,385.25
2016-06-28,47.84999847412109,2.9170000553131104,1315.300048828125,385.25
2016-06-29,49.880001068115234,2.86299991607666,1323.9000244140625,372.75
2016-06-30,48.33000183105469,2.924000024795532,1318.4000244140625,358.75
2016-07-01,48.9900016784668,2.986999988555908,1336.699951171875,353.0
2016-07-05,46.59999847412109,2.763999938964844,1356.4000244140625,344.0
2016-07-06,47.43000030517578,2.7860000133514404,1364.9000244140625,335.75
2016-07-07,45.13999938964844,2.7769999504089355,1360.0999755859375,335.5
2016-07-08,45.40999984741211,2.8010001182556152,1356.5999755859375,349.75
2016-07-11,44.7599983215332,2.70199990272522,1355.0,343.75
2016-07-12,46.79999923706055,2.733999967575073,1334.0999755859375,349.75
2016-07-13,44.75,2.736999988555908,1342.4000244140625,365.75
2016-07-14,45.68000030517578,2.726999998092652,1331.300048828125,362.25
2016-07-15,45.95000076293945,2.75600004196167,1326.5,352.25
2016-07-18,45.2400016784668,2.7219998836517334,1328.4000244140625,357.0
2016-07-19,44.650001525878906,2.7279999256134038,1331.5,341.75
2016-07-20,44.93999862670898,2.657999992370605,1318.800048828125,337.5
2016-07-21,44.75,2.691999912261963,1330.5,334.25
2016-07-22,44.18999862670898,2.7769999504089355,1323.0999755859375,335.0
2016-07-25,43.130001068115234,2.746999979019165,1319.300048828125,334.75
2016-07-26,42.91999816894531,2.711999893188477,1320.699951171875,332.5
2016-07-27,41.91999816894531,2.671999931335449,1326.5999755859375,335.75
2016-07-28,41.13999938964844,2.872999906539917,1332.300048828125,331.25
2016-07-29,41.59999847412109,2.875999927520752,1349.0,334.5
2016-08-01,40.060001373291016,2.7709999084472656,1351.4000244140625,325.75
2016-08-02,39.5099983215332,2.7330000400543213,1364.4000244140625,324.25
2016-08-03,40.83000183105469,2.83899998664856,1356.0999755859375,325.0
2016-08-04,41.93000030517578,2.8340001106262207,1358.800048828125,320.75
2016-08-05,41.79999923706055,2.7720000743865967,1336.4000244140625,324.25
2016-08-08,43.02000045776367,2.747999906539917,1333.4000244140625,325.25
2016-08-09,42.77000045776367,2.615000009536743,1339.0,322.25
2016-08-10,41.709999084472656,2.561000108718872,1344.300048828125,322.5
2016-08-11,43.4900016784668,2.5510001182556152,1342.5,321.0
2016-08-12,44.4900016784668,2.5859999656677246,1335.800048828125,322.25
2016-08-15,45.7400016784668,2.5899999141693115,1340.300048828125,326.5
2016-08-16,46.58000183105469,2.617000102996826,1350.5,327.5
2016-08-17,46.790000915527344,2.61899995803833,1342.699951171875,330.25
2016-08-18,48.220001220703125,2.674000024795532,1351.199951171875,332.0
2016-08-19,48.52000045776367,2.5840001106262207,1340.4000244140625,334.25
2016-08-22,47.04999923706055,2.678999900817871,1337.699951171875,333.25
2016-08-23,48.09999847412109,2.760999917984009,1340.5999755859375,328.5
2016-08-24,46.77000045776367,2.7960000038146973,1324.4000244140625,327.5
2016-08-25,47.33000183105469,2.845999956130981,1320.0999755859375,323.5
2016-08-26,47.63999938964844,2.871000051498413,1321.5,316.25
2016-08-29,46.97999954223633,2.8529999256134038,1322.9000244140625,311.75
2016-08-30,46.34999847412109,2.82699990272522,1311.699951171875,304.0
2016-08-31,44.70000076293945,2.88700008392334,1306.9000244140625,301.5
2016-09-01,43.15999984741211,2.7920000553131104,1312.199951171875,311.0
2016-09-02,44.43999862670898,2.7920000553131104,1322.0999755859375,316.5
2016-09-06,44.83000183105469,2.7170000076293945,1349.4000244140625,316.75
2016-09-07,45.5,2.6760001182556152,1344.300048828125,321.0
2016-09-08,47.619998931884766,2.805999994277954,1336.800048828125,327.0
2016-09-09,45.880001068115234,2.796999931335449,1330.0999755859375,330.0
2016-09-12,46.290000915527344,2.914999961853028,1321.0,329.25
2016-09-13,44.900001525878906,2.9089999198913574,1319.0,319.25
2016-09-14,43.58000183105469,2.888999938964844,1321.5,322.25
2016-09-15,43.90999984741211,2.927000045776367,1313.5,330.0
2016-09-16,43.02999877929688,2.947999954223633,1305.800048828125,337.0
2016-09-19,43.29999923706055,2.934000015258789,1313.5,337.25
2016-09-20,43.43999862670898,3.046999931335449,1313.699951171875,340.5
2016-09-21,45.34000015258789,3.056999921798706,1326.9000244140625,340.0
2016-09-22,46.31999969482422,2.990000009536743,1340.4000244140625,336.75
2016-09-23,44.47999954223633,2.9549999237060547,1337.199951171875,336.5
2016-09-26,45.93000030517578,2.996999979019165,1339.699951171875,329.0
2016-09-27,44.66999816894531,2.996000051498413,1325.9000244140625,331.75
2016-09-28,47.04999923706055,2.95199990272522,1319.4000244140625,329.25
2016-09-29,47.83000183105469,2.9590001106262207,1321.699951171875,329.25
2016-09-30,48.2400016784668,2.9059998989105225,1313.300048828125,336.75
2016-10-03,48.810001373291016,2.9230000972747803,1309.0,346.0
2016-10-04,48.68999862670898,2.96399998664856,1266.300048828125,348.25
2016-10-05,49.83000183105469,3.0409998893737797,1265.199951171875,347.75
2016-10-06,50.43999862670898,3.049000024795532,1249.800048828125,340.5
2016-10-07,49.810001373291016,3.193000078201294,1248.9000244140625,339.75
2016-10-11,50.790000915527344,3.236999988555908,1253.0,345.5
2016-10-12,50.18000030517578,3.2100000381469727,1251.0999755859375,337.0
2016-10-13,50.43999862670898,3.3410000801086426,1255.0,349.5
2016-10-14,50.34999847412109,3.2850000858306885,1253.0999755859375,354.25
2016-10-17,49.93999862670898,3.24399995803833,1254.4000244140625,354.0
2016-10-18,50.290000915527344,3.263000011444092,1260.800048828125,353.75
2016-10-19,51.59999847412109,3.1700000762939453,1267.9000244140625,357.5
2016-10-20,50.43000030517578,3.1410000324249268,1265.5999755859375,351.0
2016-10-21,50.84999847412109,2.993000030517578,1265.9000244140625,352.5
2016-10-24,50.52000045776367,2.8310000896453857,1262.0,348.25
2016-10-25,49.959999084472656,2.7739999294281006,1271.9000244140625,349.25
2016-10-26,49.18000030517578,2.7309999465942383,1264.800048828125,354.0
2016-10-27,49.720001220703125,2.763999938964844,1267.9000244140625,357.5
2016-10-28,48.70000076293945,3.1050000190734863,1275.5,355.0
2016-10-31,46.86000061035156,3.026000022888184,1271.5,354.75
2016-11-01,46.66999816894531,2.9019999504089355,1286.4000244140625,349.0
2016-11-02,45.34000015258789,2.7920000553131104,1306.800048828125,346.25
2016-11-03,44.65999984741211,2.7690000534057617,1302.0999755859375,348.0
2016-11-04,44.06999969482422,2.7669999599456787,1303.300048828125,348.75
2016-11-07,44.88999938964844,2.815999984741211,1278.300048828125,346.25
2016-11-08,44.97999954223633,2.632999897003174,1273.4000244140625,354.25
2016-11-09,45.27000045776367,2.690000057220459,1272.5999755859375,340.75
2016-11-10,44.65999984741211,2.631999969482422,1265.5,343.5
2016-11-14,43.31999969482422,2.749000072479248,1221.199951171875,337.25
2016-11-15,45.810001373291016,2.7090001106262207,1224.0,341.5
2016-11-16,45.56999969482422,2.763999938964844,1223.4000244140625,338.5
2016-11-17,45.41999816894531,2.703000068664551,1216.5,342.0
2016-11-18,45.68999862670898,2.8429999351501465,1208.5,345.5
2016-11-21,47.4900016784668,2.950000047683716,1209.5999755859375,349.75
2016-11-22,48.02999877929688,2.9820001125335693,1211.0,351.0
2016-11-23,47.959999084472656,3.026000022888184,1189.0999755859375,350.75
2016-11-25,46.060001373291016,3.0850000381469727,1178.199951171875,349.25
2016-11-28,47.08000183105469,3.2320001125335693,1190.5999755859375,348.5
2016-11-29,45.22999954223633,3.315000057220459,1187.9000244140625,336.75
2016-11-30,49.43999862670898,3.351999998092652,1170.800048828125,336.75
2016-12-01,51.060001373291016,3.505000114440918,1166.9000244140625,331.75
2016-12-02,51.68000030517578,3.436000108718872,1175.0999755859375,337.5
2016-12-05,51.790000915527344,3.6540000438690186,1174.0,349.5
2016-12-06,50.93000030517578,3.634999990463257,1167.5999755859375,351.0
2016-12-07,49.77000045776367,3.6029999256134033,1175.0,350.5
2016-12-08,50.84000015258789,3.694999933242798,1169.800048828125,346.5
2016-12-09,51.5,3.746000051498413,1159.4000244140625,352.5
2016-12-12,52.83000183105469,3.506999969482422,1163.5,354.5
2016-12-13,52.97999954223633,3.4739999771118164,1156.699951171875,356.25
2016-12-14,51.040000915527344,3.539999961853028,1161.300048828125,351.75
2016-12-15,50.900001525878906,3.434000015258789,1127.800048828125,356.5
2016-12-16,51.900001525878906,3.414999961853028,1135.300048828125,356.25
2016-12-19,52.119998931884766,3.3919999599456787,1140.5,353.25
2016-12-20,52.22999954223633,3.263000011444092,1131.5,350.25
2016-12-21,52.4900016784668,3.5420000553131104,1131.0999755859375,347.25
2016-12-22,52.95000076293945,3.5380001068115234,1128.800048828125,347.25
2016-12-23,53.02000045776367,3.661999940872192,1131.9000244140625,345.75
2016-12-27,53.900001525878906,3.760999917984009,1137.300048828125,355.0
2016-12-28,54.060001373291016,3.930000066757202,1139.4000244140625,348.25
2016-12-29,53.77000045776367,3.802000045776367,1156.4000244140625,349.75
2016-12-30,53.720001220703125,3.723999977111816,1150.0,352.0
2017-01-03,52.33000183105469,3.32699990272522,1160.4000244140625,355.75
2017-01-04,53.2599983215332,3.2669999599456787,1163.800048828125,359.75
2017-01-05,53.7599983215332,3.2730000019073486,1179.699951171875,361.25
2017-01-06,53.9900016784668,3.2850000858306885,1171.9000244140625,358.0
2017-01-09,51.959999084472656,3.1029999256134038,1183.5,360.0
2017-01-10,50.81999969482422,3.2780001163482666,1184.199951171875,358.25
2017-01-11,52.25,3.2239999771118164,1195.5999755859375,357.25
2017-01-12,53.0099983215332,3.385999917984009,1198.9000244140625,358.25
2017-01-13,52.369998931884766,3.4189999103546143,1195.300048828125,358.5
2017-01-17,52.47999954223633,3.4119999408721924,1212.0,365.5
2017-01-18,51.08000183105469,3.302000045776367,1211.300048828125,365.0
2017-01-19,51.369998931884766,3.368000030517578,1200.9000244140625,366.25
2017-01-20,52.41999816894531,3.2039999961853027,1204.300048828125,369.75
2017-01-23,52.75,3.243000030517578,1215.0,369.5
2017-01-24,53.18000030517578,3.2790000438690186,1210.300048828125,363.25
2017-01-25,52.75,3.3320000171661377,1197.300048828125,366.25
2017-01-26,53.77999877929688,3.381999969482422,1189.5,363.75
2017-01-27,53.16999816894531,3.3910000324249268,1188.0999755859375,362.5
2017-01-30,52.630001068115234,3.2320001125335693,1193.199951171875,357.75
2017-01-31,52.810001373291016,3.117000102996826,1208.5999755859375,359.75
2017-02-01,53.880001068115234,3.1679999828338623,1205.5999755859375,368.25
2017-02-02,53.540000915527344,3.187000036239624,1216.699951171875,367.5
2017-02-03,53.83000183105469,3.062999963760376,1218.5,365.25
2017-02-06,53.0099983215332,3.049999952316284,1230.0,363.75
2017-02-07,52.16999816894531,3.130000114440918,1234.199951171875,368.5
2017-02-08,52.34000015258789,3.125999927520752,1237.5999755859375,370.75
2017-02-09,53.0,3.1410000324249268,1235.0999755859375,369.5
2017-02-10,53.86000061035156,3.0339999198913574,1234.4000244140625,374.5
2017-02-13,52.93000030517578,2.944000005722046,1224.4000244140625,375.5
2017-02-14,53.20000076293945,2.9049999713897705,1223.9000244140625,374.25
2017-02-15,53.11000061035156,2.924999952316284,1231.699951171875,378.75
2017-02-16,53.36000061035156,2.8540000915527344,1240.0,373.5
2017-02-17,53.400001525878906,2.8340001106262207,1237.5999755859375,368.25
2017-02-21,54.060001373291016,2.563999891281128,1237.5,369.25
2017-02-22,53.59000015258789,2.5920000076293945,1232.0,371.0
2017-02-23,54.45000076293945,2.617000102996826,1250.199951171875,365.5
2017-02-24,53.9900016784668,2.627000093460083,1256.9000244140625,364.0
2017-02-27,54.04999923706055,2.693000078201294,1257.4000244140625,360.25
2017-02-28,54.0099983215332,2.7739999294281006,1252.5999755859375,366.75
2017-03-01,53.83000183105469,2.799000024795532,1248.9000244140625,375.75
2017-03-02,52.61000061035156,2.803999900817871,1231.9000244140625,372.75
2017-03-03,53.33000183105469,2.82699990272522,1225.5,374.75
2017-03-06,53.20000076293945,2.901000022888184,1224.5,372.75
2017-03-07,53.13999938964844,2.8239998817443848,1215.0999755859375,369.5
2017-03-08,50.27999877929688,2.901000022888184,1208.5,365.25
2017-03-09,49.27999877929688,2.9739999771118164,1202.4000244140625,359.75
2017-03-10,48.4900016784668,3.007999897003174,1200.699951171875,358.0
2017-03-13,48.400001525878906,3.0429999828338623,1202.4000244140625,354.5
2017-03-14,47.720001220703125,2.937999963760376,1201.9000244140625,353.75
2017-03-15,48.86000061035156,2.9809999465942383,1200.0999755859375,363.5
2017-03-16,48.75,2.9019999504089355,1226.5,366.0
2017-03-17,48.77999877929688,2.947999954223633,1229.800048828125,367.5
2017-03-20,48.220001220703125,3.0409998893737797,1233.5999755859375,363.5
2017-03-21,47.34000015258789,3.0929999351501465,1246.0999755859375,361.25
2017-03-22,48.040000915527344,3.010999917984009,1249.300048828125,358.75
2017-03-23,47.70000076293945,3.0510001182556152,1246.9000244140625,356.75
2017-03-24,47.970001220703125,3.075999975204468,1248.199951171875,356.25
2017-03-27,47.72999954223633,3.052000045776367,1255.4000244140625,355.75
2017-03-28,48.369998931884766,3.095999956130981,1255.300048828125,357.75
2017-03-29,49.5099983215332,3.174999952316284,1253.4000244140625,358.5
2017-03-30,50.34999847412109,3.190999984741211,1245.0,357.5
2017-03-31,50.59999847412109,3.190000057220459,1247.300048828125,364.25
2017-04-03,50.2400016784668,3.128000020980835,1250.800048828125,367.75
2017-04-04,51.02999877929688,3.2929999828338623,1255.0,363.0
2017-04-05,51.150001525878906,3.2660000324249268,1245.4000244140625,364.75
2017-04-06,51.70000076293945,3.3310000896453857,1250.300048828125,360.75
2017-04-07,52.2400016784668,3.260999917984009,1254.300048828125,359.5
2017-04-10,53.08000183105469,3.23799991607666,1251.0999755859375,367.0
2017-04-11,53.400001525878906,3.150000095367432,1271.199951171875,366.5
2017-04-12,53.11000061035156,3.187000036239624,1275.300048828125,369.0
2017-04-13,53.18000030517578,3.226999998092652,1285.9000244140625,371.0
2017-04-17,52.650001525878906,3.1630001068115234,1289.4000244140625,366.5
2017-04-18,52.40999984741211,3.1449999809265137,1291.699951171875,361.75
2017-04-19,50.43999862670898,3.184999942779541,1281.4000244140625,361.75
2017-04-20,50.27000045776367,3.1589999198913574,1281.9000244140625,357.75
2017-04-21,49.619998931884766,3.1010000705718994,1287.4000244140625,357.0
2017-04-24,49.22999954223633,3.065999984741211,1275.800048828125,359.25
2017-04-25,49.560001373291016,3.0429999828338623,1265.5999755859375,365.0
2017-04-26,49.619998931884766,3.1419999599456787,1262.0999755859375,359.0
2017-04-27,48.970001220703125,3.239000082015991,1263.699951171875,362.0
2017-04-28,49.33000183105469,3.276000022888184,1266.0999755859375,358.0
2017-05-01,48.84000015258789,3.2149999141693115,1253.300048828125,369.25
2017-05-02,47.65999984741211,3.194999933242798,1255.0999755859375,364.0
2017-05-03,47.81999969482422,3.2279999256134038,1246.4000244140625,366.25
2017-05-04,45.52000045776367,3.186000108718872,1226.5,358.0
2017-05-05,46.220001220703125,3.2660000324249268,1224.800048828125,361.75
2017-05-08,46.43000030517578,3.171999931335449,1225.300048828125,356.75
2017-05-09,45.880001068115234,3.226999998092652,1214.300048828125,358.25
2017-05-10,47.33000183105469,3.2920000553131104,1217.300048828125,365.25
2017-05-11,47.83000183105469,3.375999927520752,1222.699951171875,360.5
2017-05-12,47.84000015258789,3.424000024795532,1226.199951171875,361.75
2017-05-15,48.84999847412109,3.3489999771118164,1228.5999755859375,367.75
2017-05-16,48.65999984741211,3.2300000190734863,1235.0,367.75
2017-05-17,49.06999969482422,3.191999912261963,1257.5,371.5
2017-05-18,49.34999847412109,3.181999921798706,1251.699951171875,366.0
2017-05-19,50.33000183105469,3.25600004196167,1252.699951171875,372.5
2017-05-22,50.72999954223633,3.3299999237060547,1260.699951171875,375.0
2017-05-23,51.470001220703125,3.219000101089477,1254.800048828125,369.5
2017-05-24,51.36000061035156,3.2090001106262207,1252.4000244140625,371.25
2017-05-25,48.900001525878906,3.184000015258789,1255.800048828125,369.25
2017-05-26,49.79999923706055,3.236000061035156,1267.5999755859375,374.25
2017-05-30,49.65999984741211,3.1449999809265137,1262.0999755859375,367.0
2017-05-31,48.31999969482422,3.071000099182129,1272.0,372.0
2017-06-01,48.36000061035156,3.007999897003174,1267.0,370.5
2017-06-02,47.65999984741211,2.999000072479248,1276.800048828125,372.75
2017-06-05,47.400001525878906,2.9820001125335693,1279.300048828125,373.0
2017-06-06,48.18999862670898,3.0420000553131104,1294.4000244140625,377.25
2017-06-07,45.720001220703125,3.0199999809265137,1290.0999755859375,384.75
2017-06-08,45.63999938964844,3.0280001163482666,1276.300048828125,385.75
2017-06-09,45.83000183105469,3.0390000343322754,1268.5,387.75
2017-06-12,46.08000183105469,3.0239999294281006,1266.0999755859375,377.25
2017-06-13,46.459999084472656,2.9660000801086426,1265.800048828125,381.0
2017-06-14,44.72999954223633,2.933000087738037,1272.800048828125,377.0
2017-06-15,44.459999084472656,3.055999994277954,1252.199951171875,379.5
2017-06-16,44.7400016784668,3.0369999408721924,1254.0,384.0
2017-06-19,44.20000076293945,2.8940000534057617,1244.199951171875,375.25
2017-06-20,43.22999954223633,2.907000064849853,1241.0,370.0
2017-06-21,42.52999877929688,2.8929998874664307,1243.4000244140625,368.75
2017-06-22,42.7400016784668,2.8940000534057617,1247.5999755859375,362.75
2017-06-23,43.0099983215332,2.928999900817871,1256.199951171875,357.75
2017-06-26,43.380001068115234,3.0269999504089355,1246.300048828125,359.0
2017-06-27,44.2400016784668,3.0369999408721924,1246.4000244140625,359.25
2017-06-28,44.7400016784668,3.066999912261963,1248.0,356.75
2017-06-29,44.93000030517578,3.0420000553131104,1244.199951171875,359.75
2017-06-30,46.040000915527344,3.0350000858306885,1240.699951171875,370.5
2017-07-03,47.06999969482422,2.950999975204468,1217.9000244140625,378.0
2017-07-05,45.130001068115234,2.8399999141693115,1220.4000244140625,381.75
2017-07-06,45.52000045776367,2.888000011444092,1222.199951171875,380.25
2017-07-07,44.22999954223633,2.864000082015991,1208.5999755859375,382.25
2017-07-10,44.400001525878906,2.928999900817871,1212.0999755859375,391.75
2017-07-11,45.040000915527344,3.046999931335449,1213.5999755859375,392.25
2017-07-12,45.4900016784668,2.984999895095825,1218.0999755859375,376.25
2017-07-13,46.08000183105469,2.9609999656677246,1216.300048828125,361.0
2017-07-14,46.540000915527344,2.9800000190734863,1226.5999755859375,365.25
2017-07-17,46.02000045776367,3.0199999809265137,1232.800048828125,375.0
2017-07-18,46.400001525878906,3.088000059127808,1241.0999755859375,377.0
2017-07-19,47.119998931884766,3.065999984741211,1241.199951171875,382.5
2017-07-20,46.790000915527344,3.0429999828338623,1244.800048828125,391.0
2017-07-21,45.77000045776367,2.970000028610229,1254.300048828125,379.75
2017-07-24,46.34000015258789,2.8989999294281006,1253.9000244140625,377.25
2017-07-25,47.88999938964844,2.944000005722046,1251.699951171875,368.75
2017-07-26,48.75,2.924000024795532,1249.0,372.75
2017-07-27,49.040000915527344,2.969000101089477,1259.5999755859375,374.25
2017-07-28,49.709999084472656,2.940999984741211,1268.4000244140625,374.25
2017-07-31,50.16999816894531,2.7939999103546143,1266.5999755859375,370.75
2017-08-01,49.15999984741211,2.819000005722046,1272.5999755859375,362.5
2017-08-02,49.59000015258789,2.811000108718872,1271.800048828125,365.0
2017-08-03,49.02999877929688,2.799999952316284,1267.800048828125,363.5
2017-08-04,49.58000183105469,2.7739999294281006,1258.300048828125,366.5
2017-08-07,49.38999938964844,2.8010001182556152,1258.199951171875,372.25
2017-08-08,49.16999816894531,2.822000026702881,1256.4000244140625,369.75
2017-08-09,49.560001373291016,2.882999897003174,1273.0,372.25
2017-08-10,48.59000015258789,2.984999895095825,1283.699951171875,357.25
2017-08-11,48.81999969482422,2.9830000400543213,1287.699951171875,360.75
2017-08-14,47.59000015258789,2.9590001106262207,1284.199951171875,362.75
2017-08-15,47.54999923706055,2.934999942779541,1273.699951171875,355.25
2017-08-16,46.77999877929688,2.890000104904175,1276.9000244140625,352.5
2017-08-17,47.09000015258789,2.928999900817871,1286.4000244140625,350.5
2017-08-18,48.5099983215332,2.8929998874664307,1285.699951171875,352.0
2017-08-21,47.369998931884766,2.961999893188477,1290.800048828125,349.0
2017-08-22,47.63999938964844,2.938999891281128,1285.0999755859375,346.0
2017-08-23,48.40999984741211,2.927999973297119,1288.9000244140625,342.0
2017-08-24,47.43000030517578,2.9489998817443848,1286.5,342.0
2017-08-25,47.869998931884766,2.8919999599456787,1292.5,338.75
2017-08-28,46.56999969482422,2.924999952316284,1309.699951171875,336.0
2017-08-29,46.43999862670898,2.9609999656677246,1313.0999755859375,333.5
2017-08-30,45.959999084472656,2.938999891281128,1308.0999755859375,329.5
2017-08-31,47.22999954223633,3.039999961853028,1316.199951171875,342.25
2017-09-01,47.290000915527344,3.069999933242798,1324.5,340.0
2017-09-05,48.65999984741211,2.9719998836517334,1339.199951171875,344.25
2017-09-06,49.15999984741211,3.0,1333.9000244140625,347.0
2017-09-07,49.09000015258789,2.9809999465942383,1345.0999755859375,341.75
2017-09-08,47.47999954223633,2.890000104904175,1346.0,344.25
2017-09-11,48.06999969482422,2.950000047683716,1331.0,345.5
2017-09-12,48.22999954223633,3.000999927520752,1328.0,340.0
2017-09-13,49.29999923706055,3.058000087738037,1323.4000244140625,338.5
2017-09-14,49.88999938964844,3.069999933242798,1324.699951171875,341.75
2017-09-15,49.88999938964844,3.0239999294281006,1320.4000244140625,354.75
2017-09-18,49.90999984741211,3.1459999084472656,1306.300048828125,351.5
2017-09-19,49.47999954223633,3.121999979019165,1306.199951171875,348.25
2017-09-20,50.40999984741211,3.094000101089477,1312.0,350.0
2017-09-21,50.54999923706055,2.946000099182129,1290.5999755859375,350.25
2017-09-22,50.65999984741211,2.9590001106262207,1293.300048828125,353.5
2017-09-25,52.220001220703125,2.9189999103546143,1306.800048828125,353.75
2017-09-26,51.880001068115234,2.9179999828338623,1297.0,352.25
2017-09-27,52.13999938964844,2.9739999771118164,1283.4000244140625,354.0
2017-09-28,51.560001373291016,3.0169999599456787,1285.5,352.5
2017-09-29,51.66999816894531,3.006999969482422,1281.5,355.25
2017-10-02,50.58000183105469,2.9159998893737797,1272.699951171875,351.5
2017-10-03,50.41999816894531,2.8949999809265137,1271.5,349.5
2017-10-04,49.97999954223633,2.940000057220459,1273.699951171875,348.25
2017-10-05,50.790000915527344,2.9230000972747803,1269.9000244140625,349.5
2017-10-06,49.290000915527344,2.86299991607666,1271.5999755859375,350.0
2017-10-09,49.58000183105469,2.8329999446868896,1281.800048828125,349.5
2017-10-10,50.91999816894531,2.8910000324249268,1290.5999755859375,349.25
2017-10-11,51.29999923706055,2.888999938964844,1285.800048828125,346.0
2017-10-12,50.59999847412109,2.989000082015991,1293.300048828125,349.0
2017-10-13,51.45000076293945,3.0,1301.5,352.75
2017-10-16,51.869998931884766,2.946000099182129,1299.9000244140625,350.5
2017-10-17,51.880001068115234,2.961999893188477,1283.0,350.0
2017-10-18,52.040000915527344,2.8540000915527344,1279.9000244140625,348.5
2017-10-19,51.290000915527344,2.872999906539917,1286.9000244140625,349.0
2017-10-20,51.470001220703125,2.914999961853028,1277.4000244140625,344.5
2017-10-23,51.900001525878906,2.990999937057495,1277.699951171875,351.25
2017-10-24,52.470001220703125,2.9739999771118164,1275.0,352.75
2017-10-25,52.18000030517578,2.9189999103546143,1275.4000244140625,351.0
2017-10-26,52.63999938964844,2.890000104904175,1266.300048828125,350.5
2017-10-27,53.900001525878906,2.752000093460083,1268.5,348.75
2017-10-30,54.150001525878906,2.9660000801086426,1274.0999755859375,348.75
2017-10-31,54.380001068115234,2.8959999084472656,1267.0,345.75
2017-11-01,54.29999923706055,2.8929998874664307,1274.0999755859375,348.25
2017-11-02,54.540000915527344,2.934999942779541,1274.9000244140625,350.5
2017-11-03,55.63999938964844,2.983999967575073,1266.5,348.25
2017-11-06,57.34999847412109,3.134000062942505,1279.4000244140625,348.0
2017-11-07,57.20000076293945,3.1519999504089355,1273.699951171875,347.75
2017-11-08,56.810001373291016,3.174999952316284,1281.5999755859375,348.25
2017-11-09,57.16999816894531,3.200000047683716,1285.5999755859375,341.5
2017-11-10,56.7400016784668,3.213000059127808,1272.4000244140625,343.5
2017-11-13,56.7599983215332,3.1670000553131104,1277.300048828125,342.25
2017-11-14,55.70000076293945,3.101999998092652,1281.5,337.5
2017-11-15,55.33000183105469,3.0799999237060547,1276.5,338.25
2017-11-16,55.13999938964844,3.052999973297119,1277.4000244140625,336.5
2017-11-17,56.54999923706055,3.0969998836517334,1295.800048828125,343.0
2017-11-20,56.09000015258789,3.046999931335449,1274.5999755859375,345.0
2017-11-21,56.83000183105469,3.0169999599456787,1281.0999755859375,345.0
2017-11-22,58.02000045776367,2.9679999351501465,1291.5999755859375,345.25
2017-11-24,58.95000076293945,2.812999963760376,1286.699951171875,342.25
2017-11-27,58.11000061035156,2.927999973297119,1293.800048828125,338.75
2017-11-28,57.9900016784668,3.0739998817443848,1294.699951171875,336.25
2017-11-29,57.29999923706055,3.178999900817871,1282.0999755859375,339.0
2017-11-30,57.400001525878906,3.025000095367432,1273.199951171875,341.75
2017-12-01,58.36000061035156,3.061000108718872,1278.800048828125,344.75
2017-12-04,57.470001220703125,2.984999895095825,1274.300048828125,339.5
2017-12-05,57.619998931884766,2.9140000343322754,1261.5999755859375,339.75
2017-12-06,55.959999084472656,2.921999931335449,1262.800048828125,339.25
2017-12-07,56.68999862670898,2.763000011444092,1249.800048828125,338.75
2017-12-08,57.36000061035156,2.7720000743865967,1245.199951171875,340.0
2017-12-11,57.9900016784668,2.828000068664551,1243.699951171875,336.5
2017-12-12,57.13999938964844,2.677999973297119,1238.5,335.75
2017-12-13,56.59999847412109,2.7149999141693115,1245.4000244140625,336.75
2017-12-14,57.040000915527344,2.684000015258789,1253.800048828125,336.25
2017-12-15,57.29999923706055,2.611999988555908,1254.300048828125,347.5
2017-12-18,57.15999984741211,2.744999885559082,1262.199951171875,347.0
2017-12-19,57.459999084472656,2.691999912261963,1260.699951171875,347.5
2017-12-20,58.09000015258789,2.63700008392334,1266.0999755859375,349.25
2017-12-21,58.36000061035156,2.5980000495910645,1267.300048828125,351.25
2017-12-22,58.470001220703125,2.6670000553131104,1275.4000244140625,352.0
2017-12-26,59.970001220703125,2.6429998874664307,1284.0999755859375,352.75
2017-12-27,59.63999938964844,2.73799991607666,1287.0,353.75
2017-12-28,59.84000015258789,2.9140000343322754,1294.0999755859375,352.0
2017-12-29,60.41999816894531,2.953000068664551,1306.300048828125,350.75
2018-01-02,60.369998931884766,3.055999994277954,1313.699951171875,353.25
2018-01-03,61.630001068115234,3.007999897003174,1316.199951171875,353.0
2018-01-04,62.0099983215332,2.880000114440918,1319.4000244140625,351.0
2018-01-05,61.43999862670898,2.7950000762939453,1320.300048828125,351.25
2018-01-08,61.72999954223633,2.8350000381469727,1318.5999755859375,347.25
2018-01-09,62.959999084472656,2.9230000972747803,1311.699951171875,349.0
2018-01-10,63.56999969482422,2.9059998989105225,1317.4000244140625,349.0
2018-01-11,63.79999923706055,3.0840001106262207,1320.5999755859375,348.75
2018-01-12,64.30000305175781,3.200000047683716,1333.4000244140625,346.25
2018-01-16,63.72999954223633,3.128999948501587,1335.4000244140625,348.25
2018-01-17,63.970001220703125,3.2320001125335693,1338.0,353.0
2018-01-18,63.95000076293945,3.188999891281128,1326.0,351.5
2018-01-19,63.369998931884766,3.184999942779541,1331.9000244140625,352.5
2018-01-22,63.4900016784668,3.2239999771118164,1330.9000244140625,352.0
2018-01-23,64.47000122070312,3.444000005722046,1335.699951171875,351.25
2018-01-24,65.61000061035156,3.509000062942505,1355.9000244140625,356.5
2018-01-25,65.51000213623047,3.447000026702881,1362.4000244140625,355.25
2018-01-26,66.13999938964844,3.505000114440918,1351.5999755859375,356.5
2018-01-29,65.55999755859375,3.63100004196167,,358.75
2018-01-30,64.5,3.194999933242798,1335.4000244140625,361.5
2018-01-31,64.7300033569336,2.994999885559082,1339.0,361.5
2018-02-01,65.80000305175781,2.8559999465942383,1344.300048828125,361.75
2018-02-02,65.44999694824219,2.845999956130981,1333.699951171875,361.5
2018-02-05,64.1500015258789,2.746999979019165,1333.0,358.75
2018-02-06,63.38999938964844,2.759000062942505,1326.0999755859375,363.5
2018-02-07,61.790000915527344,2.70199990272522,1311.5999755859375,365.25
2018-02-08,61.150001525878906,2.697000026702881,1316.9000244140625,365.75
2018-02-09,59.20000076293945,2.5840001106262207,1313.0999755859375,362.0
2018-02-12,59.290000915527344,2.552000045776367,1324.199951171875,367.0
2018-02-13,59.18999862670898,2.594000101089477,1328.0999755859375,366.75
2018-02-14,60.59999847412109,2.586999893188477,1355.5,367.25
2018-02-15,61.34000015258789,2.5799999237060547,1352.0999755859375,367.75
2018-02-16,61.68000030517578,2.558000087738037,1353.199951171875,367.5
2018-02-20,61.900001525878906,2.615999937057495,1328.800048828125,365.5
2018-02-21,61.68000030517578,2.6589999198913574,1330.0,365.75
2018-02-22,62.77000045776367,2.634000062942505,1330.5999755859375,366.75
2018-02-23,63.54999923706055,2.625,1328.199951171875,366.25
2018-02-26,63.90999984741211,2.638999938964844,1330.699951171875,368.5
2018-02-27,63.0099983215332,2.683000087738037,1315.5,370.5
2018-02-28,61.63999938964844,2.6670000553131104,1315.5,374.5
2018-03-01,60.9900016784668,2.697999954223633,1302.9000244140625,378.75
2018-03-02,61.25,2.694999933242798,1321.0999755859375,377.25
2018-03-05,62.56999969482422,2.7039999961853027,1318.0999755859375,378.25
2018-03-06,62.59999847412109,2.749000072479248,1333.5999755859375,379.75
2018-03-07,61.150001525878906,2.7769999504089355,1326.0,379.25
2018-03-08,60.119998931884766,2.75600004196167,1319.9000244140625,385.75
2018-03-09,62.040000915527344,2.7320001125335693,1322.4000244140625,383.0
2018-03-12,61.36000061035156,2.7780001163482666,1319.4000244140625,384.25
2018-03-13,60.709999084472656,2.7860000133514404,1325.9000244140625,385.5
2018-03-14,60.959999084472656,2.7309999465942383,1324.4000244140625,383.5
2018-03-15,61.18999862670898,2.680999994277954,1316.800048828125,386.75
2018-03-16,62.34000015258789,2.687999963760376,1311.300048828125,382.75
2018-03-19,62.060001373291016,2.651000022888184,1316.800048828125,375.0
2018-03-20,63.400001525878906,2.674999952316284,1311.0999755859375,374.5
2018-03-21,65.16999816894531,2.638000011444092,1320.699951171875,375.0
2018-03-22,64.30000305175781,2.617000102996826,1326.5999755859375,376.0
2018-03-23,65.87999725341797,2.5910000801086426,1349.300048828125,377.25
2018-03-26,65.55000305175781,2.618000030517578,1354.4000244140625,374.0
2018-03-27,65.25,2.690999984741211,1341.300048828125,374.0
2018-03-28,64.37999725341797,2.697999954223633,1324.199951171875,373.5
2018-03-29,64.94000244140625,2.7330000400543213,1322.800048828125,387.75
2018-04-02,63.0099983215332,2.683000087738037,1342.0999755859375,387.25
2018-04-03,63.5099983215332,2.697000026702881,1332.800048828125,388.5
2018-04-04,63.369998931884766,2.7179999351501465,1335.800048828125,381.0
2018-04-05,63.540000915527344,2.674999952316284,1324.300048828125,389.5
2018-04-06,62.060001373291016,2.700999975204468,1331.9000244140625,388.5
2018-04-09,63.41999816894531,2.693000078201294,1336.300048828125,390.75
2018-04-10,65.51000213623047,2.6559998989105225,1342.0,389.25
2018-04-11,66.81999969482422,2.674999952316284,1356.5,387.0
2018-04-12,67.06999969482422,2.686000108718872,1338.4000244140625,388.75
2018-04-13,67.38999938964844,2.734999895095825,1344.800048828125,386.25
2018-04-16,66.22000122070312,2.752000093460083,1347.5,382.5
2018-04-17,66.5199966430664,2.73799991607666,1347.199951171875,380.25
2018-04-18,68.47000122070312,2.739000082015991,1351.199951171875,383.0
2018-04-19,68.29000091552734,2.6600000858306885,1346.800048828125,382.0
2018-04-20,68.37999725341797,2.739000082015991,1336.699951171875,376.5
2018-04-23,68.63999938964844,2.740000009536743,1322.5,378.5
2018-04-24,67.69999694824219,2.7809998989105225,1331.4000244140625,381.25
2018-04-25,68.05000305175781,2.7860000133514404,1321.199951171875,386.5
2018-04-26,68.19000244140625,2.821000099182129,1316.300048828125,386.0
2018-04-27,68.0999984741211,2.7709999084472656,1320.300048828125,389.5
2018-04-30,68.56999969482422,2.763000011444092,1316.199951171875,392.5
2018-05-01,67.25,2.802000045776367,1303.800048828125,396.75
2018-05-02,67.93000030517578,2.753999948501587,1302.5999755859375,396.0
2018-05-03,68.43000030517578,2.7260000705718994,1310.699951171875,399.5
2018-05-04,69.72000122070312,2.7109999656677246,1312.699951171875,398.75
2018-05-07,70.7300033569336,2.740999937057495,1312.199951171875,393.25
2018-05-08,69.05999755859375,2.7320001125335693,1312.0,395.5
2018-05-09,71.13999938964844,2.736999988555908,1311.300048828125,394.75
2018-05-10,71.36000061035156,2.813999891281128,1320.800048828125,394.75
2018-05-11,70.69999694824219,2.805999994277954,1319.0,389.75
2018-05-14,70.95999908447266,2.8420000076293945,1316.5,389.0
2018-05-15,71.30999755859375,2.8359999656677246,1288.9000244140625,402.25
2018-05-16,71.48999786376953,2.815000057220459,1290.199951171875,399.25
2018-05-17,71.48999786376953,2.858999967575073,1288.199951171875,395.25
2018-05-18,71.27999877929688,2.8469998836517334,1290.199951171875,402.5
2018-05-21,72.23999786376953,2.809999942779541,1290.199951171875,402.75
2018-05-22,72.12999725341797,2.907999992370605,1291.699951171875,404.75
2018-05-23,71.83999633789062,2.9140000343322754,1289.300048828125,408.5
2018-05-24,70.70999908447266,2.940000057220459,1303.699951171875,404.25
2018-05-25,67.87999725341797,2.938999891281128,1303.300048828125,406.0
2018-05-29,66.7300033569336,2.875,1298.699951171875,400.0
2018-05-30,68.20999908447266,2.884999990463257,1301.5,393.5
2018-05-31,67.04000091552734,2.95199990272522,1300.0999755859375,394.0
2018-06-01,65.80999755859375,2.961999893188477,1294.800048828125,391.5
2018-06-04,64.75,2.930000066757202,1293.0999755859375,380.75
2018-06-05,65.5199966430664,2.890000104904175,1297.5,383.75
2018-06-06,64.7300033569336,2.8959999084472656,1297.0999755859375,378.25
2018-06-07,65.94999694824219,2.930000066757202,1298.699951171875,376.25
2018-06-08,65.73999786376953,2.890000104904175,1298.0999755859375,377.75
2018-06-11,66.0999984741211,2.9489998817443848,1298.9000244140625,367.25
2018-06-12,66.36000061035156,2.938999891281128,1295.0999755859375,377.5
2018-06-13,66.63999938964844,2.963000059127808,1296.9000244140625,376.0
2018-06-14,66.88999938964844,2.9649999141693115,1304.0,363.0
2018-06-15,65.05999755859375,3.0220000743865967,1274.5999755859375,361.25
2018-06-18,65.8499984741211,2.950999975204468,1276.199951171875,356.0
2018-06-19,65.06999969482422,2.900000095367432,1275.5999755859375,353.75
2018-06-20,66.22000122070312,2.96399998664856,1271.199951171875,354.25
2018-06-21,65.54000091552734,2.9749999046325684,1267.199951171875,357.0
2018-06-22,68.58000183105469,2.944999933242798,1267.4000244140625,357.25
2018-06-25,68.08000183105469,2.9230000972747803,1265.5999755859375,350.5
2018-06-26,70.52999877929688,2.938999891281128,1256.5999755859375,352.5
2018-06-27,72.76000213623047,2.996000051498413,1252.800048828125,352.5
2018-06-28,73.44999694824219,2.940000057220459,1247.800048828125,345.0
2018-06-29,74.1500015258789,2.924000024795532,1251.300048828125,350.25
2018-07-02,73.94000244140625,2.861999988555908,1239.800048828125,337.5
2018-07-03,74.13999938964844,2.869999885559082,1251.5999755859375,342.75
2018-07-05,72.94000244140625,2.836999893188477,1257.300048828125,343.5
2018-07-06,73.80000305175781,2.8580000400543213,1254.300048828125,351.75
2018-07-09,73.8499984741211,2.828000068664551,1258.0999755859375,345.75
2018-07-10,74.11000061035156,2.7880001068115234,1253.800048828125,339.75
2018-07-11,70.37999725341797,2.8289999961853027,1242.800048828125,331.25
2018-07-12,70.33000183105469,2.796999931335449,1245.0,336.5
2018-07-13,71.01000213623047,2.752000093460083,1239.5999755859375,330.25
2018-07-16,68.05999755859375,2.759000062942505,1238.0999755859375,341.75
2018-07-17,68.08000183105469,2.740000009536743,1225.699951171875,346.25
2018-07-18,68.76000213623047,2.720999956130981,1226.300048828125,347.25
2018-07-19,69.45999908447266,2.7690000534057617,1222.4000244140625,351.25
2018-07-20,70.45999908447266,2.756999969482422,1229.5,355.25
2018-07-23,67.88999938964844,2.720999956130981,1224.0,357.25
2018-07-24,68.5199966430664,2.7320001125335693,1223.9000244140625,352.0
2018-07-25,69.30000305175781,2.775000095367432,1231.4000244140625,359.25
2018-07-26,69.61000061035156,2.7799999713897705,1225.300048828125,361.5
2018-07-27,68.69000244140625,2.822000026702881,1222.5999755859375,362.0
2018-07-30,70.12999725341797,2.796999931335449,1221.300048828125,367.25
2018-07-31,68.76000213623047,2.782000064849853,1223.699951171875,372.25
2018-08-01,67.66000366210938,2.757999897003174,1217.9000244140625,365.0
2018-08-02,68.95999908447266,2.815999984741211,1210.5999755859375,366.75
2018-08-03,68.48999786376953,2.8529999256134038,1214.199951171875,369.75
2018-08-06,69.01000213623047,2.859999895095825,1208.5999755859375,371.0
2018-08-07,69.16999816894531,2.8970000743865967,1209.5999755859375,370.75
2018-08-08,66.94000244140625,2.9489998817443848,1212.5999755859375,371.25
2018-08-09,66.80999755859375,2.9549999237060547,1211.9000244140625,369.25
2018-08-10,67.62999725341797,2.944000005722046,1211.0999755859375,357.75
2018-08-13,67.19999694824219,2.930000066757202,1191.300048828125,356.5
2018-08-14,67.04000091552734,2.9590001106262207,1193.0,362.25
2018-08-15,65.01000213623047,2.940000057220459,1177.5,361.5
2018-08-16,65.45999908447266,2.907999992370605,1176.199951171875,365.25
2018-08-17,65.91000366210938,2.946000099182129,1176.5,364.25
2018-08-20,66.43000030517578,2.940999984741211,1186.800048828125,362.0
2018-08-21,67.3499984741211,2.9800000190734863,1192.5999755859375,359.75
2018-08-22,67.86000061035156,2.9560000896453857,1196.300048828125,352.5
2018-08-23,67.83000183105469,2.96399998664856,1187.0,346.75
2018-08-24,68.72000122070312,2.9170000553131104,1206.300048828125,348.5
2018-08-27,68.87000274658203,2.875999927520752,1209.0,346.75
2018-08-28,68.52999877929688,2.851999998092652,1207.4000244140625,341.0
2018-08-29,69.51000213623047,2.8949999809265137,1204.5,341.25
2018-08-30,70.25,2.874000072479248,1197.699951171875,341.0
2018-08-31,69.80000305175781,2.9159998893737797,1200.300048828125,351.0
2018-09-04,69.87000274658203,2.822999954223633,1192.699951171875,354.5
2018-09-05,68.72000122070312,2.7950000762939453,1194.9000244140625,351.75
2018-09-06,67.7699966430664,2.7720000743865967,1197.9000244140625,353.5
2018-09-07,67.75,2.776000022888184,1193.5999755859375,354.25
2018-09-10,67.54000091552734,2.803999900817871,1193.0,355.5
2018-09-11,69.25,2.828000068664551,1195.4000244140625,355.25
2018-09-12,70.37000274658203,2.8289999961853027,1204.699951171875,341.5
2018-09-13,68.58999633789062,2.816999912261963,1202.0,336.25
2018-09-14,68.98999786376953,2.7669999599456787,1195.0,337.0
2018-09-17,68.91000366210938,2.813999891281128,1199.699951171875,348.0
2018-09-18,69.8499984741211,2.933000087738037,1196.800048828125,343.25
2018-09-19,71.12000274658203,2.907999992370605,1202.199951171875,345.75
2018-09-20,70.80000305175781,2.9760000705718994,1206.199951171875,352.5
2018-09-21,70.77999877929688,2.976999998092652,1196.199951171875,357.25
2018-09-24,72.08000183105469,3.0380001068115234,1199.300048828125,360.5
2018-09-25,72.27999877929688,3.0820000171661377,1200.0,363.75
2018-09-26,71.56999969482422,3.0209999084472656,1194.0,363.0
2018-09-27,72.12000274658203,3.055999994277954,1182.300048828125,364.75
2018-09-28,73.25,3.007999897003174,1191.5,356.25
2018-10-01,75.30000305175781,3.094000101089477,1187.0999755859375,365.75
2018-10-02,75.2300033569336,3.1659998893737797,1202.4000244140625,367.5
2018-10-03,76.41000366210938,3.2300000190734863,1198.300048828125,364.75
2018-10-04,74.33000183105469,3.164999961853028,1197.199951171875,367.5
2018-10-05,74.33999633789062,3.1429998874664307,1201.199951171875,368.25
2018-10-08,74.29000091552734,3.2669999599456787,1184.4000244140625,366.5
2018-10-09,74.95999908447266,3.2660000324249268,1187.199951171875,364.5
2018-10-10,73.16999816894531,3.2839999198913574,1189.300048828125,362.75
2018-10-11,70.97000122070312,3.2219998836517334,1223.5,369.25
2018-10-12,71.33999633789062,3.1610000133514404,1218.0999755859375,373.75
2018-10-15,71.77999877929688,3.242000102996826,1226.4000244140625,378.25
2018-10-16,71.91999816894531,3.239000082015991,1227.300048828125,375.25
2018-10-17,69.75,3.319999933242798,1223.699951171875,374.25
2018-10-18,68.6500015258789,3.197999954223633,1226.5,370.75
2018-10-19,69.12000274658203,3.25,1225.300048828125,367.0
2018-10-22,69.16999816894531,3.138000011444092,1221.199951171875,369.5
2018-10-23,66.43000030517578,3.211999893188477,1233.4000244140625,370.25
2018-10-24,66.81999969482422,3.1659998893737797,1227.800048828125,368.25
2018-10-25,67.33000183105469,3.20199990272522,1229.0999755859375,361.0
2018-10-26,67.58999633789062,3.184999942779541,1232.5,367.75
2018-10-29,67.04000091552734,3.184999942779541,1224.5,366.75
2018-10-30,66.18000030517578,3.187000036239624,1222.5999755859375,364.75
2018-10-31,65.30999755859375,3.260999917984009,1212.300048828125,363.25
2018-11-01,63.68999862670898,3.236999988555908,1236.0,366.75
2018-11-02,63.13999938964844,3.2839999198913574,1230.9000244140625,371.25
2018-11-05,63.09999847412109,3.566999912261963,1229.800048828125,374.0
2018-11-06,62.209999084472656,3.555000066757202,1223.800048828125,373.25
2018-11-07,61.66999816894531,3.555000066757202,1226.199951171875,372.25
2018-11-08,60.66999816894531,3.5429999828338623,1222.9000244140625,373.5
2018-11-09,60.18999862670898,3.7190001010894775,1206.4000244140625,369.75
2018-11-12,59.93000030517578,3.788000106811523,1201.300048828125,371.25
2018-11-13,55.68999862670898,4.10099983215332,1199.199951171875,366.5
2018-11-14,56.25,4.836999893188477,1207.9000244140625,367.0
2018-11-15,56.459999084472656,4.038000106811523,1212.800048828125,367.5
2018-11-16,56.459999084472656,4.271999835968018,1220.800048828125,364.75
2018-11-19,56.7599983215332,4.699999809265137,1223.0999755859375,362.25
2018-11-20,53.43000030517578,4.5229997634887695,1219.0,361.25
2018-11-21,54.630001068115234,4.451000213623047,1225.800048828125,361.75
2018-11-23,50.41999816894531,4.308000087738037,1221.0,359.0
2018-11-26,51.630001068115234,4.248000144958496,1220.199951171875,356.0
2018-11-27,51.560001373291016,4.26200008392334,1211.199951171875,356.5
2018-11-28,50.290000915527344,4.715000152587891,1221.4000244140625,360.5
2018-11-29,51.45000076293945,4.645999908447266,1224.0999755859375,360.25
2018-11-30,50.93000030517578,4.611999988555908,1220.199951171875,366.5
2018-12-03,52.95000076293945,4.339000225067139,1233.9000244140625,371.25
2018-12-04,53.25,4.456999778747559,1241.0999755859375,374.25
2018-12-06,51.4900016784668,4.327000141143799,1238.0999755859375,372.0
2018-12-07,52.61000061035156,4.48799991607666,1246.800048828125,374.0
2018-12-10,51.0,4.545000076293945,1243.699951171875,374.25
2018-12-11,51.650001525878906,4.4070000648498535,1241.9000244140625,375.0
2018-12-12,51.150001525878906,4.136000156402588,1244.4000244140625,376.25
2018-12-13,52.58000183105469,4.124000072479248,1242.699951171875,375.5
2018-12-14,51.20000076293945,3.82699990272522,1237.0,376.75
2018-12-17,49.880001068115234,3.5280001163482666,1247.4000244140625,
2018-12-18,46.2400016784668,3.838000059127808,1249.199951171875,
2018-12-19,47.20000076293945,3.7260000705718994,1252.0999755859375,381.75
2018-12-20,45.880001068115234,3.5829999446868896,1263.5999755859375,375.25
2018-12-21,45.59000015258789,3.815999984741211,1253.800048828125,378.5
2018-12-24,42.52999877929688,3.4670000076293945,1267.5,377.75
2018-12-26,46.220001220703125,3.5429999828338623,1269.199951171875,373.25
2018-12-27,44.61000061035156,3.641999959945679,1277.300048828125,374.5
2018-12-28,45.33000183105469,3.302999973297119,1279.9000244140625,375.5
2018-12-31,45.40999984741211,2.940000057220459,1278.300048828125,375.0
2019-01-02,46.540000915527344,2.9579999446868896,1281.0,375.75
2019-01-03,47.09000015258789,2.944999933242798,1291.800048828125,379.75
2019-01-04,47.959999084472656,3.0439999103546143,1282.699951171875,383.0
2019-01-07,48.52000045776367,2.944000005722046,1286.800048828125,382.25
2019-01-08,49.77999877929688,2.9670000076293945,1283.199951171875,380.0
2019-01-09,52.36000061035156,2.983999967575073,1289.300048828125,382.0
2019-01-10,52.59000015258789,2.969000101089477,1284.699951171875,376.25
2019-01-11,51.59000015258789,3.0989999771118164,1287.0999755859375,378.25
2019-01-14,50.5099983215332,3.5910000801086426,1289.0999755859375,378.5
2019-01-15,52.11000061035156,3.500999927520752,1286.199951171875,371.25
2019-01-16,52.310001373291016,3.384000062942505,1291.5999755859375,374.0
2019-01-17,52.06999969482422,3.4130001068115234,1291.0,380.0
2019-01-18,53.79999923706055,3.4820001125335693,1281.300048828125,381.75
2019-01-22,52.56999969482422,3.039999961853028,1282.5,379.0
2019-01-23,52.619998931884766,2.9800000190734863,1283.0999755859375,378.75
2019-01-24,53.130001068115234,3.0989999771118164,1279.0999755859375,377.0
2019-01-25,53.68999862670898,3.177999973297119,1297.4000244140625,380.25
2019-01-28,51.9900016784668,2.9110000133514404,1302.4000244140625,379.75
2019-01-29,53.310001373291016,2.950000047683716,1308.199951171875,377.25
2019-01-30,54.22999954223633,2.8540000915527344,1309.9000244140625,381.25
2019-01-31,53.790000915527344,2.813999891281128,1319.699951171875,376.5
2019-02-01,55.2599983215332,2.733999967575073,1316.9000244140625,378.25
2019-02-04,54.560001373291016,2.6600000858306885,1314.300048828125,379.25
2019-02-05,53.65999984741211,2.6619999408721924,1314.199951171875,380.75
2019-02-06,54.0099983215332,2.6619999408721924,1309.5,380.0
2019-02-07,52.63999938964844,2.5510001182556152,1309.4000244140625,376.5
2019-02-08,52.720001220703125,2.5829999446868896,1313.699951171875,374.25
2019-02-11,52.40999984741211,2.6419999599456787,1307.0,372.75
2019-02-12,53.09999847412109,2.687999963760376,1309.199951171875,378.25
2019-02-13,53.900001525878906,2.575000047683716,1310.800048828125,378.75
2019-02-14,54.40999984741211,2.572999954223633,1309.800048828125,374.75
2019-02-15,55.59000015258789,2.625,1318.0999755859375,374.75
2019-02-19,56.09000015258789,2.6619999408721924,1340.0999755859375,369.75
2019-02-20,56.91999816894531,2.635999917984009,1343.300048828125,370.75
2019-02-21,56.959999084472656,2.697000026702881,1323.5,375.5
2019-02-22,57.2599983215332,2.7170000076293945,1329.199951171875,375.25
2019-02-25,55.47999954223633,2.8359999656677246,1325.9000244140625,370.5
2019-02-26,55.5,2.8550000190734863,1325.0999755859375,366.25
2019-02-27,56.93999862670898,2.799000024795532,1317.699951171875,363.75
2019-02-28,57.220001220703125,2.812000036239624,1312.800048828125,362.0
2019-03-01,55.79999923706055,2.858999967575073,1296.4000244140625,364.0
2019-03-04,56.59000015258789,2.8570001125335693,1284.800048828125,365.0
2019-03-05,56.560001373291016,2.884000062942505,1282.0,366.0
2019-03-06,56.220001220703125,2.8410000801086426,1284.9000244140625,362.5
2019-03-07,56.65999984741211,2.865999937057495,1283.800048828125,356.0
2019-03-08,56.06999969482422,2.865000009536743,1297.0,354.75
2019-03-11,56.790000915527344,2.7720000743865967,1288.800048828125,352.5
2019-03-12,56.869998931884766,2.7839999198913574,1296.300048828125,356.5
2019-03-13,58.2599983215332,2.819999933242798,1307.5,357.25
2019-03-14,58.61000061035156,2.8550000190734863,1293.4000244140625,361.5
2019-03-15,58.52000045776367,2.7950000762939453,1301.800048828125,373.25
2019-03-18,59.09000015258789,2.8499999046325684,1300.300048828125,371.5
2019-03-19,59.02999877929688,2.874000072479248,1305.0,371.25
2019-03-20,59.83000183105469,2.819999933242798,1300.5,371.5
2019-03-21,59.97999954223633,2.821000099182129,1306.0999755859375,376.25
2019-03-22,59.040000915527344,2.753000020980835,1311.5999755859375,378.25
2019-03-25,58.81999969482422,2.755000114440918,1321.9000244140625,379.75
2019-03-26,59.93999862670898,2.740000009536743,1314.300048828125,377.25
2019-03-27,59.40999984741211,2.713000059127808,1309.9000244140625,373.75
2019-03-28,59.29999923706055,2.711999893188477,1289.800048828125,374.0
2019-03-29,60.13999938964844,2.6619999408721924,1293.0,356.5
2019-04-01,61.59000015258789,2.7079999446868896,1288.4000244140625,361.75
2019-04-02,62.58000183105469,2.684000015258789,1290.0,361.5
2019-04-03,62.459999084472656,2.677000045776367,1289.9000244140625,362.75
2019-04-04,62.09999847412109,2.6429998874664307,1289.0,365.25
2019-04-05,63.08000183105469,2.6640000343322754,1290.4000244140625,362.5
2019-04-08,64.4000015258789,2.7079999446868896,1297.0999755859375,360.0
2019-04-09,63.97999954223633,2.6989998817443848,1303.5,360.0
2019-04-10,64.61000061035156,2.700000047683716,1309.0999755859375,361.75
2019-04-11,63.58000183105469,2.6640000343322754,1288.5999755859375,360.0
2019-04-12,63.88999938964844,2.6600000858306885,1290.5999755859375,361.0
2019-04-15,63.400001525878906,2.5899999141693115,1286.800048828125,362.75
2019-04-16,64.05000305175781,2.572000026702881,1272.5999755859375,359.0
2019-04-17,63.7599983215332,2.5169999599456787,1272.199951171875,358.25
2019-04-18,64.0,2.490000009536743,1271.9000244140625,358.5
2019-04-22,65.69999694824219,2.5239999294281006,1273.5,354.75
2019-04-23,66.30000305175781,2.4549999237060547,1269.300048828125,351.25
2019-04-24,65.88999938964844,2.461999893188477,1275.5,346.75
2019-04-25,65.20999908447266,2.513999938964844,1275.800048828125,347.5
2019-04-26,63.29999923706055,2.565999984741211,1284.9000244140625,351.25
2019-04-29,63.5,2.5929999351501465,1278.5999755859375,352.0
2019-04-30,63.90999984741211,2.575000047683716,1282.800048828125,353.25
2019-05-01,63.59999847412109,2.619999885559082,1281.4000244140625,360.0
2019-05-02,61.810001373291016,2.58899998664856,1269.699951171875,362.0
2019-05-03,61.93999862670898,2.566999912261963,1279.199951171875,363.0
2019-05-06,62.25,2.5239999294281006,1281.699951171875,355.75
2019-05-07,61.400001525878906,2.5369999408721924,1283.5,358.0
2019-05-08,62.119998931884766,2.609999895095825,1279.4000244140625,355.25
2019-05-09,61.70000076293945,2.595000028610229,1283.5,344.5
2019-05-10,61.65999984741211,2.61899995803833,1285.699951171875,342.5
2019-05-13,61.040000915527344,2.621000051498413,1300.0999755859375,347.5
2019-05-14,61.77999877929688,2.6589999198913574,1294.699951171875,360.5
2019-05-15,62.02000045776367,2.6010000705718994,1296.300048828125,369.5
2019-05-16,62.869998931884766,2.638999938964844,1285.0,379.0
2019-05-17,62.7599983215332,2.63100004196167,1274.5,383.25
2019-05-20,63.09999847412109,2.6730000972747803,1276.0999755859375,389.0
2019-05-21,62.9900016784668,2.61299991607666,1272.0,394.25
2019-05-22,61.41999816894531,2.5429999828338623,1273.5999755859375,394.5
2019-05-23,57.90999984741211,2.578000068664551,1284.800048828125,389.75
2019-05-24,58.630001068115234,2.5980000495910645,1283.0,404.25
2019-05-28,59.13999938964844,2.5820000171661377,1276.5,420.25
2019-05-29,58.810001373291016,2.632999897003174,1280.5999755859375,418.75
2019-05-30,56.59000015258789,2.546999931335449,1287.0999755859375,436.25
2019-05-31,53.5,2.4539999961853027,1305.800048828125,427.0
2019-06-03,53.25,2.4030001163482666,1322.699951171875,424.25
2019-06-04,53.47999954223633,2.4159998893737797,1323.4000244140625,425.25
2019-06-05,51.68000030517578,2.378000020980835,1328.300048828125,414.75
2019-06-06,52.59000015258789,2.3239998817443848,1337.5999755859375,420.5
2019-06-07,53.9900016784668,2.336999893188477,1341.199951171875,415.75
2019-06-10,53.2599983215332,2.3570001125335693,1324.699951171875,415.75
2019-06-11,53.27000045776367,2.3989999294281006,1326.4000244140625,427.75
2019-06-12,51.13999938964844,2.385999917984009,1331.9000244140625,430.0
2019-06-13,52.27999877929688,2.325000047683716,1339.199951171875,442.0
2019-06-14,52.5099983215332,2.38700008392334,1340.0999755859375,453.0
2019-06-17,51.93000030517578,2.385999917984009,1338.699951171875,454.75
2019-06-18,53.900001525878906,2.328000068664551,1346.5999755859375,449.75
2019-06-19,53.7599983215332,2.276000022888184,1344.5999755859375,441.0
2019-06-20,56.650001525878906,2.184999942779541,1392.9000244140625,450.0
2019-06-21,57.43000030517578,2.186000108718872,1396.199951171875,442.25
2019-06-24,57.900001525878906,2.302999973297119,1414.300048828125,446.75
2019-06-25,57.83000183105469,2.308000087738037,1414.9000244140625,447.5
2019-06-26,59.380001068115234,2.2909998893737797,1411.5999755859375,443.25
2019-06-27,59.43000030517578,2.3239998817443848,1408.4000244140625,440.0
2019-06-28,58.470001220703125,2.308000087738037,1409.699951171875,420.25
2019-07-01,59.09000015258789,2.2669999599456787,1385.5999755859375,412.0
2019-07-02,56.25,2.240000009536743,1404.5999755859375,413.5
2019-07-03,57.34000015258789,2.289999961853028,1417.699951171875,433.0
2019-07-05,57.5099983215332,2.4179999828338623,1396.699951171875,434.0
2019-07-08,57.65999984741211,2.4030001163482666,1397.0,438.5
2019-07-09,57.83000183105469,2.424999952316284,1397.5,431.75
2019-07-10,60.43000030517578,2.444000005722046,1410.0999755859375,434.25
2019-07-11,60.20000076293945,2.4159998893737797,1404.300048828125,447.75
2019-07-12,60.209999084472656,2.453000068664551,1409.9000244140625,449.5
2019-07-15,59.58000183105469,2.407999992370605,1411.4000244140625,441.0
2019-07-16,57.619998931884766,2.305999994277954,1409.199951171875,435.25
2019-07-17,56.77999877929688,2.303999900817871,1421.300048828125,436.0
2019-07-18,55.29999923706055,2.2869999408721924,1426.0999755859375,424.5
2019-07-19,55.630001068115234,2.250999927520752,1425.0999755859375,430.75
2019-07-22,56.220001220703125,2.312000036239624,1425.300048828125,422.25
2019-07-23,56.77000045776367,2.299999952316284,1420.0999755859375,425.5
2019-07-24,55.880001068115234,2.220000028610229,1422.800048828125,424.0
2019-07-25,56.02000045776367,2.24399995803833,1413.9000244140625,418.5
2019-07-26,56.20000076293945,2.1689999103546143,1418.5,414.5
2019-07-29,56.869998931884766,2.1410000324249268,1419.5999755859375,417.0
2019-07-30,58.04999923706055,2.13700008392334,1429.699951171875,411.25
2019-07-31,58.58000183105469,2.2330000400543213,1426.0999755859375,400.25
2019-08-01,53.95000076293945,2.20199990272522,1420.9000244140625,392.75
2019-08-02,55.65999984741211,2.121000051498413,1445.5999755859375,399.5
2019-08-05,54.68999862670898,2.069999933242798,1464.5999755859375,405.25
2019-08-06,53.630001068115234,2.111000061035156,1472.4000244140625,404.0
2019-08-07,51.09000015258789,2.0829999446868896,1507.300048828125,406.5
2019-08-08,52.540000915527344,2.128000020980835,1497.699951171875,411.0
2019-08-09,54.5,2.11899995803833,1496.5999755859375,410.25
2019-08-12,54.93000030517578,2.1050000190734863,1505.300048828125,385.25
2019-08-13,57.09999847412109,2.1470000743865967,1502.199951171875,366.0
2019-08-14,55.22999954223633,2.1429998874664307,1515.9000244140625,359.0
2019-08-15,54.470001220703125,2.2320001125335693,1519.5999755859375,360.75
2019-08-16,54.869998931884766,2.200000047683716,1512.5,371.0
2019-08-19,56.209999084472656,2.2100000381469727,1500.4000244140625,365.0
2019-08-20,56.34000015258789,2.2179999351501465,1504.5999755859375,359.5
2019-08-21,55.68000030517578,2.1700000762939453,1504.5999755859375,362.5
2019-08-22,55.34999847412109,2.1589999198913574,1497.300048828125,363.25
2019-08-23,54.16999816894531,2.1519999504089355,1526.5999755859375,359.75
2019-08-26,53.63999938964844,2.2300000190734863,1526.300048828125,358.5
2019-08-27,54.93000030517578,2.20199990272522,1541.0,357.0
2019-08-28,55.77999877929688,2.250999927520752,1537.800048828125,362.75
2019-08-29,56.709999084472656,2.2960000038146973,1526.5,359.75
2019-08-30,55.09999847412109,2.2850000858306885,1519.0999755859375,358.0
2019-09-03,53.93999862670898,2.3580000400543213,1545.9000244140625,349.75
2019-09-04,56.2599983215332,2.444999933242798,1550.300048828125,346.0
2019-09-05,56.29999923706055,2.434999942779541,1515.4000244140625,346.5
2019-09-06,56.52000045776367,2.496000051498413,1506.199951171875,342.5
2019-09-09,57.84999847412109,2.5850000381469727,1502.199951171875,340.75
2019-09-10,57.400001525878906,2.5799999237060547,1490.300048828125,348.5
2019-09-11,55.75,2.552000045776367,1494.4000244140625,348.25
2019-09-12,55.09000015258789,2.5739998817443848,1498.699951171875,354.5
2019-09-13,54.84999847412109,2.614000082015991,1490.9000244140625,355.5
2019-09-16,62.900001525878906,2.680999994277954,1503.0999755859375,374.0
2019-09-17,59.34000015258789,2.6679999828338623,1505.0999755859375,368.0
2019-09-18,58.11000061035156,2.63700008392334,1507.5,371.25
2019-09-19,58.130001068115234,2.5380001068115234,1498.4000244140625,372.75
2019-09-20,58.09000015258789,2.5339999198913574,1507.300048828125,370.75
2019-09-23,58.63999938964844,2.5269999504089355,1523.699951171875,373.25
2019-09-24,57.290000915527344,2.503000020980835,1532.0999755859375,374.75
2019-09-25,56.4900016784668,2.502000093460083,1504.5999755859375,374.25
2019-09-26,56.40999984741211,2.427999973297119,1507.5,372.5
2019-09-27,55.90999984741211,2.4040000438690186,1499.0999755859375,371.5
2019-09-30,54.06999969482422,2.3299999237060547,1465.699951171875,388.0
2019-10-01,53.619998931884766,2.282999992370605,1482.0,392.5
2019-10-02,52.63999938964844,2.246999979019165,1501.0,387.75
2019-10-03,52.45000076293945,2.3289999961853027,1507.0999755859375,388.75
2019-10-04,52.810001373291016,2.351999998092652,1506.199951171875,384.75
2019-10-07,52.75,2.302999973297119,1497.699951171875,387.0
2019-10-08,52.630001068115234,2.2880001068115234,1497.199951171875,395.75
2019-10-09,52.59000015258789,2.233999967575073,1506.0999755859375,394.25
2019-10-10,53.54999923706055,2.2179999351501465,1494.800048828125,380.25
2019-10-11,54.70000076293945,2.21399998664856,1482.699951171875,397.75
2019-10-14,53.59000015258789,2.2799999713897705,1491.699951171875,397.75
2019-10-15,52.810001373291016,2.33899998664856,1477.5999755859375,393.25
2019-10-16,53.36000061035156,2.302999973297119,1488.0,391.75
2019-10-17,53.93000030517578,2.318000078201294,1492.300048828125,394.75
2019-10-18,53.77999877929688,2.319999933242798,1488.199951171875,391.0
2019-10-21,53.310001373291016,2.23799991607666,1482.4000244140625,387.25
2019-10-22,54.15999984741211,2.2720000743865967,1481.699951171875,388.0
2019-10-23,55.970001220703125,2.282000064849853,1489.9000244140625,387.75
2019-10-24,56.22999954223633,2.315999984741211,1498.9000244140625,386.75
2019-10-25,56.65999984741211,2.299999952316284,1499.5,386.75
2019-10-28,55.810001373291016,2.446000099182129,1490.0,384.0
2019-10-29,55.540000915527344,2.5969998836517334,1487.0,386.25
2019-10-30,55.060001373291016,2.690999984741211,1493.199951171875,390.75
2019-10-31,54.18000030517578,2.632999897003174,1511.4000244140625,390.0
2019-11-01,56.20000076293945,2.71399998664856,1508.0,389.25
2019-11-04,56.540000915527344,2.821000099182129,1508.0,383.25
2019-11-05,57.22999954223633,2.861999988555908,1480.800048828125,381.75
2019-11-06,56.34999847412109,2.828000068664551,1490.199951171875,378.75
2019-11-07,57.150001525878906,2.7720000743865967,1464.199951171875,375.25
2019-11-08,57.2400016784668,2.7890000343322754,1461.300048828125,377.25
2019-11-11,56.86000061035156,2.63700008392334,1455.5,373.25
2019-11-12,56.79999923706055,2.621000051498413,1452.0999755859375,377.75
2019-11-13,57.119998931884766,2.5999999046325684,1461.699951171875,375.25
2019-11-14,56.77000045776367,2.6470000743865967,1471.800048828125,375.75
2019-11-15,57.720001220703125,2.687999963760376,1467.300048828125,371.25
2019-11-18,57.04999923706055,2.565999984741211,1470.9000244140625,367.75
2019-11-19,55.209999084472656,2.509999990463257,1473.300048828125,370.0
2019-11-20,57.11000061035156,2.559000015258789,1473.300048828125,366.75
2019-11-21,58.58000183105469,2.566999912261963,1463.0999755859375,368.5
2019-11-22,57.77000045776367,2.664999961853028,1463.0999755859375,368.75
2019-11-25,58.0099983215332,2.5309998989105225,1456.5999755859375,370.5
2019-11-26,58.40999984741211,2.470000028610229,1459.800048828125,367.5
2019-11-27,58.11000061035156,2.500999927520752,1453.4000244140625,362.75
2019-11-29,55.16999816894531,2.2809998989105225,1465.5999755859375,371.25
2019-12-02,55.959999084472656,2.3289999961853027,1462.300048828125,373.5
2019-12-03,56.09999847412109,2.440999984741211,1478.199951171875,372.0
2019-12-04,58.43000030517578,2.3989999294281006,1474.0,368.75
2019-12-05,58.43000030517578,2.427000045776367,1476.9000244140625,365.5
2019-12-06,59.20000076293945,2.3340001106262207,1459.0999755859375,366.5
2019-12-09,59.02000045776367,2.2320001125335693,1459.300048828125,365.75
2019-12-10,59.2400016784668,2.263999938964844,1462.5999755859375,363.25
2019-12-11,58.7599983215332,2.243000030517578,1469.4000244140625,357.75
2019-12-12,59.18000030517578,2.328000068664551,1466.699951171875,367.0
2019-12-13,60.06999969482422,2.2960000038146973,1475.5999755859375,366.25
2019-12-16,60.209999084472656,2.3410000801086426,1475.0,388.0
2019-12-17,60.93999862670898,2.319000005722046,1474.5999755859375,390.0
2019-12-18,60.93000030517578,2.2860000133514404,1472.5999755859375,387.0
2019-12-19,61.220001220703125,2.2730000019073486,1478.199951171875,386.5
2019-12-20,60.43999862670898,2.328000068664551,1474.699951171875,387.75
2019-12-23,60.52000045776367,2.21399998664856,1482.5,388.75
2019-12-24,61.11000061035156,2.171999931335449,1499.0999755859375,387.5
2019-12-26,61.68000030517578,2.2939999103546143,1509.300048828125,388.5
2019-12-27,61.720001220703125,2.157999992370605,1513.800048828125,390.0
2019-12-30,61.68000030517578,2.186000108718872,1514.5,388.25
2019-12-31,61.060001373291016,2.188999891281128,1519.5,387.75
2020-01-02,61.18000030517578,2.121999979019165,1524.5,391.5
2020-01-03,63.04999923706055,2.130000114440918,1549.199951171875,386.5
2020-01-06,63.27000045776367,2.134999990463257,1566.199951171875,384.75
2020-01-07,62.70000076293945,2.1619999408721924,1571.800048828125,384.5
2020-01-08,59.61000061035156,2.1410000324249268,1557.4000244140625,384.25
2020-01-09,59.560001373291016,2.1659998893737797,1551.699951171875,383.25
2020-01-10,59.040000915527344,2.20199990272522,1557.5,385.75
2020-01-13,58.08000183105469,2.181999921798706,1548.4000244140625,389.5
2020-01-14,58.22999954223633,2.187000036239624,1542.4000244140625,389.0
2020-01-15,57.810001373291016,2.119999885559082,1552.0999755859375,387.5
2020-01-16,58.52000045776367,2.07699990272522,1549.0,375.5
2020-01-17,58.540000915527344,2.003000020980835,1558.800048828125,389.25
2020-01-21,58.34000015258789,1.8949999809265137,1556.4000244140625,387.5
2020-01-22,56.7400016784668,1.9049999713897705,1555.300048828125,388.75
2020-01-23,55.59000015258789,1.9259999990463257,1564.5999755859375,393.75
2020-01-24,54.18999862670898,1.89300000667572,1571.0999755859375,387.25
2020-01-27,53.13999938964844,1.9019999504089355,1576.800048828125,380.5
2020-01-28,53.47999954223633,1.934000015258789,1569.199951171875,386.5
2020-01-29,53.33000183105469,1.8769999742507932,1569.800048828125,384.25
2020-01-30,52.13999938964844,1.8289999961853027,1583.5,379.5
2020-01-31,51.560001373291016,1.840999960899353,1582.9000244140625,381.25
2020-02-03,50.11000061035156,1.819000005722046,1577.199951171875,378.75
2020-02-04,49.61000061035156,1.871999979019165,1550.4000244140625,382.25
2020-02-05,50.75,1.8609999418258667,1557.800048828125,380.75
2020-02-06,50.95000076293945,1.861999988555908,1565.0999755859375,379.25
2020-02-07,50.31999969482422,1.8580000400543213,1568.5999755859375,383.5
2020-02-10,49.56999969482422,1.7660000324249268,1574.699951171875,381.75
2020-02-11,49.93999862670898,1.787999987602234,1565.5999755859375,379.75
2020-02-12,51.16999816894531,1.843999981880188,1567.4000244140625,383.0
2020-02-13,51.41999816894531,1.825999975204468,1575.0999755859375,379.5
2020-02-14,52.04999923706055,1.837000012397766,1582.699951171875,377.75
2020-02-18,52.04999923706055,1.9809999465942385,1600.0,383.0
2020-02-19,53.290000915527344,1.955000042915344,1607.5,380.5
2020-02-20,53.77999877929688,1.919999957084656,1616.5999755859375,378.5
2020-02-21,53.380001068115234,1.9049999713897705,1644.5999755859375,377.0
2020-02-24,51.43000030517578,1.8270000219345093,1672.4000244140625,372.25
2020-02-25,49.900001525878906,1.847000002861023,1646.9000244140625,372.5
2020-02-26,48.72999954223633,1.8209999799728396,1640.0,370.5
2020-02-27,47.09000015258789,1.7519999742507937,1640.0,364.5
2020-02-28,44.7599983215332,1.684000015258789,1564.0999755859375,366.5
2020-03-02,46.75,1.75600004196167,1592.300048828125,374.75
2020-03-03,47.18000030517578,1.7999999523162842,1642.0999755859375,381.75
2020-03-04,46.77999877929688,1.8270000219345093,1641.0999755859375,387.0
2020-03-05,45.900001525878906,1.7719999551773071,1666.4000244140625,384.5
2020-03-06,41.27999877929688,1.7079999446868896,1670.800048828125,377.25
2020-03-09,31.1299991607666,1.777999997138977,1674.5,374.25
2020-03-10,34.36000061035156,1.9359999895095823,1659.0999755859375,380.0
2020-03-11,32.97999954223633,1.878000020980835,1641.4000244140625,379.25
2020-03-12,31.5,1.840999960899353,1589.300048828125,369.75
2020-03-13,31.729999542236328,1.86899995803833,1515.699951171875,370.75
2020-03-16,28.700000762939453,1.815000057220459,1485.9000244140625,354.75
2020-03-17,26.950000762939453,1.7289999723434448,1524.9000244140625,344.0
2020-03-18,20.3700008392334,1.6039999723434448,1477.300048828125,335.25
2020-03-19,25.21999931335449,1.6540000438690186,1478.5999755859375,345.5
2020-03-20,22.43000030517578,1.6039999723434448,1484.0,343.75
2020-03-23,23.36000061035156,1.6019999980926514,1567.0,343.5
2020-03-24,24.01000022888184,1.652999997138977,1660.199951171875,347.25
2020-03-25,24.489999771118164,1.659000039100647,1632.300048828125,348.5
2020-03-26,22.600000381469727,1.6369999647140503,1650.0999755859375,348.75
2020-03-27,21.51000022888184,1.633999943733215,1623.9000244140625,346.0
2020-03-30,20.09000015258789,1.690000057220459,1622.0,341.25
2020-03-31,20.479999542236328,1.6399999856948853,1583.4000244140625,340.75
2020-04-01,20.309999465942383,1.587000012397766,1578.199951171875,334.75
2020-04-02,25.31999969482422,1.5520000457763672,1625.699951171875,333.5
2020-04-03,28.34000015258789,1.621000051498413,1633.699951171875,330.75
2020-04-06,26.07999992370605,1.7309999465942385,1677.0,327.75
2020-04-07,23.6299991607666,1.8519999980926516,1664.800048828125,331.5
2020-04-08,25.09000015258789,1.7829999923706057,1665.4000244140625,330.0
2020-04-09,22.76000022888184,1.7330000400543213,1736.199951171875,331.75
2020-04-13,22.40999984741211,1.7239999771118164,1744.800048828125,331.5
2020-04-14,20.11000061035156,1.649999976158142,1756.699951171875,326.0
2020-04-15,19.8700008392334,1.5980000495910645,1727.199951171875,319.25
2020-04-16,19.8700008392334,1.6859999895095823,1720.4000244140625,319.75
2020-04-17,18.270000457763672,1.753000020980835,1689.199951171875,322.25
2020-04-20,-37.630001068115234,1.924000024795532,1701.5999755859375,314.25
2020-04-21,10.010000228881836,1.8209999799728396,1678.199951171875,309.25
2020-04-22,13.779999732971191,1.9390000104904173,1728.699951171875,317.5
2020-04-23,16.5,1.815000057220459,1733.300048828125,319.25
2020-04-24,16.940000534057617,1.746000051498413,1723.5,315.75
2020-04-27,12.779999732971191,1.819000005722046,1711.9000244140625,305.5
2020-04-28,12.34000015258789,1.7940000295639038,1710.5,302.75
2020-04-29,15.0600004196167,1.86899995803833,1703.4000244140625,304.5
2020-04-30,18.84000015258789,1.9490000009536743,1684.199951171875,311.5
2020-05-01,19.780000686645508,1.8899999856948853,1694.5,311.5
2020-05-04,20.38999938964844,1.993000030517578,1706.9000244140625,310.75
2020-05-05,24.559999465942383,2.134000062942505,1704.4000244140625,313.0
2020-05-06,23.989999771118164,1.944000005722046,1684.199951171875,311.75
2020-05-07,23.549999237060547,1.8940000534057615,1721.800048828125,316.0
2020-05-08,24.739999771118164,1.8229999542236328,1709.9000244140625,319.0
2020-05-11,24.13999938964844,1.825999975204468,1695.300048828125,318.5
2020-05-12,25.780000686645508,1.7200000286102295,1704.4000244140625,323.75
2020-05-13,25.290000915527344,1.616000056266785,1713.9000244140625,320.25
2020-05-14,27.559999465942383,1.680999994277954,1738.0999755859375,320.25
2020-05-15,29.43000030517578,1.6460000276565552,1753.4000244140625,319.25
2020-05-18,31.81999969482422,1.7829999923706057,1731.800048828125,320.75
2020-05-19,32.5,1.830000042915344,1744.199951171875,321.25
2020-05-20,33.4900016784668,1.7710000276565552,1750.5999755859375,319.5
2020-05-21,33.91999816894531,1.7100000381469729,1720.5,317.75
2020-05-22,33.25,1.7309999465942385,1734.5999755859375,318.0
2020-05-26,34.349998474121094,1.7929999828338623,1704.800048828125,319.0
2020-05-27,32.810001373291016,1.722000002861023,1710.300048828125,320.5
2020-05-28,33.709999084472656,1.8270000219345093,1713.300048828125,327.5
2020-05-29,35.4900016784668,1.8489999771118164,1736.9000244140625,325.75
2020-06-01,35.439998626708984,1.77400004863739,1737.800048828125,323.25
2020-06-02,36.810001373291016,1.7769999504089355,1725.199951171875,324.25
2020-06-03,37.290000915527344,1.8209999799728396,1697.800048828125,324.0
2020-06-04,37.40999984741211,1.8220000267028809,1718.9000244140625,329.0
2020-06-05,39.54999923706055,1.781999945640564,1676.199951171875,331.25
2020-06-08,38.18999862670898,1.7890000343322754,1698.300048828125,333.75
2020-06-09,38.93999862670898,1.7669999599456787,1714.699951171875,327.5
2020-06-10,39.59999847412109,1.7799999713897705,1713.300048828125,326.25
2020-06-11,36.34000015258789,1.812999963760376,1732.0,329.75
2020-06-12,36.2599983215332,1.7309999465942385,1729.300048828125,330.0
2020-06-15,37.119998931884766,1.6690000295639038,1720.300048828125,329.25
2020-06-16,38.380001068115234,1.6139999628067017,1729.5999755859375,329.0
2020-06-17,37.959999084472656,1.6380000114440918,1729.199951171875,330.25
2020-06-18,38.84000015258789,1.6380000114440918,1724.800048828125,331.0
2020-06-19,39.75,1.6690000295639038,1745.9000244140625,332.5
2020-06-22,40.459999084472656,1.6640000343322754,1756.699951171875,328.25
2020-06-23,40.369998931884766,1.6369999647140503,1772.0999755859375,325.0
2020-06-24,38.0099983215332,1.597000002861023,1765.800048828125,324.25
2020-06-25,38.720001220703125,1.4819999933242798,1762.0999755859375,317.25
2020-06-26,38.4900016784668,1.4950000047683716,1772.5,317.0
2020-06-29,39.70000076293945,1.7089999914169312,1774.800048828125,326.25
2020-06-30,39.27000045776367,1.7510000467300415,1793.0,338.5
2020-07-01,39.81999969482422,1.6710000038146973,1773.199951171875,348.25
2020-07-02,40.650001525878906,1.7339999675750732,1784.0,342.5
2020-07-06,40.630001068115234,1.830000042915344,1788.5,346.5
2020-07-07,40.619998931884766,1.8760000467300413,1804.199951171875,345.0
2020-07-08,40.900001525878906,1.8240000009536743,1815.5,348.25
2020-07-09,39.619998931884766,1.7790000438690186,1799.199951171875,351.25
2020-07-10,40.54999923706055,1.8049999475479128,1798.199951171875,340.5
2020-07-13,40.09999847412109,1.7389999628067017,1811.0,334.0
2020-07-14,40.290000915527344,1.746000051498413,1810.5999755859373,334.75
2020-07-15,41.20000076293945,1.777999997138977,1811.4000244140625,326.25
2020-07-16,40.75,1.7230000495910645,1798.699951171875,330.25
2020-07-17,40.59000015258789,1.718000054359436,1808.300048828125,333.0
2020-07-20,40.810001373291016,1.6410000324249268,1815.9000244140625,328.25
2020-07-21,41.959999084472656,1.6749999523162842,1842.4000244140625,322.75
2020-07-22,41.900001525878906,1.680999994277954,1864.0999755859373,327.5
2020-07-23,41.06999969482422,1.784999966621399,1889.0999755859373,328.0
2020-07-24,41.290000915527344,1.807999968528748,1897.300048828125,326.25
2020-07-27,41.59999847412109,1.7339999675750732,1931.0,325.0
2020-07-28,41.040000915527344,1.7999999523162842,1944.699951171875,320.0
2020-07-29,41.27000045776367,1.8539999723434448,1953.5,315.5
2020-07-30,39.91999816894531,1.8289999961853027,1942.300048828125,315.75
2020-07-31,40.27000045776367,1.7990000247955322,1962.800048828125,316.0
2020-08-03,41.0099983215332,2.1010000705718994,1966.0,317.5
2020-08-04,41.70000076293945,2.193000078201294,2001.199951171875,308.25
2020-08-05,42.18999862670898,2.190999984741211,2031.0999755859373,311.0
2020-08-06,41.95000076293945,2.164999961853028,2051.5,311.25
2020-08-07,41.220001220703125,2.23799991607666,2010.0999755859373,307.75
2020-08-10,41.93999862670898,2.1530001163482666,2024.4000244140625,310.5
2020-08-11,41.61000061035156,2.1710000038146973,1932.5999755859373,311.5
2020-08-12,42.66999816894531,2.1519999504089355,1934.9000244140625,314.5
2020-08-13,42.2400016784668,2.181999921798706,1956.699951171875,325.25
2020-08-14,42.0099983215332,2.3559999465942383,1937.0,324.5
2020-08-17,42.88999938964844,2.33899998664856,1985.0,331.0
2020-08-18,42.88999938964844,2.4170000553131104,1999.4000244140625,327.0
2020-08-19,42.93000030517578,2.4260001182556152,1958.699951171875,325.0
2020-08-20,42.58000183105469,2.351999998092652,1933.800048828125,324.5
2020-08-21,42.34000015258789,2.447999954223633,1934.5999755859373,327.0
2020-08-24,42.619998931884766,2.513000011444092,1927.699951171875,331.75
2020-08-25,43.34999847412109,2.489000082015991,1911.800048828125,340.75
2020-08-26,43.38999938964844,2.4609999656677246,1940.699951171875,340.5
2020-08-27,43.040000915527344,2.5789999961853027,1921.5999755859373,344.25
2020-08-28,42.970001220703125,2.657000064849853,1964.5999755859373,346.0
2020-08-31,42.61000061035156,2.630000114440918,1967.5999755859373,348.5
2020-09-01,42.7599983215332,2.5269999504089355,1968.199951171875,349.5
2020-09-02,41.5099983215332,2.486000061035156,1934.4000244140625,349.75
2020-09-03,41.369998931884766,2.486999988555908,1927.5999755859373,344.5
2020-09-04,39.77000045776367,2.588000059127808,1923.9000244140625,347.25
2020-09-08,36.7599983215332,2.400000095367432,1933.0,351.0
2020-09-09,38.04999923706055,2.4059998989105225,1944.699951171875,350.0
2020-09-10,37.29999923706055,2.322999954223633,1954.199951171875,357.25
2020-09-11,37.33000183105469,2.2690000534057617,1937.800048828125,365.0
2020-09-14,37.2599983215332,2.309999942779541,1953.0999755859373,357.5
2020-09-15,38.27999877929688,2.361999988555908,1956.300048828125,366.0
2020-09-16,40.15999984741211,2.2669999599456787,1960.199951171875,371.75
2020-09-17,40.970001220703125,2.0420000553131104,1940.0,375.25
2020-09-18,41.11000061035156,2.0480000972747803,1952.0999755859373,378.5
2020-09-21,39.310001373291016,1.8350000381469729,1901.199951171875,369.75
2020-09-22,39.59999847412109,1.8339999914169312,1898.5999755859373,369.25
2020-09-23,39.93000030517578,2.125,1859.9000244140625,368.5
2020-09-24,40.310001373291016,2.247999906539917,1868.300048828125,363.5
2020-09-25,40.25,2.138999938964844,1857.699951171875,365.25
2020-09-28,40.59999847412109,2.1010000705718994,1872.800048828125,366.75
2020-09-29,39.290000915527344,2.561000108718872,1894.300048828125,364.75
2020-09-30,40.220001220703125,2.5269999504089355,1887.5,379.0
2020-10-01,38.720001220703125,2.5269999504089355,1908.4000244140625,382.75
2020-10-02,37.04999923706055,2.437999963760376,1900.199951171875,379.75
2020-10-05,39.220001220703125,2.615000009536743,1912.5,379.5
2020-10-06,40.66999816894531,2.5199999809265137,1901.0999755859373,385.0
2020-10-07,39.95000076293945,2.6059999465942383,1883.5999755859373,388.75
2020-10-08,41.18999862670898,2.627000093460083,1888.5999755859373,387.0
2020-10-09,40.59999847412109,2.740999937057495,1919.5,395.0
2020-10-12,39.43000030517578,2.88100004196167,1922.5,389.0
2020-10-13,40.20000076293945,2.8550000190734863,1888.5,391.25
2020-10-14,41.040000915527344,2.635999917984009,1901.300048828125,396.5
2020-10-15,40.959999084472656,2.775000095367432,1903.199951171875,403.75
2020-10-16,40.880001068115234,2.7730000019073486,1900.800048828125,402.0
2020-10-19,40.83000183105469,2.7950000762939453,1906.4000244140625,405.25
2020-10-20,41.459999084472656,2.9130001068115234,1910.4000244140625,408.75
2020-10-21,40.02999877929688,3.0230000019073486,1924.5999755859373,413.75
2020-10-22,40.63999938964844,3.006999969482422,1901.0999755859373,416.25
2020-10-23,39.84999847412109,2.970999956130981,1902.0,419.25
2020-10-26,38.560001373291016,3.0239999294281006,1902.699951171875,417.75
2020-10-27,39.56999969482422,3.0190000534057617,1908.800048828125,416.0
2020-10-28,37.38999938964844,2.996000051498413,1876.199951171875,401.5
2020-10-29,36.16999816894531,3.3010001182556152,1865.5999755859373,398.5
2020-10-30,35.790000915527344,3.3540000915527344,1877.4000244140625,398.5
2020-11-02,36.810001373291016,3.24399995803833,1890.4000244140625,397.5
2020-11-03,37.65999984741211,3.059000015258789,1908.5,401.0
2020-11-04,39.150001525878906,3.0460000038146973,1894.5999755859373,405.25
2020-11-05,38.790000915527344,2.941999912261963,1945.300048828125,409.25
2020-11-06,37.13999938964844,2.888000011444092,1950.300048828125,406.75
2020-11-09,40.290000915527344,2.858999967575073,1853.199951171875,407.5
2020-11-10,41.36000061035156,2.9489998817443848,1875.4000244140625,423.0
2020-11-11,41.45000076293945,3.0309998989105225,1860.699951171875,417.25
2020-11-12,41.119998931884766,2.9760000705718994,1872.5999755859373,408.25
2020-11-13,40.130001068115234,2.994999885559082,1885.699951171875,410.5
2020-11-16,41.34000015258789,2.697000026702881,1887.300048828125,416.25
2020-11-17,41.43000030517578,2.691999912261963,1884.5,420.25
2020-11-18,41.81999969482422,2.711999893188477,1873.5,425.75
2020-11-19,41.7400016784668,2.5920000076293945,1861.0999755859373,422.5
2020-11-20,42.150001525878906,2.650000095367432,1872.5999755859373,423.25
2020-11-23,43.060001373291016,2.7109999656677246,1837.800048828125,426.5
2020-11-24,44.90999984741211,2.775000095367432,1804.800048828125,425.75
2020-11-25,45.709999084472656,2.8959999084472656,1805.699951171875,420.0
2020-11-27,45.52999877929688,2.8429999351501465,1781.9000244140625,425.5
2020-11-30,45.34000015258789,2.881999969482422,1775.699951171875,419.75
2020-12-01,44.54999923706055,2.880000114440918,1814.0999755859373,414.75
2020-12-02,45.27999877929688,2.7799999713897705,1825.699951171875,419.0
2020-12-03,45.63999938964844,2.506999969482422,1836.800048828125,422.5
2020-12-04,46.2599983215332,2.575000047683716,1835.9000244140625,417.0
2020-12-07,45.7599983215332,2.4059998989105225,1861.800048828125,419.5
2020-12-08,45.59999847412109,2.3989999294281006,1870.800048828125,417.0
2020-12-09,45.52000045776367,2.441999912261963,1834.5999755859373,422.0
2020-12-10,46.77999877929688,2.552999973297119,1833.5999755859373,420.25
2020-12-11,46.56999969482422,2.5910000801086426,1839.800048828125,424.25
2020-12-14,46.9900016784668,2.681999921798706,1828.699951171875,419.25
2020-12-15,47.619998931884766,2.681999921798706,1852.300048828125,424.75
2020-12-16,47.81999969482422,2.677000045776367,1856.0999755859373,427.25
2020-12-17,48.36000061035156,2.635999917984009,1887.199951171875,432.5
2020-12-18,49.09999847412109,2.700000047683716,1885.699951171875,437.5
2020-12-21,47.7400016784668,2.7049999237060547,1879.199951171875,440.0
2020-12-22,47.02000045776367,2.7799999713897705,1866.5999755859373,443.5
2020-12-23,48.119998931884766,2.6080000400543213,1874.699951171875,447.25
2020-12-24,48.22999954223633,2.5179998874664307,1879.9000244140625,451.0
2020-12-28,47.619998931884766,2.305000066757202,1877.199951171875,456.5
2020-12-29,48.0,2.4670000076293945,1879.699951171875,466.0
2020-12-30,48.400001525878906,2.421999931335449,1891.0,474.5
2020-12-31,48.52000045776367,2.5390000343322754,1893.0999755859373,484.0
2021-01-04,47.619998931884766,2.5810000896453857,1944.699951171875,483.75
2021-01-05,49.93000030517578,2.70199990272522,1952.699951171875,491.75
2021-01-06,50.630001068115234,2.7160000801086426,1906.9000244140625,495.0
2021-01-07,50.83000183105469,2.7290000915527344,1912.300048828125,494.0
2021-01-08,52.2400016784668,2.700000047683716,1834.0999755859373,496.25
2021-01-11,52.25,2.746999979019165,1849.5999755859373,492.25
2021-01-12,53.209999084472656,2.753000020980835,1842.9000244140625,517.25
2021-01-13,52.90999984741211,2.726999998092652,1853.5999755859373,524.5
2021-01-14,53.56999969482422,2.6659998893737797,1850.300048828125,534.25
2021-01-15,52.36000061035156,2.736999988555908,1829.300048828125,531.5
2021-01-19,52.97999954223633,2.5460000038146973,1839.5,526.0
2021-01-20,53.2400016784668,2.5390000343322754,1865.9000244140625,522.0
2021-01-21,53.130001068115234,2.490999937057495,1865.300048828125,524.25
2021-01-22,52.27000045776367,2.446000099182129,1855.699951171875,500.5
2021-01-25,52.77000045776367,2.601999998092652,1854.9000244140625,511.5
2021-01-26,52.61000061035156,2.6559998989105225,1850.699951171875,532.25
2021-01-27,52.84999847412109,2.759999990463257,1844.9000244140625,534.0
2021-01-28,52.34000015258789,2.6640000343322754,1837.9000244140625,534.5
2021-01-29,52.20000076293945,2.563999891281128,1847.300048828125,547.0
2021-02-01,53.54999923706055,2.8499999046325684,1860.800048828125,549.25
2021-02-02,54.7599983215332,2.845000028610229,1830.5,543.0
2021-02-03,55.68999862670898,2.7890000343322754,1832.199951171875,552.0
2021-02-04,56.22999954223633,2.934999942779541,1788.9000244140625,550.0
2021-02-05,56.84999847412109,2.86299991607666,1810.9000244140625,548.5
2021-02-08,57.970001220703125,2.881999969482422,1831.9000244140625,563.75
2021-02-09,58.36000061035156,2.8350000381469727,1835.300048828125,556.25
2021-02-10,58.68000030517578,2.9110000133514404,1840.5999755859373,534.5
2021-02-11,58.2400016784668,2.868000030517578,1824.9000244140625,541.0
2021-02-12,59.470001220703125,2.9119999408721924,1821.5999755859373,538.75
2021-02-16,60.04999923706055,3.128999948501587,1797.199951171875,552.25
2021-02-17,61.13999938964844,3.219000101089477,1771.0999755859375,553.0
2021-02-18,60.52000045776367,3.0820000171661377,1773.4000244140625,550.25
2021-02-19,59.2400016784668,3.069000005722046,1775.800048828125,542.75
2021-02-22,61.4900016784668,2.953000068664551,1806.699951171875,551.0
2021-02-23,61.66999816894531,2.878999948501587,1804.4000244140625,553.75
2021-02-24,63.220001220703125,2.8540000915527344,1796.4000244140625,559.25
2021-02-25,63.52999877929688,2.7769999504089355,1774.4000244140625,554.75
2021-02-26,61.5,2.7709999084472656,1728.0999755859375,555.5
2021-03-01,60.63999938964844,2.7769999504089355,1722.5,547.5
2021-03-02,59.75,2.83899998664856,1733.0999755859375,560.75
2021-03-03,61.27999877929688,2.815999984741211,1715.300048828125,550.25
2021-03-04,63.83000183105469,2.746000051498413,1700.199951171875,546.25
2021-03-05,66.08999633789062,2.700999975204468,1698.0,562.0
2021-03-08,65.05000305175781,2.6640000343322754,1677.699951171875,565.0
2021-03-09,64.01000213623047,2.6619999408721924,1716.5999755859375,562.0
2021-03-10,64.44000244140625,2.691999912261963,1721.5,547.75
2021-03-11,66.0199966430664,2.6679999828338623,1722.300048828125,555.0
2021-03-12,65.61000061035156,2.5999999046325684,1719.5,549.25
2021-03-15,65.38999938964844,2.483999967575073,1728.9000244140625,549.5
2021-03-16,64.80000305175781,2.562000036239624,1730.5999755859375,554.25
2021-03-17,64.5999984741211,2.5280001163482666,1726.800048828125,558.0
2021-03-18,60.0,2.4809999465942383,1732.199951171875,546.5
2021-03-19,61.41999816894531,2.5350000858306885,1741.4000244140625,557.75
2021-03-22,61.54999923706055,2.5820000171661377,1737.800048828125,549.0
2021-03-23,57.7599983215332,2.507999897003174,1724.699951171875,551.25
2021-03-24,61.18000030517578,2.5179998874664307,1732.9000244140625,553.25
2021-03-25,58.560001373291016,2.569999933242798,1724.9000244140625,546.5
2021-03-26,60.970001220703125,2.556999921798706,1732.199951171875,552.5
2021-03-29,61.560001373291016,2.5859999656677246,1712.0999755859375,546.75
2021-03-30,60.54999923706055,2.622999906539917,1683.9000244140625,539.25
2021-03-31,59.15999984741211,2.6080000400543213,1713.800048828125,564.25
2021-04-01,61.45000076293945,2.638999938964844,1726.5,559.75
2021-04-05,58.650001525878906,2.510999917984009,1727.0,553.25
2021-04-06,59.33000183105469,2.4560000896453857,1741.5,554.25
2021-04-07,59.77000045776367,2.5199999809265137,1740.0999755859375,560.5
2021-04-08,59.59999847412109,2.5220000743865967,1756.800048828125,579.75
2021-04-09,59.31999969482422,2.526000022888184,1743.300048828125,577.25
2021-04-12,59.70000076293945,2.561000108718872,1731.199951171875,569.0
2021-04-13,60.18000030517578,2.61899995803833,1746.199951171875,580.0
2021-04-14,63.150001525878906,2.618000030517578,1734.9000244140625,594.0
2021-04-15,63.459999084472656,2.657999992370605,1765.4000244140625,590.0
2021-04-16,63.130001068115234,2.680000066757202,1779.0,585.5
2021-04-19,63.380001068115234,2.749000072479248,1769.4000244140625,592.0
2021-04-20,62.43999862670898,2.726999998092652,1777.300048828125,606.5
2021-04-21,61.34999847412109,2.691999912261963,1792.300048828125,625.5
2021-04-22,61.43000030517578,2.749000072479248,1781.199951171875,650.5
2021-04-23,62.13999938964844,2.7300000190734863,1777.0,655.5
2021-04-26,61.90999984741211,2.789999961853028,1779.199951171875,680.5
2021-04-27,62.93999862670898,2.872999906539917,1778.0,695.5
2021-04-28,63.86000061035156,2.924999952316284,1773.199951171875,686.25
2021-04-29,65.01000213623047,2.9110000133514404,1768.0999755859375,702.0
2021-04-30,63.58000183105469,2.930999994277954,1767.300048828125,740.0
2021-05-03,64.48999786376953,2.9660000801086426,1791.4000244140625,732.25
2021-05-04,65.69000244140625,2.9670000076293945,1775.800048828125,744.75
2021-05-05,65.62999725341797,2.937999963760376,1784.0999755859375,753.25
2021-05-06,64.70999908447266,2.927999973297119,1815.5,759.5
2021-05-07,64.9000015258789,2.9579999446868896,1831.0999755859373,772.75
2021-05-10,64.91999816894531,2.931999921798706,1837.5,748.0
2021-05-11,65.27999877929688,2.9549999237060547,1835.9000244140625,759.5
2021-05-12,66.08000183105469,2.969000101089477,1822.5999755859373,757.5
2021-05-13,63.81999969482422,2.9730000495910645,1823.800048828125,719.0
2021-05-14,65.37000274658203,2.9609999656677246,1837.9000244140625,685.0
2021-05-17,66.2699966430664,3.108999967575073,1867.5,652.5
2021-05-18,65.48999786376953,3.01200008392334,1867.800048828125,658.25
2021-05-19,63.36000061035156,2.96399998664856,1881.300048828125,658.25
2021-05-20,62.04999923706055,2.924999952316284,1881.800048828125,664.5
2021-05-21,63.58000183105469,2.9059998989105225,1876.699951171875,659.5
2021-05-24,66.05000305175781,2.885999917984009,1884.5999755859373,657.25
2021-05-25,66.06999969482422,2.9130001068115234,1898.0999755859373,620.25
2021-05-26,66.20999908447266,2.983999967575073,1901.300048828125,624.5
2021-05-27,66.8499984741211,2.9579999446868896,1895.699951171875,664.5
2021-05-28,66.31999969482422,2.986000061035156,1902.5,656.75
2021-06-01,67.72000122070312,3.1040000915527344,1902.9000244140625,688.75
2021-06-02,68.83000183105469,3.075000047683716,1907.5,675.0
2021-06-03,68.80999755859375,3.0409998893737797,1871.199951171875,662.0
2021-06-04,69.62000274658203,3.0969998836517334,1889.800048828125,682.75
2021-06-07,69.2300033569336,3.069999933242798,1896.800048828125,679.25
2021-06-08,70.05000305175781,3.128000020980835,1892.199951171875,680.0
2021-06-09,69.95999908447266,3.128999948501587,1893.199951171875,690.75
2021-06-10,70.29000091552734,3.1489999294281006,1894.199951171875,699.0
2021-06-11,70.91000366210938,3.2960000038146973,1877.4000244140625,684.5
2021-06-14,70.87999725341797,3.351999998092652,1864.0,659.25
2021-06-15,72.12000274658203,3.240000009536743,1854.5,667.5
2021-06-16,72.1500015258789,3.250999927520752,1859.5,673.0
2021-06-17,71.04000091552734,3.253000020980835,1773.800048828125,633.0
2021-06-18,71.63999938964844,3.2149999141693115,1767.9000244140625,655.25
2021-06-21,73.66000366210938,3.190999984741211,1781.800048828125,659.25
2021-06-22,73.05999755859375,3.257999897003174,1776.300048828125,659.75
2021-06-23,73.08000183105469,3.3329999446868896,1782.300048828125,664.25
2021-06-24,73.30000305175781,3.4179999828338623,1775.5999755859375,653.25
2021-06-25,74.05000305175781,3.496000051498413,1776.5999755859375,636.5
2021-06-28,72.91000366210938,3.617000102996826,1779.5999755859375,675.5
2021-06-29,72.9800033569336,3.630000114440918,1762.800048828125,694.5
2021-06-30,73.47000122070312,3.650000095367432,1770.800048828125,720.0
2021-07-01,75.2300033569336,3.66100001335144,1775.9000244140625,719.75
2021-07-02,75.16000366210938,3.700000047683716,1782.5999755859375,697.25
2021-07-06,73.37000274658203,3.63700008392334,1793.5,656.0
2021-07-07,72.19999694824219,3.595999956130981,1801.5,652.5
2021-07-08,72.94000244140625,3.687999963760376,1799.5999755859375,638.0
2021-07-09,74.55999755859375,3.674000024795532,1810.0,629.75
2021-07-12,74.0999984741211,3.749000072479248,1805.5,669.25
2021-07-13,75.25,3.696000099182129,1809.4000244140625,677.0
2021-07-14,73.12999725341797,3.660000085830689,1824.300048828125,683.0
2021-07-15,71.6500015258789,3.614000082015991,1828.4000244140625,564.25
2021-07-16,71.80999755859375,3.674000024795532,1814.5,556.0
2021-07-19,66.41999816894531,3.7790000438690186,1808.699951171875,556.0
2021-07-20,67.41999816894531,3.875999927520752,1810.9000244140625,571.75
2021-07-21,70.30000305175781,3.9590001106262207,1802.9000244140625,571.75
2021-07-22,71.91000366210938,4.002999782562256,1805.0,564.5
2021-07-23,72.06999969482422,4.059999942779541,1801.4000244140625,547.25
2021-07-26,71.91000366210938,4.102000236511231,1798.699951171875,549.75
2021-07-27,71.6500015258789,3.970999956130981,1799.5,548.75
2021-07-28,72.38999938964844,4.044000148773193,1799.5,549.25
2021-07-29,73.62000274658203,4.059000015258789,1831.199951171875,558.0
2021-07-30,73.94999694824219,3.9140000343322754,1812.5999755859373,547.0
2021-08-02,71.26000213623047,3.934999942779541,1818.0999755859373,558.75
2021-08-03,70.55999755859375,4.026999950408936,1810.0999755859373,550.5
2021-08-04,68.1500015258789,4.1579999923706055,1810.5,545.75
2021-08-05,69.08999633789062,4.139999866485596,1805.0999755859373,555.75
2021-08-06,68.27999877929688,4.139999866485596,1760.0,555.0
2021-08-09,66.4800033569336,4.059999942779541,1723.4000244140625,550.25
2021-08-10,68.29000091552734,4.089000225067139,1728.800048828125,549.25
2021-08-11,69.25,4.059000015258789,1750.4000244140625,556.25
2021-08-12,69.08999633789062,3.933000087738037,1749.0,567.0
2021-08-13,68.44000244140625,3.861000061035156,1775.199951171875,568.25
2021-08-16,67.29000091552734,3.946000099182129,1786.9000244140625,564.75
2021-08-17,66.58999633789062,3.836999893188477,1785.0,558.25
2021-08-18,65.45999908447266,3.8519999980926514,1781.5999755859375,561.75
2021-08-19,63.68999862670898,3.829999923706055,1780.199951171875,550.0
2021-08-20,62.31999969482422,3.8510000705718994,1781.0,538.75
2021-08-23,65.63999938964844,3.944999933242798,1803.199951171875,538.0
2021-08-24,67.54000091552734,3.8959999084472656,1805.5999755859373,544.5
2021-08-25,68.36000061035156,3.8970000743865967,1788.199951171875,551.25
2021-08-26,67.41999816894531,4.184000015258789,1792.199951171875,552.75
2021-08-27,68.73999786376953,4.369999885559082,1816.5999755859373,558.0
2021-08-30,69.20999908447266,4.304999828338623,1809.0,540.25
2021-08-31,68.5,4.376999855041504,1815.0,534.0
2021-09-01,68.58999633789062,4.614999771118164,1813.0999755859373,515.5
2021-09-02,69.98999786376953,4.640999794006348,1808.699951171875,516.25
2021-09-03,69.29000091552734,4.711999893188477,1830.9000244140625,508.0
2021-09-07,68.3499984741211,4.567999839782715,1795.9000244140625,495.75
2021-09-08,69.30000305175781,4.914000034332275,1790.699951171875,498.25
2021-09-09,68.13999938964844,5.031000137329102,1797.4000244140625,496.0
2021-09-10,69.72000122070312,4.938000202178955,1789.5999755859375,502.75
2021-09-13,70.44999694824219,5.230999946594238,1792.0,496.75
2021-09-14,70.45999908447266,5.260000228881836,1804.699951171875,503.0
2021-09-15,72.61000061035156,5.460000038146973,1792.4000244140625,533.5
2021-09-16,72.61000061035156,5.335000038146973,1754.5999755859375,529.5
2021-09-17,71.97000122070312,5.105000019073486,1749.4000244140625,527.25
2021-09-20,70.29000091552734,4.985000133514404,1761.800048828125,521.75
2021-09-21,70.55999755859375,4.804999828338623,1776.0,517.0
2021-09-22,72.2300033569336,4.804999828338623,1776.699951171875,525.5
2021-09-23,73.30000305175781,4.97599983215332,1747.699951171875,529.25
2021-09-24,73.9800033569336,5.139999866485596,1749.699951171875,526.75
2021-09-27,75.44999694824219,5.705999851226807,1750.0,539.5
2021-09-28,75.29000091552734,5.841000080108643,1735.800048828125,532.5
2021-09-29,74.83000183105469,5.477000236511231,1721.5,539.0
2021-09-30,75.02999877929688,5.867000102996826,1755.300048828125,536.75
2021-10-01,75.87999725341797,5.61899995803833,1757.0,541.5
2021-10-04,77.62000274658203,5.765999794006348,1766.199951171875,540.75
2021-10-05,78.93000030517578,6.311999797821045,1759.5999755859375,537.5
2021-10-06,77.43000030517578,5.675000190734863,1760.5,532.25
2021-10-07,78.30000305175781,5.677000045776367,1757.9000244140625,534.0
2021-10-08,79.3499984741211,5.565000057220459,1756.300048828125,530.5
2021-10-11,80.5199966430664,5.34499979019165,1754.5999755859375,533.0
2021-10-12,80.63999938964844,5.505000114440918,1758.300048828125,522.5
2021-10-13,80.44000244140625,5.590000152587891,1793.699951171875,512.25
2021-10-14,81.30999755859375,5.686999797821045,1796.699951171875,516.75
2021-10-15,82.27999877929688,5.409999847412109,1767.199951171875,525.75
2021-10-18,82.44000244140625,4.988999843597412,1764.800048828125,532.75
2021-10-19,82.95999908447266,5.0879998207092285,1769.699951171875,530.25
2021-10-20,83.87000274658203,5.170000076293945,1784.0999755859375,539.25
2021-10-21,82.5,5.114999771118164,1781.199951171875,532.25
2021-10-22,83.76000213623047,5.28000020980835,1795.5,538.0
2021-10-25,83.76000213623047,5.8979997634887695,1806.0,538.0
2021-10-26,84.6500015258789,5.881999969482422,1792.699951171875,543.5
2021-10-27,82.66000366210938,6.202000141143799,1797.9000244140625,557.25
2021-10-28,82.80999755859375,5.7820000648498535,1801.5999755859373,562.75
2021-10-29,83.56999969482422,5.426000118255615,1783.0,568.25
2021-11-01,84.05000305175781,5.185999870300293,1795.0999755859375,579.0
2021-11-02,83.91000366210938,5.541999816894531,1788.699951171875,573.0
2021-11-03,80.86000061035156,5.670000076293945,1763.5999755859375,564.0
2021-11-04,78.80999755859375,5.716000080108643,1793.0,559.25
2021-11-05,81.2699966430664,5.515999794006348,1816.4000244140625,553.0
2021-11-08,81.93000030517578,5.427000045776367,1827.4000244140625,551.5
2021-11-09,84.1500015258789,4.979000091552734,1830.199951171875,554.75
2021-11-10,81.33999633789062,4.880000114440918,1847.5999755859373,569.25
2021-11-11,81.58999633789062,5.14900016784668,1863.199951171875,569.5
2021-11-12,80.79000091552734,4.790999889373779,1867.9000244140625,577.25
2021-11-15,80.87999725341797,5.017000198364258,1866.0999755859373,576.5
2021-11-16,80.76000213623047,5.177000045776367,1853.5999755859373,571.0
2021-11-17,78.36000061035156,4.815999984741211,1869.699951171875,575.25
2021-11-18,79.01000213623047,4.901999950408936,1861.0,573.0
2021-11-19,76.0999984741211,5.065000057220459,1851.199951171875,570.75
2021-11-22,76.75,4.789000034332275,1806.0,576.75
2021-11-23,78.5,4.9670000076293945,1783.5,580.5
2021-11-24,78.38999938964844,5.067999839782715,1784.0999755859375,579.75
2021-11-26,68.1500015258789,5.447000026702881,1785.300048828125,586.75
2021-11-29,69.94999694824219,4.854000091552734,1782.300048828125,581.0
2021-11-30,66.18000030517578,4.566999912261963,1773.5999755859375,567.0
2021-12-01,65.56999969482422,4.257999897003174,1781.5999755859375,572.0
2021-12-02,66.5,4.056000232696533,1760.699951171875,577.0
2021-12-03,66.26000213623047,4.131999969482422,1782.0,586.0
2021-12-06,69.48999786376953,3.6570000648498535,1777.5,583.5
2021-12-07,72.05000305175781,3.7079999446868896,1782.5999755859375,586.25
2021-12-08,72.36000061035156,3.815000057220459,1783.4000244140625,584.75
2021-12-09,70.94000244140625,3.813999891281128,1774.5999755859375,588.5
2021-12-10,71.66999816894531,3.924999952316284,1782.9000244140625,588.5
2021-12-13,71.29000091552734,3.7939999103546143,1786.300048828125,584.25
2021-12-14,70.7300033569336,3.746999979019165,1770.4000244140625,588.75
2021-12-15,70.87000274658203,3.802000045776367,1762.5999755859375,585.75
2021-12-16,72.37999725341797,3.766000032424927,1796.5999755859375,591.25
2021-12-17,70.86000061035156,3.690000057220459,1803.800048828125,593.25
2021-12-20,68.2300033569336,3.8340001106262207,1793.699951171875,591.0
2021-12-21,71.12000274658203,3.86899995803833,1787.9000244140625,598.25
2021-12-22,72.76000213623047,3.9760000705718994,1801.5999755859373,602.5
2021-12-23,73.79000091552734,3.7309999465942383,1811.199951171875,605.75
2021-12-27,75.56999969482422,4.059999942779541,1808.0999755859373,614.75
2021-12-28,75.9800033569336,4.054999828338623,1810.199951171875,604.75
2021-12-29,76.55999755859375,4.02400016784668,1805.0999755859373,605.5
2021-12-30,76.98999786376953,3.561000108718872,1812.699951171875,596.0
2021-12-31,75.20999908447266,3.7300000190734863,1827.5,593.25
2022-01-03,76.08000183105469,3.815000057220459,1799.4000244140625,589.25
2022-01-04,76.98999786376953,3.7170000076293945,1814.0,609.5
2022-01-05,77.8499984741211,3.881999969482422,1824.5999755859373,602.25
2022-01-06,79.45999908447266,3.812000036239624,1788.699951171875,603.75
2022-01-07,78.9000015258789,3.9159998893737793,1797.0,606.75
2022-01-10,78.2300033569336,4.078999996185303,1798.4000244140625,599.75
2022-01-11,81.22000122070312,4.249000072479248,1818.5999755859373,601.0
2022-01-12,82.63999938964844,4.85699987411499,1827.199951171875,599.0
2022-01-13,82.12000274658203,4.269999980926514,1821.199951171875,587.5
2022-01-14,83.81999969482422,4.26200008392334,1816.5,596.25
2022-01-18,85.43000030517578,4.2829999923706055,1812.300048828125,599.5
2022-01-19,86.95999908447266,4.031000137329102,1843.0999755859373,610.5
2022-01-20,86.9000015258789,3.802000045776367,1842.5,611.0
2022-01-21,85.13999938964844,3.999000072479248,1831.800048828125,616.25
2022-01-24,83.30999755859375,4.026999950408936,1841.699951171875,621.0
2022-01-25,85.5999984741211,4.052999973297119,1852.699951171875,620.0
2022-01-26,87.3499984741211,4.276999950408936,1829.9000244140625,627.0
2022-01-27,86.61000061035156,6.264999866485596,1793.300048828125,625.25
2022-01-28,86.81999969482422,4.638999938964844,1784.9000244140625,636.0
2022-01-31,88.1500015258789,4.874000072479248,1795.0,626.0
2022-02-01,88.19999694824219,4.750999927520752,1800.300048828125,634.75
2022-02-02,88.26000213623047,5.500999927520752,1809.199951171875,622.5
2022-02-03,90.2699966430664,4.888000011444092,1803.0,616.75
2022-02-04,92.30999755859376,4.572000026702881,1806.5999755859373,620.5
2022-02-07,91.31999969482422,4.23199987411499,1820.5999755859373,635.25
2022-02-08,89.36000061035156,4.248000144958496,1826.5999755859373,632.25
2022-02-09,89.66000366210938,4.008999824523926,1835.199951171875,646.75
2022-02-10,89.87999725341797,3.9590001106262207,1836.199951171875,641.75
2022-02-11,93.0999984741211,3.940999984741211,1840.800048828125,651.0
2022-02-14,95.45999908447266,4.195000171661377,1868.0,655.75
2022-02-15,92.06999969482422,4.306000232696533,1854.800048828125,638.0
2022-02-16,93.66000366210938,4.7170000076293945,1870.199951171875,647.0
2022-02-17,91.76000213623048,4.486000061035156,1900.699951171875,650.0
2022-02-18,91.06999969482422,4.431000232696533,1898.5999755859373,654.25
2022-02-22,92.3499984741211,4.498000144958496,1906.0999755859373,674.75
2022-02-23,92.0999984741211,4.623000144958496,1909.199951171875,683.75
2022-02-24,92.80999755859376,4.567999839782715,1925.0999755859373,695.0
2022-02-25,91.58999633789062,4.46999979019165,1886.5,659.5
2022-02-28,95.72000122070312,4.401999950408936,1899.4000244140625,697.5
2022-03-01,103.41000366210938,4.572999954223633,1942.4000244140625,739.75
2022-03-02,110.5999984741211,4.76200008392334,1920.9000244140625,739.0
2022-03-03,107.66999816894533,4.7220001220703125,1934.4000244140625,751.25
2022-03-04,115.68000030517578,5.015999794006348,1965.0999755859373,756.5
2022-03-07,119.4000015258789,4.833000183105469,1993.9000244140625,749.25
2022-03-08,123.6999969482422,4.526999950408936,2040.0999755859373,754.5
2022-03-09,108.6999969482422,4.526000022888184,1985.9000244140625,735.0
2022-03-10,106.0199966430664,4.63100004196167,1998.0999755859373,757.75
2022-03-11,109.33000183105467,4.724999904632568,1982.699951171875,764.5
2022-03-14,103.01000213623048,4.6579999923706055,1959.5999755859373,728.25
2022-03-15,96.44000244140624,4.567999839782715,1928.5,758.0
2022-03-16,95.04000091552734,4.748000144958496,1908.0,730.0
2022-03-17,102.9800033569336,4.989999771118164,1942.0999755859373,754.5
2022-03-18,104.6999969482422,4.86299991607666,1928.199951171875,741.75
2022-03-21,112.12000274658205,4.900000095367432,1928.5999755859373,756.25
2022-03-22,111.76000213623048,5.186999797821045,1920.699951171875,753.0
2022-03-23,114.93000030517578,5.23199987411499,1936.5999755859373,757.75
2022-03-24,112.33999633789062,5.401000022888184,1961.5999755859373,748.25
2022-03-25,113.9000015258789,5.571000099182129,1953.800048828125,754.0
2022-03-28,105.95999908447266,5.507999897003174,1939.5999755859373,748.5
2022-03-29,104.23999786376952,5.335999965667725,1912.0,726.25
2022-03-30,107.81999969482422,5.605000019073486,1933.5,738.0
2022-03-31,100.27999877929688,5.642000198364258,1949.199951171875,748.75
2022-04-01,99.2699966430664,5.71999979019165,1919.0999755859373,735.0
2022-04-04,103.27999877929688,5.711999893188477,1929.199951171875,750.5
2022-04-05,101.95999908447266,6.0320000648498535,1922.9000244140625,759.75
2022-04-06,96.2300033569336,6.02899980545044,1918.4000244140625,756.5
2022-04-07,96.02999877929688,6.359000205993652,1933.800048828125,757.75
2022-04-08,98.26000213623048,6.277999877929688,1941.5999755859373,768.75
2022-04-11,94.29000091552734,6.64300012588501,1944.300048828125,764.5
2022-04-12,100.5999984741211,6.679999828338623,1972.0999755859373,776.25
2022-04-13,104.25,6.997000217437744,1981.0,783.5
2022-04-14,106.9499969482422,7.300000190734863,1970.9000244140625,790.25
2022-04-18,108.20999908447266,7.820000171661377,1982.9000244140625,813.25
2022-04-19,102.55999755859376,7.176000118255615,1955.699951171875,804.0
2022-04-20,102.75,6.936999797821045,1952.300048828125,815.75
2022-04-21,103.79000091552734,6.956999778747559,1944.9000244140625,799.25
2022-04-22,102.06999969482422,6.533999919891357,1931.0,793.0
2022-04-25,98.54000091552734,6.669000148773193,1893.199951171875,800.25
2022-04-26,101.6999969482422,6.849999904632568,1901.4000244140625,803.25
2022-04-27,102.0199966430664,7.267000198364258,1885.9000244140625,815.5
2022-04-28,105.36000061035156,6.888000011444092,1888.699951171875,816.0
2022-04-29,104.69000244140624,7.24399995803833,1909.300048828125,818.25
2022-05-02,105.16999816894533,7.474999904632568,1861.800048828125,813.0
2022-05-03,102.41000366210938,7.953999996185303,1868.800048828125,800.75
2022-05-04,107.80999755859376,8.414999961853027,1867.0,798.5
2022-05-05,108.26000213623048,8.782999992370605,1874.0,803.75
2022-05-06,109.7699966430664,8.043000221252441,1881.199951171875,792.25
2022-05-09,103.08999633789062,7.026000022888184,1857.0999755859373,784.5
2022-05-10,99.76000213623048,7.385000228881836,1839.9000244140625,786.5
2022-05-11,105.70999908447266,7.639999866485596,1852.5999755859373,802.25
2022-05-12,106.12999725341795,7.738999843597412,1823.800048828125,813.5
2022-05-13,110.48999786376952,7.663000106811523,1807.4000244140625,794.5
2022-05-16,114.1999969482422,7.955999851226807,1813.5,809.5
2022-05-17,112.4000015258789,8.303999900817871,1818.199951171875,800.75
2022-05-18,109.58999633789062,8.368000030517578,1815.9000244140625,781.5
2022-05-19,112.20999908447266,8.307999610900879,1841.199951171875,783.25
2022-05-20,113.2300033569336,8.083000183105469,1841.800048828125,778.75
2022-05-23,110.29000091552734,8.744000434875488,1847.800048828125,786.25
2022-05-24,109.7699966430664,8.795999526977539,1865.0999755859373,771.75
2022-05-25,110.33000183105467,8.970999717712402,1846.199951171875,772.25
2022-05-26,114.08999633789062,8.907999992370605,1847.4000244140625,765.0
2022-05-27,115.06999969482422,8.72700023651123,1851.300048828125,777.25
2022-05-31,114.66999816894533,8.145000457763672,1842.699951171875,753.5
2022-06-01,115.26000213623048,8.696000099182129,1843.300048828125,731.25
2022-06-02,116.87000274658205,8.484999656677246,1866.5,730.25
2022-06-03,118.87000274658205,8.52299976348877,1845.4000244140625,727.0
2022-06-06,118.5,9.321999549865724,1839.199951171875,742.5
2022-06-07,119.41000366210938,9.29300022125244,1847.5,757.0
2022-06-08,122.11000061035156,8.699000358581543,1851.9000244140625,764.5
2022-06-09,121.51000213623048,8.963000297546387,1848.800048828125,773.0
2022-06-10,120.66999816894533,8.850000381469727,1871.5,773.25
2022-06-13,120.93000030517578,8.609000205993652,1828.0,769.25
2022-06-14,118.93000030517578,7.189000129699707,1809.5,768.25
2022-06-15,115.30999755859376,7.420000076293945,1815.300048828125,774.0
2022-06-16,117.58999633789062,7.464000225067139,1845.699951171875,788.25
2022-06-17,109.55999755859376,6.943999767303467,1835.5999755859373,784.5
2022-06-21,110.6500015258789,6.808000087738037,1834.5999755859373,760.75
2022-06-22,106.19000244140624,6.857999801635742,1834.300048828125,768.0
2022-06-23,104.2699966430664,6.238999843597412,1825.699951171875,746.75
2022-06-24,107.62000274658205,6.21999979019165,1826.5,750.25
2022-06-27,109.56999969482422,6.500999927520752,1820.9000244140625,744.25
2022-06-28,111.76000213623048,6.551000118255615,1817.5,759.5
2022-06-29,109.77999877929688,6.498000144958496,1813.699951171875,770.25
2022-06-30,105.76000213623048,5.423999786376953,1804.0999755859373,743.75
2022-07-01,108.43000030517578,5.730000019073486,1798.9000244140625,754.5
2022-07-05,99.5,5.5229997634887695,1761.800048828125,736.0
2022-07-06,98.52999877929688,5.510000228881836,1734.9000244140625,744.25
2022-07-07,102.7300033569336,6.296999931335449,1737.9000244140625,747.0
2022-07-08,104.79000091552734,6.033999919891357,1740.5999755859375,778.25
2022-07-11,104.08999633789062,6.426000118255615,1730.0,781.25
2022-07-12,95.83999633789062,6.163000106811523,1723.300048828125,732.75
2022-07-13,96.3000030517578,6.689000129699707,1734.199951171875,740.0
2022-07-14,95.77999877929688,6.599999904632568,1704.5,695.0
2022-07-15,97.58999633789062,7.015999794006348,1702.4000244140625,604.25
2022-07-18,102.5999984741211,7.479000091552734,1709.199951171875,612.25
2022-07-19,104.22000122070312,7.263999938964844,1710.0,596.75
2022-07-20,102.26000213623048,8.006999969482422,1699.5,592.25
2022-07-21,96.3499984741211,7.932000160217285,1712.699951171875,575.75
2022-07-22,94.6999969482422,8.298999786376953,1727.0999755859375,564.25
2022-07-25,96.6999969482422,8.72700023651123,1719.0,580.0
2022-07-26,94.9800033569336,8.993000030517578,1717.699951171875,597.0
2022-07-27,97.26000213623048,8.687000274658203,1719.0999755859375,600.25
2022-07-28,96.41999816894533,8.133999824523926,1750.300048828125,615.0
2022-07-29,98.62000274658205,8.229000091552734,1762.9000244140625,616.25
2022-08-01,93.88999938964844,8.282999992370605,1769.0,607.0
2022-08-02,94.41999816894533,7.705999851226807,1771.0999755859375,591.25
2022-08-03,90.66000366210938,8.265999794006348,1758.0,591.5
2022-08-04,88.54000091552734,8.121999740600586,1788.5,602.25
2022-08-05,89.01000213623047,8.064000129699707,1772.9000244140625,610.25
2022-08-08,90.76000213623048,7.589000225067139,1786.800048828125,608.5
2022-08-09,90.5,7.833000183105469,1794.0,615.5
2022-08-10,91.93000030517578,8.20199966430664,1795.5999755859375,621.25
2022-08-11,94.33999633789062,8.87399959564209,1789.699951171875,629.25
2022-08-12,92.08999633789062,8.767999649047852,1798.5999755859375,639.75
2022-08-15,89.41000366210938,8.727999687194824,1781.4000244140625,626.75
2022-08-16,86.52999877929688,9.32900047302246,1773.199951171875,611.0
2022-08-17,88.11000061035156,9.244000434875488,1760.300048828125,615.0
2022-08-18,90.5,9.187999725341797,1755.300048828125,619.75
2022-08-19,90.7699966430664,9.336000442504885,1747.5999755859375,626.0
2022-08-22,90.2300033569336,9.68000030517578,1734.0,633.5
2022-08-23,93.73999786376952,9.192999839782717,1746.800048828125,660.0
2022-08-24,94.88999938964844,9.329999923706056,1747.800048828125,665.75
2022-08-25,92.5199966430664,9.375,1757.699951171875,657.5
2022-08-26,93.05999755859376,9.29599952697754,1736.0999755859375,668.75
2022-08-29,97.01000213623048,9.352999687194824,1736.5999755859375,683.75
2022-08-30,91.63999938964844,9.041999816894531,1723.199951171875,679.75
2022-08-31,89.55000305175781,9.126999855041504,1712.800048828125,673.75
2022-09-01,86.61000061035156,9.26200008392334,1696.5999755859375,658.25
2022-09-02,86.87000274658203,8.78600025177002,1709.800048828125,669.0
2022-09-06,86.87999725341797,8.145000457763672,1700.4000244140625,680.75
2022-09-07,81.94000244140625,7.842000007629394,1715.300048828125,676.75
2022-09-08,83.54000091552734,7.914999961853027,1708.0,674.5
2022-09-09,86.79000091552734,7.995999813079834,1716.199951171875,698.5
2022-09-12,87.77999877929688,8.24899959564209,1728.0999755859375,712.25
2022-09-13,87.30999755859375,8.284000396728516,1705.0,709.0
2022-09-14,88.4800033569336,9.11400032043457,1696.5,709.0
2022-09-15,85.0999984741211,8.324000358581543,1665.4000244140625,677.5
2022-09-16,85.11000061035156,7.763999938964844,1671.699951171875,677.25
2022-09-19,85.7300033569336,7.751999855041504,1666.199951171875,678.25
2022-09-20,84.44999694824219,7.717000007629394,1659.699951171875,692.0
2022-09-21,82.94000244140625,7.778999805450439,1664.5999755859375,685.5
2022-09-22,83.48999786376953,7.089000225067139,1670.800048828125,688.25
2022-09-23,78.73999786376953,6.828000068664551,1645.300048828125,676.75
2022-09-26,76.70999908447266,6.902999877929688,1623.300048828125,666.25
2022-09-27,78.5,6.651000022888184,1626.699951171875,667.5
2022-09-28,82.1500015258789,6.868000030517578,1660.4000244140625,670.5
2022-09-29,81.2300033569336,6.874000072479248,1658.5,669.5
2022-09-30,79.48999786376953,6.765999794006348,1662.4000244140625,677.5
2022-10-03,83.62999725341797,6.46999979019165,1692.9000244140625,680.75
2022-10-04,86.5199966430664,6.836999893188477,1721.0999755859375,683.0
2022-10-05,87.76000213623047,6.929999828338623,1711.4000244140625,684.0
2022-10-06,88.44999694824219,6.9720001220703125,1711.699951171875,675.5
2022-10-07,92.63999938964844,6.748000144958496,1700.5,683.25
2022-10-10,91.12999725341795,6.434999942779541,1667.300048828125,698.25
2022-10-11,89.3499984741211,6.5960001945495605,1678.699951171875,693.0
2022-10-12,87.2699966430664,6.434999942779541,1670.300048828125,693.0
2022-10-13,89.11000061035156,6.741000175476074,1670.0,697.75
2022-10-14,85.61000061035156,6.453000068664551,1641.699951171875,689.75
2022-10-17,85.45999908447266,5.999000072479248,1657.0,683.5
2022-10-18,82.81999969482422,5.744999885559082,1649.0,681.0
2022-10-19,85.55000305175781,5.461999893188477,1627.5,678.25
2022-10-20,85.9800033569336,5.357999801635742,1630.800048828125,684.0
2022-10-21,85.05000305175781,4.959000110626221,1651.0,684.25
2022-10-24,84.58000183105469,5.198999881744385,1648.699951171875,681.5
2022-10-25,85.31999969482422,5.61299991607666,1652.800048828125,686.25
2022-10-26,87.91000366210938,5.605999946594238,1664.0,685.0
2022-10-27,89.08000183105469,5.185999870300293,1660.699951171875,682.25
2022-10-28,87.9000015258789,5.684000015258789,1639.5999755859375,680.75
2022-10-31,86.52999877929688,6.355000019073486,1635.9000244140625,691.5
2022-11-01,88.37000274658203,5.714000225067139,1645.0,697.75
2022-11-02,90.0,6.26800012588501,1645.699951171875,687.5
2022-11-03,88.16999816894531,5.974999904632568,1627.300048828125,679.25
2022-11-04,92.61000061035156,6.400000095367432,1672.5,681.0
2022-11-07,91.79000091552734,6.943999767303467,1676.5,675.75
2022-11-08,88.91000366210938,6.138000011444092,1712.0999755859375,667.5
2022-11-09,85.83000183105469,5.864999771118164,1710.0999755859375,664.5
2022-11-10,86.47000122070312,6.238999843597412,1750.300048828125,653.25
2022-11-11,88.95999908447266,5.879000186920166,1766.0,658.0
2022-11-14,85.87000274658203,5.933000087738037,1773.5999755859375,657.25
2022-11-15,86.91999816894531,6.033999919891357,1773.800048828125,666.75
2022-11-16,85.58999633789062,6.199999809265137,1773.0,665.25
2022-11-17,81.63999938964844,6.36899995803833,1760.800048828125,667.5
2022-11-18,80.08000183105469,6.302999973297119,1751.9000244140625,667.75
2022-11-21,79.7300033569336,6.776000022888184,1737.4000244140625,659.5
2022-11-22,80.94999694824219,6.77899980545044,1738.300048828125,656.75
2022-11-23,77.94000244140625,7.308000087738037,1744.9000244140625,663.25
2022-11-25,76.27999877929688,7.02400016784668,1753.300048828125,668.0
2022-11-28,77.23999786376953,6.711999893188477,1740.0999755859375,668.75
2022-11-29,78.19999694824219,7.235000133514404,1748.4000244140625,665.75
2022-11-30,80.55000305175781,6.929999828338623,1746.0,662.0
2022-12-01,81.22000122070312,6.73799991607666,1801.0999755859375,650.0
2022-12-02,79.9800033569336,6.281000137329102,1795.9000244140625,635.0
2022-12-05,76.93000030517578,5.577000141143799,1767.4000244140625,628.75
2022-12-06,74.25,5.468999862670898,1769.300048828125,625.5
2022-12-07,72.01000213623047,5.7230000495910645,1785.5,627.75
2022-12-08,71.45999908447266,5.961999893188477,1788.699951171875,632.0
2022-12-09,71.0199966430664,6.244999885559082,1798.0999755859375,634.75
2022-12-12,73.16999816894531,6.586999893188477,1780.5,641.25
2022-12-13,75.38999938964844,6.934999942779541,1813.9000244140625,643.75
2022-12-14,77.27999877929688,6.429999828338623,1807.5,639.0
2022-12-15,76.11000061035156,6.96999979019165,1777.199951171875,653.5
2022-12-16,74.29000091552734,6.599999904632568,1790.0,653.0
2022-12-19,75.19000244140625,5.85099983215332,1787.699951171875,647.25
2022-12-20,76.08999633789062,5.326000213623047,1815.9000244140625,652.0
2022-12-21,78.29000091552734,5.331999778747559,1815.9000244140625,662.25
2022-12-22,77.48999786376953,4.999000072479248,1787.0,660.5
2022-12-23,79.55999755859375,5.078999996185303,1795.9000244140625,666.25
2022-12-27,79.52999877929688,5.2820000648498535,1814.800048828125,674.75
2022-12-28,78.95999908447266,4.709000110626221,1807.9000244140625,682.75
2022-12-29,78.4000015258789,4.559000015258789,1819.5,679.5
2022-12-30,80.26000213623047,4.474999904632568,1819.699951171875,678.5
2023-01-03,76.93000030517578,3.98799991607666,1839.699951171875,670.5
2023-01-04,72.83999633789062,4.171999931335449,1852.800048828125,653.75
2023-01-05,73.66999816894531,3.7200000286102295,1834.800048828125,652.75
2023-01-06,73.7699966430664,3.7100000381469727,1864.199951171875,654.0
2023-01-09,74.62999725341797,3.910000085830689,1872.699951171875,652.75
2023-01-10,75.12000274658203,3.638999938964844,1871.5999755859373,655.0
2023-01-11,77.41000366210938,3.671000003814697,1874.5999755859373,656.0
2023-01-12,78.38999938964844,3.694999933242798,1895.5,671.0
2023-01-13,79.86000061035156,3.4189999103546143,1918.4000244140625,675.0
2023-01-17,80.18000030517578,3.5859999656677246,1907.199951171875,685.25
2023-01-18,79.4800033569336,3.311000108718872,1904.4000244140625,681.25
2023-01-19,80.33000183105469,3.275000095367432,1922.0999755859373,677.25
2023-01-20,81.30999755859375,3.174000024795532,1926.4000244140625,676.25
2023-01-23,81.62000274658203,3.447000026702881,1927.0999755859373,666.25
2023-01-24,80.12999725341797,3.257999897003174,1933.9000244140625,677.0
2023-01-25,80.1500015258789,3.066999912261963,1941.199951171875,674.75
2023-01-26,81.01000213623047,2.944000005722046,1929.0999755859373,682.5
2023-01-27,79.68000030517578,3.108999967575073,1928.5999755859373,683.0
2023-01-30,77.9000015258789,2.677000045776367,1922.9000244140625,683.75
2023-01-31,78.87000274658203,2.684000015258789,1929.5,679.75
2023-02-01,76.41000366210938,2.4679999351501465,1927.800048828125,681.0
2023-02-02,75.87999725341797,2.4560000896453857,1916.300048828125,675.25
2023-02-03,73.38999938964844,2.4100000858306885,1862.9000244140625,677.5
2023-02-06,74.11000061035156,2.4570000171661377,1866.199951171875,679.0
2023-02-07,77.13999938964844,2.5840001106262207,1871.699951171875,674.0
2023-02-08,78.47000122070312,2.3959999084472656,1877.4000244140625,678.5
2023-02-09,78.05999755859375,2.430000066757202,1866.199951171875,670.75
2023-02-10,79.72000122070312,2.513999938964844,1862.800048828125,680.5
2023-02-13,80.13999938964844,2.4049999713897705,1851.9000244140625,685.0
2023-02-14,79.05999755859375,2.566999912261963,1854.0,682.25
2023-02-15,78.58999633789062,2.470999956130981,1834.199951171875,676.25
2023-02-16,78.48999786376953,2.388999938964844,1842.0,676.0
2023-02-17,76.33999633789062,2.275000095367432,1840.4000244140625,677.75
2023-02-21,76.16000366210938,2.072999954223633,1833.0,680.5
2023-02-22,73.94999694824219,2.174000024795532,1832.0,674.0
2023-02-23,75.38999938964844,2.313999891281128,1818.0,660.25
2023-02-24,76.31999969482422,2.450999975204468,1808.800048828125,650.0
2023-02-27,75.68000030517578,2.7309999465942383,1817.0,642.75
2023-02-28,77.05000305175781,2.746999979019165,1828.9000244140625,629.5
2023-03-01,77.69000244140625,2.811000108718872,1837.699951171875,640.5
2023-03-02,78.16000366210938,2.765000104904175,1833.5,637.75
2023-03-03,79.68000030517578,3.009000062942505,1847.699951171875,645.25
2023-03-06,80.45999908447266,2.572000026702881,1847.9000244140625,644.5
2023-03-07,77.58000183105469,2.687000036239624,1813.9000244140625,642.0
2023-03-08,76.66000366210938,2.5510001182556152,1812.699951171875,634.5
2023-03-09,75.72000122070312,2.5429999828338623,1829.300048828125,618.5
2023-03-10,76.68000030517578,2.430000066757202,1862.0,624.25
2023-03-13,74.80000305175781,2.6059999465942383,1911.699951171875,624.5
2023-03-14,71.33000183105469,2.572999954223633,1906.199951171875,627.5
2023-03-15,67.61000061035156,2.438999891281128,1926.5999755859373,626.5
2023-03-16,68.3499984741211,2.513999938964844,1919.0,632.75
2023-03-17,66.73999786376953,2.338000059127808,1969.800048828125,634.25
2023-03-20,67.63999938964844,2.2230000495910645,1979.199951171875,633.0
2023-03-21,69.33000183105469,2.3480000495910645,1938.0,630.0
2023-03-22,70.9000015258789,2.1710000038146973,1946.800048828125,633.5
2023-03-23,69.95999908447266,2.1540000438690186,1993.800048828125,631.75
2023-03-24,69.26000213623047,2.2160000801086426,1982.0999755859373,643.0
2023-03-27,72.80999755859375,2.088000059127808,1952.4000244140625,648.25
2023-03-28,73.19999694824219,2.0299999713897705,1972.4000244140625,647.25
2023-03-29,72.97000122070312,1.991000056266785,1966.0999755859373,650.5
2023-03-30,74.37000274658203,2.1040000915527344,1980.300048828125,649.5
2023-03-31,75.66999816894531,2.2160000801086426,1969.0,660.5
2023-04-03,80.41999816894531,2.0969998836517334,1983.9000244140625,657.75
2023-04-04,80.70999908447266,2.1059999465942383,2022.199951171875,653.75
2023-04-05,80.61000061035156,2.1549999713897705,2020.9000244140625,652.75
2023-04-06,80.69999694824219,2.010999917984009,2011.9000244140625,643.5
2023-04-10,79.73999786376953,2.171999931335449,1989.0999755859373,654.0
2023-04-11,81.52999877929688,2.186000108718872,2004.800048828125,651.0
2023-04-12,83.26000213623047,2.0929999351501465,2010.9000244140625,656.0
2023-04-13,82.16000366210938,2.006999969482422,2041.300048828125,652.25
2023-04-14,82.5199966430664,2.114000082015991,2002.199951171875,666.25
2023-04-17,80.83000183105469,2.275000095367432,1994.199951171875,676.5
2023-04-18,80.86000061035156,2.365999937057495,2007.4000244140625,677.5
2023-04-19,79.16000366210938,2.2219998836517334,1995.199951171875,672.25
2023-04-20,77.29000091552734,2.249000072479248,2007.5999755859373,663.75
2023-04-21,77.87000274658203,2.2330000400543213,1979.5,663.25
2023-04-24,78.76000213623047,2.2730000019073486,1989.0999755859373,651.25
2023-04-25,77.06999969482422,2.306999921798706,1994.0,646.5
2023-04-26,74.30000305175781,2.117000102996826,1985.699951171875,641.5
2023-04-27,74.76000213623047,2.3550000190734863,1989.9000244140625,627.0
2023-04-28,76.77999877929688,2.4100000858306885,1990.0999755859373,636.0
2023-05-01,75.66000366210938,2.318000078201294,1983.4000244140625,639.5
2023-05-02,71.66000366210938,2.21399998664856,2014.300048828125,638.0
2023-05-03,68.5999984741211,2.1700000762939453,2028.5999755859373,645.25
2023-05-04,68.55999755859375,2.1010000705718994,2048.0,646.5
2023-05-05,71.33999633789062,2.13700008392334,2017.4000244140625,653.25
2023-05-08,73.16000366210938,2.23799991607666,2026.300048828125,656.5
2023-05-09,73.70999908447266,2.2669999599456787,2036.199951171875,642.25
2023-05-10,72.55999755859375,2.190999984741211,2030.5,645.5
2023-05-11,70.87000274658203,2.190000057220459,2014.699951171875,632.5
2023-05-12,70.04000091552734,2.2660000324249268,2014.5,633.25
2023-05-15,71.11000061035156,2.375,2018.0,592.5
2023-05-16,70.86000061035156,2.375999927520752,1988.4000244140625,581.25
2023-05-17,72.83000183105469,2.365000009536743,1980.699951171875,561.5
2023-05-18,71.86000061035156,2.5920000076293945,1956.5,555.25
2023-05-19,71.55000305175781,2.5850000381469727,1978.699951171875,554.5
2023-05-22,71.98999786376953,2.400000095367432,1974.800048828125,571.0
2023-05-23,72.91000366210938,2.321000099182129,1972.4000244140625,577.5
2023-05-24,74.33999633789062,2.3980000019073486,1962.800048828125,587.25
2023-05-25,71.83000183105469,2.306999921798706,1943.0999755859373,590.75
2023-05-26,72.66999816894531,2.180999994277954,1944.0999755859373,604.0
2023-05-30,69.45999908447266,2.32699990272522,1958.0,594.0
2023-05-31,68.08999633789062,2.2660000324249268,1963.9000244140625,594.0
2023-06-01,70.0999984741211,2.157999992370605,1978.0,592.5
2023-06-02,71.73999786376953,2.171999931335449,1952.4000244140625,609.0
2023-06-05,72.1500015258789,2.244999885559082,1958.0,597.5
2023-06-06,71.73999786376953,2.26200008392334,1965.5,608.0
2023-06-07,72.52999877929688,2.3289999961853027,1942.699951171875,604.25
2023-06-08,71.29000091552734,2.351999998092652,1963.5999755859373,610.25
2023-06-09,70.16999816894531,2.253999948501587,1962.199951171875,604.25
2023-06-12,67.12000274658203,2.2660000324249268,1955.300048828125,617.25
2023-06-13,69.41999816894531,2.3399999141693115,1944.5999755859373,612.5
2023-06-14,68.2699966430664,2.3420000076293945,1955.300048828125,607.75
2023-06-15,70.62000274658203,2.532999992370605,1957.800048828125,623.25
2023-06-16,71.77999877929688,2.631999969482422,1958.4000244140625,640.25
2023-06-20,70.5,2.492000102996826,1935.5,643.75
2023-06-21,72.52999877929688,2.5969998836517334,1933.300048828125,671.0
2023-06-22,69.51000213623047,2.6080000400543213,1912.699951171875,660.5
2023-06-23,69.16000366210938,2.7290000915527344,1919.0999755859373,630.75
2023-06-26,69.37000274658203,2.7909998893737797,1923.699951171875,637.25
2023-06-27,67.69999694824219,2.763000011444092,1914.0,623.0
2023-06-28,69.55999755859375,2.6029999256134038,1912.300048828125,590.0
2023-06-29,69.86000061035156,2.700999975204468,1909.199951171875,581.0
2023-06-30,70.63999938964844,2.7980000972747803,1921.0999755859373,554.5
2023-07-03,69.79000091552734,2.7090001106262207,1921.699951171875,557.25
2023-07-05,71.79000091552734,2.657000064849853,1919.5999755859373,548.25
2023-07-06,71.80000305175781,2.608999967575073,1908.699951171875,566.75
2023-07-07,73.86000061035156,2.5820000171661377,1926.199951171875,560.5
2023-07-10,72.98999786376953,2.6689999103546143,1925.0,570.75
2023-07-11,74.83000183105469,2.7309999465942383,1931.300048828125,571.75
2023-07-12,75.75,2.631999969482422,1956.199951171875,549.75
2023-07-13,76.88999938964844,2.5450000762939453,1959.199951171875,593.5
2023-07-14,75.41999816894531,2.5390000343322754,1960.0999755859373,599.75
2023-07-17,74.1500015258789,2.51200008392334,1952.4000244140625,499.25
2023-07-18,75.75,2.628999948501587,1977.199951171875,528.75
2023-07-19,75.3499984741211,2.6029999256134038,1977.5,545.5
2023-07-20,75.62999725341797,2.756999969482422,1968.300048828125,537.25
2023-07-21,77.06999969482422,2.713000059127808,1964.300048828125,527.0
2023-07-24,78.73999786376953,2.684999942779541,1960.300048828125,560.5
2023-07-25,79.62999725341797,2.7300000190734863,1962.0999755859373,557.5
2023-07-26,78.77999877929688,2.664999961853028,1968.9000244140625,540.25
2023-07-27,80.08999633789062,2.492000102996826,1945.4000244140625,533.25
2023-07-28,80.58000183105469,2.638000011444092,1960.4000244140625,521.0
2023-07-31,81.80000305175781,2.634000062942505,1970.5,504.0
2023-08-01,81.37000274658203,2.559999942779541,1940.699951171875,497.0
2023-08-02,79.48999786376953,2.476999998092652,1937.4000244140625,488.25
2023-08-03,81.55000305175781,2.565000057220459,1932.0,480.75
2023-08-04,82.81999969482422,2.57699990272522,1939.5999755859373,484.25
2023-08-07,81.94000244140625,2.7249999046325684,1933.5,482.25
2023-08-08,82.91999816894531,2.7769999504089355,1924.0999755859373,485.75
2023-08-09,84.4000015258789,2.9590001106262207,1915.4000244140625,481.0
2023-08-10,82.81999969482422,2.763000011444092,1914.4000244140625,483.25
2023-08-11,83.19000244140625,2.7699999809265137,1912.9000244140625,474.5
2023-08-14,82.51000213623047,2.7950000762939453,1910.5999755859373,475.75
2023-08-15,80.98999786376953,2.6589999198913574,1902.5,464.0
2023-08-16,79.37999725341797,2.5920000076293945,1896.0999755859373,469.5
2023-08-17,80.38999938964844,2.621000051498413,1884.0999755859373,473.0
2023-08-18,81.25,2.5510001182556152,1886.0999755859373,479.5
2023-08-21,80.72000122070312,2.631999969482422,1893.300048828125,469.25
2023-08-22,80.3499984741211,2.559999942779541,1896.4000244140625,466.5
2023-08-23,78.88999938964844,2.496999979019165,1918.5,476.25
2023-08-24,79.05000305175781,2.5190000534057617,1918.199951171875,472.25
2023-08-25,79.83000183105469,2.539999961853028,1911.0999755859373,470.75
2023-08-28,80.0999984741211,2.5789999961853027,1917.9000244140625,478.5
2023-08-29,81.16000366210938,2.555999994277954,1936.5,469.5
2023-08-30,81.62999725341797,2.7960000038146973,1944.300048828125,461.75
2023-08-31,83.62999725341797,2.7679998874664307,1938.199951171875,461.0
2023-09-01,85.55000305175781,2.765000104904175,1939.800048828125,464.75
2023-09-05,86.69000244140625,2.5820000171661377,1926.199951171875,471.0
2023-09-06,87.54000091552734,2.509999990463257,1918.0999755859373,471.5
2023-09-07,86.87000274658203,2.5789999961853027,1917.5,470.75
2023-09-08,87.51000213623047,2.6050000190734863,1918.4000244140625,468.5
2023-09-11,87.29000091552734,2.6080000400543213,1923.300048828125,471.25
2023-09-12,88.83999633789062,2.743000030517578,1911.300048828125,463.25
2023-09-13,88.5199966430664,2.680000066757202,1909.0999755859373,464.0
2023-09-14,90.16000366210938,2.7079999446868896,1910.0,462.5
2023-09-15,90.7699966430664,2.6440000534057617,1923.699951171875,476.25
2023-09-18,91.4800033569336,2.7279999256134038,1931.5,471.5
2023-09-19,91.1999969482422,2.8480000495910645,1932.0,476.25
2023-09-20,90.27999877929688,2.7330000400543213,1945.5999755859373,482.25
2023-09-21,89.62999725341797,2.609999895095825,1919.199951171875,475.25
2023-09-22,90.02999877929688,2.63700008392334,1925.4000244140625,477.25
2023-09-25,89.68000030517578,2.638999938964844,1916.5999755859373,481.25
2023-09-26,90.38999938964844,2.6559998989105225,1900.4000244140625,479.75
2023-09-27,93.68000030517578,2.763999938964844,1871.5999755859373,483.25
2023-09-28,91.70999908447266,2.944999933242798,1860.4000244140625,488.5
2023-09-29,90.79000091552734,2.928999900817871,1848.0999755859373,476.75
2023-10-02,88.81999969482422,2.8399999141693115,1830.0,488.75
2023-10-03,89.2300033569336,2.9489998817443848,1824.5999755859373,487.5
2023-10-04,84.22000122070312,2.961999893188477,1818.5,486.0
2023-10-05,82.30999755859375,3.1659998893737797,1816.5999755859373,497.5
2023-10-06,82.79000091552734,3.338000059127808,1830.199951171875,492.0
2023-10-09,86.37999725341797,3.375999927520752,1849.5,488.25
2023-10-10,85.97000122070312,3.381999969482422,1861.0,485.5
2023-10-11,83.48999786376953,3.377000093460083,1872.800048828125,488.0
2023-10-12,82.91000366210938,3.344000101089477,1869.300048828125,496.0
2023-10-13,87.69000244140625,3.236000061035156,1927.4000244140625,493.25
2023-10-16,86.66000366210938,3.108999967575073,1921.0999755859373,490.0
2023-10-17,86.66000366210938,3.0789999961853027,1922.699951171875,489.0
2023-10-18,88.31999969482422,3.055999994277954,1955.300048828125,492.0
2023-10-19,89.37000274658203,2.9570000171661377,1968.4000244140625,505.0
2023-10-20,88.75,2.8989999294281006,1982.5,495.5
2023-10-23,85.48999786376953,2.9260001182556152,1976.300048828125,490.25
2023-10-24,83.73999786376953,2.970999956130981,1975.0,484.0
2023-10-25,85.38999938964844,3.009999990463257,1984.0999755859373,480.0
2023-10-26,83.20999908447266,3.21399998664856,1987.199951171875,479.25
2023-10-27,85.54000091552734,3.1640000343322754,1988.5999755859373,480.75
2023-10-30,82.30999755859375,3.351999998092652,1996.199951171875,478.25
2023-10-31,81.0199966430664,3.575000047683716,1985.199951171875,478.75
2023-11-01,80.44000244140625,3.49399995803833,1978.800048828125,475.0
2023-11-02,82.45999908447266,3.4719998836517334,1985.5999755859373,470.0
2023-11-03,80.51000213623047,3.515000104904175,1991.5,477.25
2023-11-06,80.81999969482422,3.263999938964844,1981.5999755859373,477.25
2023-11-07,77.37000274658203,3.140000104904175,1966.800048828125,468.5
2023-11-08,75.33000183105469,3.1059999465942383,1951.5,476.0
2023-11-09,75.73999786376953,3.0409998893737797,1964.199951171875,468.0
2023-11-10,77.16999816894531,3.032999992370605,1932.5999755859373,464.0
2023-11-13,78.26000213623047,3.197000026702881,1945.5,477.25
2023-11-14,78.26000213623047,3.1059999465942383,1961.800048828125,478.25
2023-11-15,76.66000366210938,3.190000057220459,1960.0999755859373,470.75
2023-11-16,72.9000015258789,3.062000036239624,1983.9000244140625,474.75
2023-11-17,75.88999938964844,2.9600000381469727,1981.5999755859373,467.0
2023-11-20,77.5999984741211,2.881999969482422,1977.699951171875,469.5
2023-11-21,77.7699966430664,2.845999956130981,1999.300048828125,470.0
2023-11-22,77.0999984741211,2.8970000743865967,1991.4000244140625,468.75
2023-11-23,,2.934000015258789,,
2023-11-24,75.54000091552734,2.8550000190734863,2002.199951171875,463.25
2023-11-27,74.86000061035156,2.7939999103546143,2011.800048828125,455.5
2023-11-28,76.41000366210938,2.7060000896453857,2039.699951171875,451.5
2023-11-29,77.86000061035156,2.803999900817871,2047.0999755859373,449.75
2023-11-30,75.95999908447266,2.802000045776367,2038.0999755859373,461.75
2023-12-01,74.06999969482422,2.813999891281128,2071.0,464.5
2023-12-04,73.04000091552734,2.694000005722046,2024.0999755859373,460.25
2023-12-05,72.31999969482422,2.7100000381469727,2018.5,468.5
2023-12-06,69.37999725341797,2.569000005722046,2030.5,464.75
2023-12-07,69.33999633789062,2.5850000381469727,2029.9000244140625,468.25
2023-12-08,71.2300033569336,2.5810000896453857,1998.300048828125,465.75
2023-12-11,71.31999969482422,2.430999994277954,1978.0,460.5
2023-12-12,68.61000061035156,2.311000108718872,1977.800048828125,462.5
2023-12-13,69.47000122070312,2.3350000381469727,1982.300048828125,456.75
2023-12-14,71.58000183105469,2.3919999599456787,2030.199951171875,456.75
2023-12-15,71.43000030517578,2.490999937057495,2021.0999755859373,483.0
2023-12-18,72.47000122070312,2.503000020980835,2026.300048828125,477.0
2023-12-19,73.44000244140625,2.492000102996826,2038.4000244140625,472.75
2023-12-20,74.22000122070312,2.447000026702881,2034.5,469.75
2023-12-21,73.88999938964844,2.572000026702881,2039.0999755859373,472.5
2023-12-22,73.55999755859375,2.609999895095825,2057.10009765625,473.0
2023-12-26,75.56999969482422,2.549999952316284,2058.199951171875,480.25
2023-12-27,74.11000061035156,2.61899995803833,2081.89990234375,476.5
2023-12-28,71.7699966430664,2.556999921798706,2073.89990234375,474.25
2023-12-29,71.6500015258789,2.513999938964844,2062.39990234375,471.25
2024-01-02,70.37999725341797,2.568000078201294,2064.39990234375,463.75
2024-01-03,72.69999694824219,2.6679999828338623,2034.199951171875,465.25
2024-01-04,72.19000244140625,2.821000099182129,2042.300048828125,466.5
2024-01-05,73.80999755859375,2.8929998874664307,2042.4000244140625,460.75
2024-01-08,70.7699966430664,2.9800000190734863,2026.5999755859373,455.0
2024-01-09,72.23999786376953,3.190000057220459,2026.4000244140625,459.25
2024-01-10,71.37000274658203,3.0390000343322754,2021.699951171875,459.5
2024-01-11,72.0199966430664,3.0969998836517334,2014.300048828125,457.75
2024-01-12,72.68000030517578,3.312999963760376,2046.699951171875,447.0
2024-01-16,72.4000015258789,2.900000095367432,2026.0,443.5
2024-01-17,72.55999755859375,2.869999885559082,2002.5999755859373,442.25
2024-01-18,74.08000183105469,2.697000026702881,2018.5999755859373,444.0
2024-01-19,73.41000366210938,2.5190000534057617,2026.5,445.5
2024-01-22,75.19000244140625,2.4189999103546143,2019.800048828125,445.75
2024-01-23,74.37000274658203,2.450000047683716,2023.699951171875,446.5
2024-01-24,75.08999633789062,2.6410000324249268,2013.9000244140625,452.25
2024-01-25,77.36000061035156,2.571000099182129,2016.9000244140625,451.75
2024-01-26,78.01000213623047,2.711999893188477,2016.800048828125,446.25
2024-01-29,76.77999877929688,2.490000009536743,2025.199951171875,440.25
2024-01-30,77.81999969482422,2.07699990272522,2031.5,447.75
2024-01-31,75.8499984741211,2.0999999046325684,2048.39990234375,448.25
2024-02-01,73.81999969482422,2.049999952316284,2053.0,447.25
2024-02-02,72.27999877929688,2.0789999961853027,2036.0999755859373,442.75
2024-02-05,72.77999877929688,2.0820000171661377,2025.699951171875,442.75
2024-02-06,73.30999755859375,2.009000062942505,2034.5,438.75
2024-02-07,73.86000061035156,1.9670000076293943,2035.199951171875,434.25
2024-02-08,76.22000122070312,1.9170000553131104,2032.199951171875,433.25
2024-02-09,76.83999633789062,1.847000002861023,2023.300048828125,429.0
2024-02-12,76.91999816894531,1.7680000066757202,2018.199951171875,430.5
2024-02-13,77.87000274658203,1.6890000104904177,1992.9000244140625,430.75
2024-02-14,76.63999938964844,1.6089999675750732,1990.300048828125,424.25
2024-02-15,78.02999877929688,1.5809999704360962,2002.0999755859373,417.75
2024-02-16,79.19000244140625,1.6089999675750732,2011.5,416.5
2024-02-20,78.18000030517578,1.5759999752044678,2027.5,418.75
2024-02-21,77.91000366210938,1.7730000019073486,2022.300048828125,411.0
2024-02-22,78.61000061035156,1.7319999933242798,2019.699951171875,406.0
2024-02-23,76.48999786376953,1.6030000448226929,2038.5999755859373,399.75
2024-02-26,77.58000183105469,1.659000039100647,2028.5,407.0
2024-02-27,78.87000274658203,1.6150000095367432,2034.0,408.25
2024-02-28,78.54000091552734,1.8849999904632568,2033.0,413.25
2024-02-29,78.26000213623047,1.8600000143051147,2045.699951171875,415.75
2024-03-01,79.97000122070312,1.8350000381469729,2086.89990234375,412.25
2024-03-04,78.73999786376953,1.9160000085830688,2117.699951171875,417.5
2024-03-05,78.1500015258789,1.9570000171661377,2133.5,413.5
2024-03-06,79.12999725341797,1.9290000200271609,2150.300048828125,418.0
2024-03-07,78.93000030517578,1.8179999589920044,2158.0,426.0
2024-03-08,78.01000213623047,1.8049999475479128,2178.60009765625,426.25
2024-03-11,77.93000030517578,1.758999943733215,2182.5,428.25
2024-03-12,77.55999755859375,1.7139999866485596,2160.39990234375,429.0
2024-03-13,79.72000122070312,1.6579999923706057,2175.39990234375,426.5
2024-03-14,81.26000213623047,1.741000056266785,2163.0,422.5
2024-03-15,81.04000091552734,1.6549999713897705,2157.300048828125,436.75
2024-03-18,82.72000122070312,1.7029999494552612,2160.699951171875,436.0
2024-03-19,83.47000122070312,1.74399995803833,2156.300048828125,439.5
2024-03-20,81.68000030517578,1.6990000009536743,2157.89990234375,439.0
2024-03-21,81.06999969482422,1.6829999685287476,2182.39990234375,440.75
2024-03-22,80.62999725341797,1.659000039100647,2158.10009765625,439.25
2024-03-25,81.94999694824219,1.6150000095367432,2174.800048828125,437.75
2024-03-26,81.62000274658203,1.5750000476837158,2175.60009765625,432.5
2024-03-27,81.3499984741211,1.718000054359436,2190.60009765625,426.75
2024-03-28,83.16999816894531,1.7630000114440918,2217.39990234375,442.0
2024-04-01,83.70999908447266,1.837000012397766,2236.5,435.5
2024-04-02,85.1500015258789,1.861999988555908,2261.0,426.5
2024-04-03,85.43000030517578,1.840999960899353,2294.39990234375,431.75
2024-04-04,86.58999633789062,1.77400004863739,2288.800048828125,435.25
2024-04-05,86.91000366210938,1.784999966621399,2325.699951171875,434.25
2024-04-08,86.43000030517578,1.843999981880188,2331.699951171875,435.5
2024-04-09,85.2300033569336,1.871999979019165,2343.5,431.25
2024-04-10,86.20999908447266,1.8849999904632568,2329.60009765625,434.25
2024-04-11,85.0199966430664,1.7640000581741333,2354.800048828125,428.75
2024-04-12,85.66000366210938,1.7699999809265137,2356.199951171875,435.5
2024-04-15,85.41000366210938,1.690999984741211,2365.800048828125,431.5
2024-04-16,85.36000061035156,1.7319999933242798,2390.800048828125,431.0
2024-04-17,82.69000244140625,1.712000012397766,2371.699951171875,430.25
2024-04-18,82.7300033569336,1.756999969482422,2382.300048828125,426.75
2024-04-19,83.13999938964844,1.7519999742507937,2398.39990234375,433.5
2024-04-22,82.8499984741211,1.7910000085830688,2332.199951171875,439.75
2024-04-23,83.36000061035156,1.812000036239624,2327.699951171875,443.0
2024-04-24,82.80999755859375,1.652999997138977,2324.5,437.75
2024-04-25,83.56999969482422,1.6380000114440918,2329.800048828125,441.0
2024-04-26,83.8499984741211,1.6139999628067017,2334.800048828125,440.0
2024-04-29,82.62999725341797,2.0299999713897705,2345.39990234375,439.25
2024-04-30,81.93000030517578,1.991000056266785,2291.39990234375,439.5
2024-05-01,79.0,1.932000041007996,2299.89990234375,443.25
2024-05-02,78.94999694824219,2.0350000858306885,2299.199951171875,452.0
2024-05-03,78.11000061035156,2.1419999599456787,2299.0,447.0
2024-05-06,78.4800033569336,2.194999933242798,2321.60009765625,457.0
2024-05-07,78.37999725341797,2.2070000171661377,2315.199951171875,453.75
2024-05-08,78.98999786376953,2.187000036239624,2313.60009765625,445.5
2024-05-09,79.26000213623047,2.3010001182556152,2332.10009765625,442.75
2024-05-10,78.26000213623047,2.252000093460083,2367.300048828125,455.75
2024-05-13,79.12000274658203,2.38100004196167,2336.10009765625,458.5
2024-05-14,78.0199966430664,2.344000101089477,2353.39990234375,453.75
2024-05-15,78.62999725341797,2.4159998893737797,2388.699951171875,462.5
2024-05-16,79.2300033569336,2.494999885559082,2380.0,457.0
2024-05-17,80.05999755859375,2.625999927520752,2412.199951171875,452.5
2024-05-20,79.80000305175781,2.750999927520752,2433.89990234375,460.5
2024-05-21,79.26000213623047,2.6710000038146973,2421.699951171875,458.0
2024-05-22,77.56999969482422,2.8420000076293945,2389.199951171875,461.25
2024-05-23,76.87000274658203,2.657000064849853,2335.0,464.0
2024-05-24,77.72000122070312,2.5199999809265137,2332.5,464.75
2024-05-28,79.83000183105469,2.5899999141693115,2355.199951171875,462.5
2024-05-29,79.2300033569336,2.493000030517578,2340.300048828125,455.25
2024-05-30,77.91000366210938,2.572000026702881,2342.89990234375,448.75
2024-05-31,76.98999786376953,2.586999893188477,2322.89990234375,446.25
2024-06-03,74.22000122070312,2.75600004196167,2346.60009765625,443.5
2024-06-04,73.25,2.5859999656677246,2325.5,442.5
2024-06-05,74.06999969482422,2.756999969482422,2354.10009765625,439.25
2024-06-06,75.55000305175781,2.821000099182129,2370.300048828125,452.0
2024-06-07,75.52999877929688,2.9179999828338623,2305.199951171875,448.75
2024-06-10,77.73999786376953,2.9059998989105225,2307.699951171875,451.75
2024-06-11,77.9000015258789,3.128999948501587,2307.5,449.5
2024-06-12,78.5,3.0450000762939453,2336.0,454.25
2024-06-13,78.62000274658203,2.9590001106262207,2300.199951171875,458.5
2024-06-14,78.44999694824219,2.88100004196167,2331.39990234375,450.0
2024-06-17,80.33000183105469,2.7880001068115234,2312.39990234375,443.75
2024-06-18,81.56999969482422,2.9089999198913574,2330.39990234375,450.0
2024-06-20,82.16999816894531,2.740999937057495,2353.800048828125,439.75
2024-06-21,80.7300033569336,2.7049999237060547,2316.39990234375,435.0
2024-06-24,81.62999725341797,2.811000108718872,2330.0,433.5
2024-06-25,80.83000183105469,2.75600004196167,2316.60009765625,425.5
2024-06-26,80.9000015258789,2.628000020980835,2299.199951171875,420.0
2024-06-27,81.73999786376953,2.684999942779541,2324.5,413.75
2024-06-28,81.54000091552734,2.6010000705718994,2327.699951171875,397.25
2024-07-01,83.37999725341797,2.4779999256134038,2327.60009765625,398.25
2024-07-02,82.80999755859375,2.434999942779541,2323.0,402.0
2024-07-03,83.87999725341797,2.4179999828338623,2359.800048828125,403.5
2024-07-05,83.16000366210938,2.319000005722046,2388.5,411.25
2024-07-08,82.33000183105469,2.365999937057495,2355.199951171875,395.75
2024-07-09,81.41000366210938,2.344000101089477,2360.10009765625,400.25
2024-07-10,82.0999984741211,2.3289999961853027,2372.199951171875,403.25
2024-07-11,82.62000274658203,2.2679998874664307,2415.0,406.75
2024-07-12,82.20999908447266,2.3289999961853027,2414.0,400.0
2024-07-15,81.91000366210938,2.157999992370605,2422.89990234375,390.5
2024-07-16,80.76000213623047,2.187999963760376,2462.39990234375,395.75
2024-07-17,82.8499984741211,2.0350000858306885,2454.800048828125,398.0
2024-07-18,82.81999969482422,2.125,2451.800048828125,391.25
2024-07-19,80.12999725341797,2.128000020980835,2395.5,390.5
2024-07-22,79.77999877929688,2.250999927520752,2392.0,400.25
2024-07-23,76.95999908447266,2.187000036239624,2404.60009765625,402.5
2024-07-24,77.58999633789062,2.117000102996826,2413.300048828125,403.75
2024-07-25,78.27999877929688,2.0409998893737797,2351.89990234375,406.0
2024-07-26,77.16000366210938,2.00600004196167,2380.0,394.5
2024-07-29,75.80999755859375,1.906999945640564,2377.300048828125,396.25
2024-07-30,74.7300033569336,2.125999927520752,2405.0,388.75
2024-07-31,77.91000366210938,2.0360000133514404,2426.5,382.75
2024-08-01,76.30999755859375,1.968000054359436,2435.0,382.0
2024-08-02,73.5199966430664,1.9670000076293943,2425.699951171875,386.5
2024-08-05,72.94000244140625,1.9420000314712524,2401.699951171875,390.75
2024-08-06,73.19999694824219,2.009999990463257,2389.10009765625,388.75
2024-08-07,75.2300033569336,2.111999988555908,2390.5,383.25
2024-08-08,76.19000244140625,2.127000093460083,2422.199951171875,379.25
2024-08-09,76.83999633789062,2.1429998874664307,2432.10009765625,376.75
2024-08-12,80.05999755859375,2.188999891281128,2462.39990234375,383.25
2024-08-13,78.3499984741211,2.1480000019073486,2466.699951171875,377.75
2024-08-14,76.9800033569336,2.219000101089477,2439.39990234375,381.0
2024-08-15,78.16000366210938,2.197000026702881,2453.10009765625,375.0
2024-08-16,76.6500015258789,2.122999906539917,2498.60009765625,370.5
2024-08-19,74.37000274658203,2.234999895095825,2501.800048828125,378.0
2024-08-20,74.04000091552734,2.197999954223633,2511.300048828125,375.0
2024-08-21,71.93000030517578,2.177000045776367,2508.39990234375,375.5
2024-08-22,73.01000213623047,2.052999973297119,2478.89990234375,371.5
2024-08-23,74.83000183105469,2.0220000743865967,2508.39990234375,367.75
2024-08-26,77.41999816894531,1.955999970436096,2517.699951171875,362.0
2024-08-27,75.52999877929688,1.9040000438690183,2516.0,367.25
2024-08-28,74.5199966430664,1.9299999475479128,2501.0,365.25
2024-08-29,75.91000366210938,2.13700008392334,2525.699951171875,371.75
2024-08-30,73.55000305175781,2.127000093460083,2493.800048828125,378.0
2024-09-03,70.33999633789062,2.203000068664551,2489.89990234375,386.5
2024-09-04,69.19999694824219,2.1449999809265137,2493.39990234375,390.5
2024-09-05,69.1500015258789,2.253999948501587,2511.39990234375,390.0
2024-09-06,67.66999816894531,2.275000095367432,2493.5,383.75
2024-09-09,68.70999908447266,2.1700000762939453,2501.800048828125,384.25
2024-09-10,65.75,2.2320001125335693,2512.300048828125,379.5
2024-09-11,67.30999755859375,2.2699999809265137,2512.10009765625,380.5
2024-09-12,68.97000122070312,2.3570001125335693,2551.199951171875,386.25
2024-09-13,68.6500015258789,2.305000066757202,2581.300048828125,390.75
2024-09-16,70.08999633789062,2.372999906539917,2580.39990234375,410.75
2024-09-17,71.19000244140625,2.3239998817443848,2564.300048828125,412.5
2024-09-18,70.91000366210938,2.2839999198913574,2570.699951171875,412.75
2024-09-19,71.94999694824219,2.3480000495910645,2588.0,405.75
2024-09-20,71.91999816894531,2.434000015258789,2619.89990234375,401.75
2024-09-23,70.37000274658203,2.61299991607666,2626.5,413.5
2024-09-24,71.55999755859375,2.5510001182556152,2651.199951171875,411.75
2024-09-25,69.69000244140625,2.63700008392334,2659.199951171875,415.25
2024-09-26,67.66999816894531,2.5850000381469727,2669.89990234375,413.25
2024-09-27,68.18000030517578,2.9019999504089355,2644.300048828125,418.0
2024-09-30,68.16999816894531,2.9230000972747803,2636.10009765625,424.75
2024-10-01,69.83000183105469,2.8959999084472656,2667.300048828125,429.0
2024-10-02,70.0999984741211,2.885999917984009,2647.10009765625,432.5
2024-10-03,73.70999908447266,2.970000028610229,2657.10009765625,428.25
2024-10-04,74.37999725341797,2.8540000915527344,2645.800048828125,424.75
2024-10-07,77.13999938964844,2.746000051498413,2644.800048828125,426.0
2024-10-08,73.56999969482422,2.7330000400543213,2615.0,420.75
2024-10-09,73.23999786376953,2.6600000858306885,2606.0,421.0
2024-10-10,75.8499984741211,2.674999952316284,2620.60009765625,418.5
2024-10-11,75.55999755859375,2.631999969482422,2657.60009765625,415.75
2024-10-14,73.83000183105469,2.49399995803833,2647.800048828125,408.25
2024-10-15,70.58000183105469,2.497999906539917,2661.39990234375,401.25
2024-10-16,70.38999938964844,2.367000102996826,2674.0,404.75
2024-10-17,70.66999816894531,2.3469998836517334,2691.0,406.75
2024-10-18,69.22000122070312,2.257999897003174,2713.699951171875,404.75
2024-10-21,70.55999755859375,2.312000036239624,2723.10009765625,409.5
2024-10-22,72.08999633789062,2.311000108718872,2744.199951171875,416.5
2024-10-23,70.7699966430664,2.3420000076293945,2714.39990234375,419.0
2024-10-24,70.19000244140625,2.5220000743865967,2734.89990234375,421.5
2024-10-25,71.77999877929688,2.559999942779541,2740.89990234375,415.25
2024-10-28,67.37999725341797,2.309000015258789,2742.89990234375,410.75
2024-10-29,67.20999908447266,2.345999956130981,2768.39990234375,413.75
2024-10-30,68.61000061035156,2.845000028610229,2788.5,411.5
2024-10-31,69.26000213623047,2.7070000171661377,2738.300048828125,410.75
2024-11-01,69.48999786376953,2.6630001068115234,2738.60009765625,414.5
2024-11-04,71.47000122070312,2.7809998989105225,2736.10009765625,416.5
2024-11-05,71.98999786376953,2.6700000762939453,2740.300048828125,418.5
2024-11-06,71.69000244140625,2.746999979019165,2667.60009765625,426.25
2024-11-07,72.36000061035156,2.693000078201294,2698.39990234375,427.5
2024-11-08,70.37999725341797,2.6689999103546143,2687.5,431.0
2024-11-11,68.04000091552734,2.9200000762939453,2611.199951171875,430.0
2024-11-12,68.12000274658203,2.907000064849853,2600.0,428.5
2024-11-13,68.43000030517578,2.9830000400543213,2580.800048828125,426.5
2024-11-14,68.69999694824219,2.7850000858306885,2568.199951171875,419.0
2024-11-15,67.0199966430664,2.822999954223633,2565.699951171875,424.0
2024-11-18,69.16000366210938,2.9730000495910645,2610.60009765625,429.25
2024-11-19,69.38999938964844,2.997999906539917,2627.10009765625,427.25
2024-11-20,68.87000274658203,3.193000078201294,2648.199951171875,430.25
2024-11-21,70.0999984741211,3.33899998664856,2672.10009765625,426.75
2024-11-22,71.23999786376953,3.128999948501587,2709.89990234375,425.5
2024-11-25,68.94000244140625,3.36899995803833,2616.800048828125,424.75
2024-11-26,68.7699966430664,3.430999994277954,2620.300048828125,420.0
2024-11-27,68.72000122070312,3.2039999961853027,2639.89990234375,415.75
2024-11-29,68.0,3.36299991607666,2657.0,423.0
2024-12-02,68.0999984741211,3.213000059127808,2634.89990234375,424.5
2024-12-03,69.94000244140625,3.0420000553131104,2644.699951171875,423.25
2024-12-04,68.54000091552734,3.0429999828338623,2653.800048828125,422.0
2024-12-05,68.30000305175781,3.0789999961853027,2626.60009765625,426.5
2024-12-06,67.19999694824219,3.075999975204468,2638.60009765625,430.75
2024-12-09,68.37000274658203,3.181999921798706,2664.89990234375,434.0
2024-12-10,68.58999633789062,3.1630001068115234,2697.60009765625,440.5
2024-12-11,70.29000091552734,3.378000020980835,2733.800048828125,438.0
2024-12-12,70.0199966430664,3.4549999237060547,2687.5,431.75
2024-12-13,71.29000091552734,3.2799999713897705,2656.0,430.0
2024-12-16,70.70999908447266,3.21399998664856,2651.39990234375,445.0
2024-12-17,70.08000183105469,3.308000087738037,2644.39990234375,443.5
2024-12-18,70.58000183105469,3.374000072479248,2636.5,437.25
2024-12-19,69.91000366210938,3.5840001106262207,2592.199951171875,440.75
2024-12-20,69.45999908447266,3.747999906539917,2628.699951171875,446.25
2024-12-23,69.23999786376953,3.6559998989105225,2612.300048828125,447.75
2024-12-24,70.0999984741211,3.946000099182129,2620.0,448.5
2024-12-26,69.62000274658203,3.714999914169312,2638.800048828125,453.75
2024-12-27,70.5999984741211,3.513999938964844,2617.199951171875,454.0
2024-12-30,70.98999786376953,3.936000108718872,2606.10009765625,452.25
2024-12-31,71.72000122070312,3.632999897003174,2629.199951171875,458.5
2025-01-02,73.12999725341797,3.660000085830689,2658.89990234375,459.5
2025-01-03,73.95999908447266,3.3540000915527344,2645.0,450.75
2025-01-06,73.55999755859375,3.671999931335449,2638.39990234375,457.75
2025-01-07,74.25,3.4489998817443848,2656.699951171875,458.0
2025-01-08,73.31999969482422,3.651000022888184,2664.5,454.0
2025-01-09,73.91999816894531,3.700999975204468,2683.800048828125,456.0
2025-01-10,76.56999969482422,3.989000082015991,2708.5,470.5
2025-01-13,78.81999969482422,3.934000015258789,2673.5,476.5
2025-01-14,77.5,3.9679999351501465,2677.5,474.5
2025-01-15,80.04000091552734,4.083000183105469,2712.5,478.75
2025-01-16,78.68000030517578,4.257999897003174,2746.39990234375,474.5
2025-01-17,77.87999725341797,3.947999954223633,2744.300048828125,484.25
2025-01-21,75.88999938964844,3.75600004196167,2755.0,490.0
2025-01-22,75.44000244140625,3.9600000381469727,2767.60009765625,484.25
2025-01-23,74.62000274658203,3.944999933242798,2763.10009765625,489.75
2025-01-24,74.66000366210938,4.026999950408936,2777.300048828125,486.5
2025-01-27,73.16999816894531,3.697000026702881,2737.5,482.0
2025-01-28,73.7699966430664,3.470999956130981,2766.800048828125,485.25
2025-01-29,72.62000274658203,3.5350000858306885,2769.10009765625,497.0
2025-01-30,72.7300033569336,3.046999931335449,2823.0,490.25
2025-01-31,72.52999877929688,3.0439999103546143,2812.5,482.0
2025-02-03,73.16000366210938,3.351999998092652,2833.89990234375,488.75
2025-02-04,72.69999694824219,3.253000020980835,2853.300048828125,494.5
2025-02-05,71.02999877929688,3.359999895095825,2871.60009765625,493.25
2025-02-06,70.61000061035156,3.407999992370605,2856.0,495.25
2025-02-07,71.0,3.309000015258789,2867.300048828125,487.5
2025-02-10,72.31999969482422,3.444000005722046,2914.300048828125,491.5
2025-02-11,73.31999969482422,3.5190000534057617,2912.5,484.0
2025-02-12,71.37000274658203,3.565000057220459,2909.0,490.25
2025-02-13,71.29000091552734,3.628000020980835,2925.89990234375,493.5
2025-02-14,70.73999786376953,3.724999904632568,2883.60009765625,496.25
2025-02-18,71.8499984741211,4.006999969482422,2931.60009765625,502.0
2025-02-19,72.25,4.28000020980835,2919.39990234375,497.5
2025-02-20,72.56999969482422,4.151999950408936,2940.0,498.0
2025-02-21,70.4000015258789,4.234000205993652,2937.60009765625,491.25
2025-02-24,70.69999694824219,3.99399995803833,2947.89990234375,482.5
2025-02-25,68.93000030517578,4.173999786376953,2904.5,479.75
2025-02-26,68.62000274658203,3.9059998989105225,2916.800048828125,478.25
2025-02-27,70.3499984741211,3.934000015258789,2883.199951171875,464.75
2025-02-28,69.76000213623047,3.8340001106262207,2836.800048828125,453.5
2025-03-03,68.37000274658203,4.122000217437744,2890.199951171875,440.25
2025-03-04,68.26000213623047,4.349999904632568,2909.60009765625,436.0
2025-03-05,66.30999755859375,4.449999809265137,2915.300048828125,440.25
2025-03-06,66.36000061035156,4.302000045776367,2916.60009765625,449.5
2025-03-07,67.04000091552734,4.39900016784668,2904.699951171875,455.25
2025-03-10,66.02999877929688,4.491000175476074,2891.0,458.75
2025-03-11,66.25,4.453000068664551,2912.89990234375,456.5
2025-03-12,67.68000030517578,4.084000110626221,2939.10009765625,448.75
2025-03-13,66.55000305175781,4.111000061035156,2984.300048828125,453.5
2025-03-14,67.18000030517578,4.104000091552734,2994.5,445.5
2025-03-17,67.58000183105469,4.01800012588501,3000.0,461.0
2025-03-18,66.9000015258789,4.052000045776367,3035.10009765625,458.75
2025-03-19,67.16000366210938,4.247000217437744,3035.89990234375,462.0
2025-03-20,68.26000213623047,3.974999904632568,3040.0,469.0
2025-03-21,68.27999877929688,3.9800000190734863,3018.199951171875,464.25
2025-03-24,69.11000061035156,3.9140000343322754,3013.10009765625,464.5
2025-03-25,69.0,3.839999914169312,3023.699951171875,457.75
2025-03-26,69.6500015258789,3.861000061035156,3020.89990234375,451.25
2025-03-27,69.91999816894531,3.950000047683716,3060.199951171875,450.0
2025-03-28,69.36000061035156,4.065000057220459,3086.5,453.25
2025-03-31,71.4800033569336,4.11899995803833,3122.800048828125,457.25
2025-04-01,71.19999694824219,3.950999975204468,3118.89990234375,461.75
2025-04-02,71.70999908447266,4.054999828338623,3139.89990234375,457.75
2025-04-03,66.94999694824219,4.138000011444092,3097.0,457.5
2025-04-04,61.9900016784668,3.836999893188477,3012.0,460.25
2025-04-07,60.70000076293945,3.6549999713897705,2951.300048828125,464.5
2025-04-08,59.58000183105469,3.4649999141693115,2968.39990234375,469.0
2025-04-09,62.34999847412109,3.815999984741211,3056.5,474.0
2025-04-10,60.06999969482422,3.556999921798706,3155.199951171875,483.0
2025-04-11,61.5,3.5269999504089355,3222.199951171875,490.25
2025-04-14,61.52999877929688,3.325000047683716,3204.800048828125,485.0
2025-04-15,61.33000183105469,3.3289999961853027,3218.699951171875,481.25
2025-04-16,62.470001220703125,3.246999979019165,3326.60009765625,484.25
2025-04-17,64.68000030517578,3.244999885559082,3308.699951171875,482.25
2025-04-21,63.08000183105469,3.0160000324249268,3406.199951171875,481.75
2025-04-22,64.30999755859375,3.006999969482422,3400.800048828125,475.75
2025-04-23,62.27000045776367,3.0220000743865967,3276.300048828125,472.0
2025-04-24,62.790000915527344,2.930000066757202,3332.0,477.25
2025-04-25,63.02000045776367,2.937000036239624,3282.39990234375,478.75
2025-04-28,62.04999923706055,3.1700000762939453,3332.5,475.5
2025-04-29,60.41999816894531,3.385999917984009,3318.800048828125,460.5
2025-04-30,58.209999084472656,3.325999975204468,3305.0,467.25
2025-05-01,59.2400016784668,3.4790000915527344,3210.0,464.25
2025-05-02,58.290000915527344,3.630000114440918,3231.89990234375,461.25
2025-05-05,57.130001068115234,3.549999952316284,3311.300048828125,446.5
2025-05-06,59.09000015258789,3.463000059127808,3411.39990234375,447.5
2025-05-07,58.06999969482422,3.621000051498413,3381.39990234375,441.0
2025-05-08,59.90999984741211,3.5920000076293945,3296.60009765625,439.0
2025-05-09,61.02000045776367,3.795000076293945,3335.39990234375,441.5
2025-05-12,61.95000076293945,3.6459999084472656,3220.0,440.25
2025-05-13,63.66999816894531,3.6470000743865967,3240.300048828125,436.0
2025-05-14,63.150001525878906,3.492000102996826,3181.39990234375,438.5
2025-05-15,61.619998931884766,3.361999988555908,3220.699951171875,448.5
2025-05-16,62.4900016784668,3.3340001106262207,3182.0,443.5
2025-05-19,62.68999862670898,3.11299991607666,3228.89990234375,447.5
2025-05-20,62.560001373291016,3.427000045776367,3280.300048828125,454.5
2025-05-21,61.56999969482422,3.368000030517578,3309.300048828125,461.0
2025-05-22,61.20000076293945,3.253000020980835,3292.300048828125,463.0
2025-05-23,61.52999877929688,3.3340001106262207,3363.60009765625,459.5
2025-05-27,60.88999938964844,3.3980000019073486,3299.10009765625,459.5
2025-05-28,61.84000015258789,3.2039999961853027,3293.60009765625,451.0
2025-05-29,60.93999862670898,3.5220000743865967,3317.10009765625,447.0
2025-05-30,60.790000915527344,3.447000026702881,3288.89990234375,444.0
2025-06-02,62.52000045776367,3.694000005722046,3370.60009765625,438.25
2025-06-03,63.40999984741211,3.721999883651733,3350.199951171875,438.5
2025-06-04,62.84999847412109,3.7160000801086426,3373.5,438.75
2025-06-05,63.369998931884766,3.677000045776367,3350.699951171875,439.5
2025-06-06,64.58000183105469,3.783999919891357,3322.699951171875,442.5
2025-06-09,65.29000091552734,3.634999990463257,3332.10009765625,433.5
2025-06-10,64.9800033569336,3.532999992370605,3320.89990234375,438.75
2025-06-11,68.1500015258789,3.506999969482422,3321.300048828125,437.0
2025-06-12,68.04000091552734,3.492000102996826,3380.89990234375,438.5
2025-06-13,72.9800033569336,3.5810000896453857,3431.199951171875,444.5
2025-06-16,71.7699966430664,3.747999906539917,3396.39990234375,434.75
2025-06-17,74.83999633789062,3.8510000705718994,3386.60009765625,431.5
2025-06-18,75.13999938964844,3.989000082015991,3389.800048828125,433.5
2025-06-20,74.93000030517578,3.846999883651733,3368.10009765625,428.75
2025-06-23,68.51000213623047,3.697999954223633,3377.699951171875,419.25
2025-06-24,64.37000274658203,3.5369999408721924,3317.39990234375,416.25
2025-06-25,64.91999816894531,3.4059998989105225,3327.10009765625,410.25
2025-06-26,65.23999786376953,3.260999917984009,3333.5,409.5
2025-06-27,65.5199966430664,3.739000082015991,3273.699951171875,417.5
2025-06-30,65.11000061035156,3.4560000896453857,3294.39990234375,420.5
2025-07-01,65.44999694824219,3.414999961853028,3336.699951171875,420.0
2025-07-02,67.44999694824219,3.48799991607666,3348.0,429.25
2025-07-03,67.0,3.4089999198913574,3331.60009765625,431.5
2025-07-04,66.5,3.38700008392334,3332.5,
2025-07-07,67.93000030517578,3.4119999408721924,3332.199951171875,418.0
2025-07-08,68.33000183105469,3.3399999141693115,3307.0,411.0
2025-07-09,68.37999725341797,3.21399998664856,3311.60009765625,412.5
2025-07-10,66.56999969482422,3.336999893188477,3317.39990234375,407.25
2025-07-11,68.44999694824219,3.313999891281128,3356.0,403.0
2025-07-14,66.9800033569336,3.4660000801086426,3351.5,412.75
2025-07-15,66.5199966430664,3.5230000019073486,3329.800048828125,401.25
2025-07-16,66.37999725341797,3.5510001182556152,3352.5,405.25
2025-07-17,67.54000091552734,3.5420000553131104,3340.10009765625,402.0
2025-07-18,67.33999633789062,3.565000057220459,3353.0,408.5
2025-07-21,67.19999694824219,3.325000047683716,3401.89990234375,403.75
2025-07-22,66.20999908447266,3.252000093460083,3439.199951171875,399.25
2025-07-23,65.25,3.07699990272522,3394.10009765625,398.5
2025-07-24,66.02999877929688,3.094000101089477,3371.0,401.75
2025-07-25,65.16000366210938,3.109999895095825,3334.0,399.5
2025-07-28,66.70999908447266,2.98799991607666,3309.10009765625,393.75
2025-07-29,69.20999908447266,3.0810000896453857,3323.39990234375,389.25
2025-07-30,70.0,3.0450000762939453,3295.800048828125,391.75
2025-07-31,69.26000213623047,3.1059999465942383,3293.199951171875,394.0
2025-08-01,67.33000183105469,3.0829999446868896,3347.699951171875,389.5
2025-08-04,66.29000091552734,2.931999921798706,3374.39990234375,387.0
2025-08-05,65.16000366210938,3.009999990463257,3381.89990234375,381.5
2025-08-06,64.3499984741211,3.07699990272522,3380.0,379.75
2025-08-07,63.880001068115234,3.066999912261963,3400.300048828125,384.5
2025-08-08,63.880001068115234,2.990000009536743,3439.10009765625,382.75
2025-08-11,63.959999084472656,2.9539999961853027,3353.10009765625,385.0
2025-08-12,63.16999816894531,2.808000087738037,3348.89990234375,371.5
2025-08-13,62.650001525878906,2.828000068664551,3358.699951171875,374.0
2025-08-14,63.959999084472656,2.8410000801086426,3335.199951171875,375.0
2025-08-15,62.79999923706055,2.9159998893737797,3336.0,383.75
2025-08-18,63.41999816894531,2.890000104904175,3331.699951171875,383.0
2025-08-19,62.34999847412109,2.7660000324249268,3313.39990234375,379.5
2025-08-20,63.209999084472656,2.752000093460083,3343.39990234375,380.0
2025-08-21,63.52000045776367,2.825999975204468,3336.89990234375,387.25
2025-08-22,63.65999984741211,2.697999954223633,3374.39990234375,388.25
2025-08-25,64.80000305175781,2.696000099182129,3373.800048828125,389.25
2025-08-26,63.25,2.7170000076293945,3388.60009765625,387.5
2025-08-27,64.1500015258789,2.867000102996826,3404.60009765625,382.5
2025-08-28,64.5999984741211,2.944000005722046,3431.800048828125,385.5
2025-08-29,64.01000213623047,2.996999979019165,3473.699951171875,398.0
2025-09-02,65.58999633789062,3.009000062942505,3549.39990234375,403.0
2025-09-03,63.970001220703125,3.063999891281128,3593.199951171875,397.75
2025-09-04,63.47999954223633,3.0739998817443848,3565.800048828125,399.75
2025-09-05,61.869998931884766,3.0480000972747803,3613.199951171875,399.0
2025-09-08,62.2599983215332,3.0899999141693115,3638.10009765625,403.0
2025-09-09,62.630001068115234,3.117000102996826,3643.300048828125,401.25
2025-09-10,63.66999816894531,3.0290000438690186,3643.60009765625,397.25
2025-09-11,62.369998931884766,2.934000015258789,3636.89990234375,399.0
2025-09-12,62.68999862670898,2.940999984741211,3649.39990234375,399.0
2025-09-15,63.29999923706055,3.0429999828338623,3682.199951171875,423.25
2025-09-16,64.5199966430664,3.1029999256134038,3688.89990234375,429.5
2025-09-17,64.05000305175781,3.0999999046325684,3681.800048828125,426.75
2025-09-18,63.56999969482422,2.938999891281128,3643.699951171875,423.75
2025-09-19,62.68000030517578,2.888000011444092,3671.5,424.0
2025-09-22,62.63999938964844,2.805999994277954,3740.699951171875,421.75
2025-09-23,63.40999984741211,2.8529999256134038,3780.60009765625,426.25
2025-09-24,64.98999786376953,2.8580000400543213,3732.10009765625,424.25
2025-09-25,64.9800033569336,2.9040000438690186,3736.89990234375,425.75
2025-09-26,65.72000122070312,2.8350000381469727,3775.300048828125,422.0
2025-09-29,63.45000076293945,3.2669999599456787,3820.89990234375,421.5
2025-09-30,62.369998931884766,3.302999973297119,3840.800048828125,415.5
2025-10-01,61.77999877929688,3.4760000705718994,3867.5,416.5
2025-10-02,60.47999954223633,3.441999912261963,3839.699951171875,421.75
2025-10-03,60.880001068115234,3.3239998817443848,3880.800048828125,419.0
2025-10-06,61.68999862670898,3.3570001125335693,3948.5,421.75
2025-10-07,61.72999954223633,3.497999906539917,3976.60009765625,419.75
2025-10-08,62.54999923706055,3.3329999446868896,4043.300048828125,422.0
2025-10-09,61.5099983215332,3.2690000534057617,3946.300048828125,418.25
2025-10-10,58.900001525878906,3.1059999465942383,3975.89990234375,413.0
2025-10-13,59.4900016784668,3.118000030517578,4108.60009765625,410.75
2025-10-14,58.70000076293945,3.0280001163482666,4138.7001953125,413.0
2025-10-15,58.27000045776367,3.0160000324249268,4176.89990234375,416.75
2025-10-16,57.459999084472656,2.937999963760376,4280.2001953125,421.75
2025-10-17,57.540000915527344,3.007999897003174,4189.89990234375,422.5
2025-10-20,57.52000045776367,3.3970000743865967,4336.39990234375,423.25
2025-10-21,57.81999969482422,3.4739999771118164,4087.699951171875,419.75
2025-10-22,58.5,3.450000047683716,4044.39990234375,423.0
2025-10-23,61.790000915527344,3.344000101089477,4125.5,428.0
2025-10-24,61.5,3.303999900817871,4118.39990234375,423.25
2025-10-27,61.310001373291016,3.441999912261963,4001.89990234375,428.75
2025-10-28,60.150001525878906,3.345000028610229,3966.199951171875,432.0
2025-10-29,60.47999954223633,3.375999927520752,3983.699951171875,434.0
2025-10-30,60.56999969482422,3.9560000896453857,4001.300048828125,430.25
2025-10-31,60.97999954223633,4.124000072479248,3982.199951171875,431.5
2025-11-03,61.04999923706055,4.265999794006348,4000.300048828125,434.25
2025-11-04,60.560001373291016,4.3429999351501465,3947.699951171875,431.5
2025-11-05,59.59999847412109,4.23199987411499,3980.300048828125,435.25
2025-11-06,59.43000030517578,4.35699987411499,3979.89990234375,428.75
2025-11-07,59.75,4.315000057220459,3999.39990234375,427.25
2025-11-10,60.130001068115234,4.3379998207092285,4111.7998046875,429.75
2025-11-11,61.040000915527344,4.565000057220459,4106.7998046875,432.0
2025-11-12,58.4900016784668,4.5329999923706055,4204.39990234375,435.25
2025-11-13,58.68999862670898,4.645999908447266,4186.89990234375,441.5
2025-11-14,60.09000015258789,4.565999984741211,4087.60009765625,430.25
2025-11-17,59.90999984741211,4.361000061035156,4068.300048828125,434.75
2025-11-18,60.7400016784668,4.370999813079834,4061.300048828125,436.75
2025-11-19,59.43999862670898,4.550000190734863,4077.699951171875,429.75
2025-11-20,59.13999938964844,4.473999977111816,4056.5,426.5
2025-11-21,58.060001373291016,4.579999923706055,4076.699951171875,425.5
2025-11-24,58.84000015258789,4.548999786376953,4091.89990234375,423.75
2025-11-25,57.95000076293945,4.423999786376953,4139.2001953125,423.5
2025-11-26,58.650001525878906,4.558000087738037,4165.2001953125,431.75
2025-11-28,58.54999923706055,4.849999904632568,4218.2998046875,435.5
2025-12-01,59.31999969482422,4.921000003814697,4239.2998046875,432.75
2025-12-02,58.63999938964844,4.840000152587891,4186.60009765625,438.0
2025-12-03,58.95000076293945,4.994999885559082,4199.2998046875,431.5
2025-12-04,59.66999816894531,5.063000202178955,4211.7998046875,437.75
2025-12-05,60.08000183105469,5.289000034332275,4212.89990234375,436.75
2025-12-08,58.880001068115234,4.912000179290772,4187.2001953125,436.25
2025-12-09,58.25,4.573999881744385,4206.7001953125,440.75
2025-12-10,58.459999084472656,4.59499979019165,4196.39990234375,434.75
2025-12-11,57.59999847412109,4.230999946594238,4285.5,435.25
2025-12-12,57.43999862670898,4.11299991607666,4300.10009765625,431.5
2025-12-15,56.81999969482422,4.01200008392334,4306.7001953125,439.75
2025-12-16,55.27000045776367,3.885999917984009,4304.5,436.5
2025-12-17,55.93999862670898,4.02400016784668,4347.5,440.5
2025-12-18,56.150001525878906,3.9079999923706055,4339.5,444.5
2025-12-19,56.65999984741211,3.983999967575073,4361.39990234375,443.75
2025-12-22,58.0099983215332,3.964999914169312,4444.60009765625,447.0
2025-12-23,58.380001068115234,4.4079999923706055,4482.7998046875,447.5
2025-12-24,58.34999847412109,4.242000102996826,4480.60009765625,451.0
2025-12-26,56.7400016784668,4.366000175476074,4529.10009765625,450.0
2025-12-29,58.08000183105469,4.686999797821045,4325.10009765625,442.25
2025-12-30,57.95000076293945,3.971999883651733,4370.10009765625,440.5
2025-12-31,57.41999816894531,3.686000108718872,4325.60009765625,440.25
2026-01-02,57.31999969482422,3.618000030517578,4314.39990234375,437.5
2026-01-05,58.31999969482422,3.5230000019073486,4436.89990234375,444.5
2026-01-06,57.130001068115234,3.3499999046325684,4482.2001953125,444.0
2026-01-07,55.9900016784668,3.525000095367432,4449.2998046875,446.75
2026-01-08,57.7599983215332,3.407000064849853,4449.7001953125,446.0
2026-01-09,59.119998931884766,3.1689999103546143,4490.2998046875,445.75
2026-01-12,59.5,3.4089999198913574,4604.2998046875,421.5
2026-01-13,61.150001525878906,3.4189999103546143,4589.2001953125,419.75
2026-01-14,62.02000045776367,3.119999885559082,4626.2998046875,422.0
2026-01-15,59.18999862670898,3.128000020980835,4616.2998046875,420.25
2026-01-16,59.43999862670898,3.1029999256134038,4588.39990234375,424.75
2026-01-20,60.34000015258789,3.9070000648498535,4759.60009765625,423.75
2026-01-21,60.619998931884766,4.875,4831.7998046875,421.75
2026-01-22,59.36000061035156,5.045000076293945,4908.7998046875,424.0
2026-01-23,61.06999969482422,5.275000095367432,4976.2001953125,430.5
2026-01-26,60.630001068115234,6.800000190734863,5079.7001953125,428.25
2026-01-27,62.38999938964844,6.953999996185303,5079.89990234375,426.5
2026-01-28,63.209999084472656,7.460000038146973,5301.60009765625,430.0
2026-01-29,65.41999816894531,3.9179999828338623,5318.39990234375,430.75
2026-01-30,65.20999908447266,4.354000091552734,4713.89990234375,428.25
2026-02-02,62.13999938964844,3.236999988555908,4622.5,425.75
2026-02-03,63.209999084472656,3.311000108718872,4903.7001953125,428.5
2026-02-04,65.13999938964844,3.4649999141693115,4920.39990234375,429.5
2026-02-05,63.290000915527344,3.509000062942505,4861.39990234375,435.0
2026-02-06,63.54999923706055,3.421999931335449,4951.2001953125,430.25
2026-02-09,64.36000061035156,3.138000011444092,5050.89990234375,428.75
2026-02-10,63.959999084472656,3.115000009536743,5003.7998046875,428.75
2026-02-11,64.62999725341797,3.1589999198913574,5071.60009765625,427.5
2026-02-12,62.84000015258789,3.2170000076293945,4923.7001953125,431.25
2026-02-13,62.88999938964844,3.243000030517578,5022.0,431.75
2026-02-17,62.33000183105469,3.0309998989105225,4882.89990234375,426.25
2026-02-18,65.19000244140625,3.010999917984009,4986.5,427.0
2026-02-19,66.43000030517578,2.996000051498413,4975.89990234375,425.75
2026-02-20,66.38999938964844,3.046999931335449,5059.2998046875,427.5
2026-02-23,66.30999755859375,2.984999895095825,5204.7001953125,427.5
2026-02-24,65.62999725341797,2.914999961853028,5155.7998046875,427.75
2026-02-25,65.41999816894531,2.969000101089477,5206.39990234375,430.5
2026-02-26,65.20999908447266,2.82699990272522,5176.5,433.25
2026-02-27,67.0199966430664,2.858999967575073,5230.5,438.75
2026-03-02,71.2300033569336,2.9600000381469727,5294.39990234375,433.25
2026-03-03,74.55999755859375,3.053999900817871,5107.39990234375,434.25
2026-03-04,74.66000366210938,2.9170000553131104,5120.2001953125,431.75
2026-03-05,81.01000213623047,3.003000020980835,5065.2998046875,441.5
2026-03-06,90.9000015258789,3.186000108718872,5146.10009765625,447.0
2026-03-09,94.7699966430664,3.119999885559082,5091.5,437.5
2026-03-10,83.44999694824219,3.0199999809265137,5229.7001953125,436.25
2026-03-11,87.25,3.2090001106262207,5167.39990234375,444.25
2026-03-12,95.7300033569336,3.2330000400543213,5115.7998046875,448.25
2026-03-13,98.70999908447266,3.13100004196167,5052.5,452.5
2026-03-16,93.5,3.0230000019073486,4994.0,454.0
2026-03-17,96.20999908447266,3.032999992370605,5001.0,454.0
2026-03-18,96.31999969482422,3.065000057220459,4889.89990234375,463.25
2026-03-19,96.13999938964844,3.1659998893737797,4600.7001953125,469.75
2026-03-20,98.31999969482422,3.095000028610229,4570.39990234375,465.5
2026-03-23,88.12999725341797,2.8910000324249268,4404.10009765625,459.5
2026-03-24,92.3499984741211,2.943000078201294,4399.2998046875,462.5
2026-03-25,90.31999969482422,2.95199990272522,4549.7998046875,467.25
2026-03-26,94.4800033569336,2.999000072479248,4375.5,467.0
2026-03-27,99.63999938964844,3.095000028610229,4492.0,462.0
2026-03-30,102.87999725341795,2.88700008392334,4526.0,455.75
2026-03-31,101.37999725341795,2.884000062942505,4647.60009765625,457.75
2026-04-01,100.12000274658205,2.819000005722046,4783.2001953125,454.25
2026-04-02,111.54000091552734,2.799999952316284,4651.5,452.25
2026-04-06,112.41000366210938,2.811000108718872,4656.7998046875,454.0
2026-04-07,112.9499969482422,2.869999885559082,4657.10009765625,449.0
2026-04-08,94.41000366210938,2.7239999771118164,4749.5,447.25
2026-04-09,97.87000274658205,2.6700000762939453,4792.2001953125,444.0
2026-04-10,96.56999969482422,2.6480000019073486,4761.89990234375,441.0
2026-04-13,99.08000183105467,2.627000093460083,4742.39990234375,440.25
2026-04-14,91.27999877929688,2.5989999771118164,4825.0,443.0
2026-04-15,91.29000091552734,2.609999895095825,4800.0,451.25
2026-04-16,94.69000244140624,2.6470000743865967,4785.39990234375,448.5
2026-04-17,83.8499984741211,2.674000024795532,4857.60009765625,448.75
2026-04-20,89.61000061035156,2.688999891281128,4806.60009765625,452.0
2026-04-21,92.12999725341795,2.697000026702881,4698.39990234375,453.75
2026-04-22,92.95999908447266,2.7219998836517334,4732.5,454.25
2026-04-23,95.8499984741211,2.614000082015991,4705.10009765625,455.5
2026-04-24,94.4000015258789,2.5230000019073486,4722.2998046875,455.0
2026-04-27,96.37000274658205,2.549999952316284,4675.39990234375,460.75
2026-04-28,99.93000030517578,2.559000015258789,4591.5,465.25
2026-04-29,106.87999725341795,2.6470000743865967,4545.2001953125,466.5
2026-04-30,105.06999969482422,2.7669999599456787,4614.7001953125,464.75
2026-05-01,101.94000244140624,2.7799999713897705,4629.89990234375,468.25
2026-05-04,106.41999816894533,2.867000102996826,4519.5,473.75
2026-05-05,102.2699966430664,2.7880001068115234,4555.7998046875,465.5
2026-05-06,95.08000183105467,2.7300000190734863,4681.89990234375,452.75
2026-05-07,94.80999755859376,2.7690000534057617,4699.7998046875,452.75
2026-05-08,95.41999816894533,2.756999969482422,4720.39990234375,456.25
2026-05-11,98.06999969482422,2.9100000858306885,4718.7001953125,460.75
2026-05-12,102.18000030517578,2.8429999351501465,4677.60009765625,467.25
2026-05-13,101.0199966430664,2.864000082015991,4697.7001953125,466.5
2026-05-14,101.16999816894533,2.8940000534057617,4678.10009765625,451.5
2026-05-15,105.41999816894533,2.9600000381469727,4555.7998046875,455.75
2026-05-18,108.66000366210938,3.0239999294281006,4552.5,477.0
2026-05-19,107.7699966430664,3.114000082015991,4506.2998046875,475.25
2026-05-20,98.26000213623048,3.003999948501587,4531.2998046875,465.75
2026-05-21,96.3499984741211,3.0179998874664307,4539.7998046875,462.25
2026-05-22,96.5999984741211,2.907000064849853,4521.0,463.25
2026-05-26,93.88999938964844,2.8940000534057617,4500.39990234375,457.5
2026-05-27,88.68000030517578,3.039999961853028,4447.5,452.5
2026-05-28,88.9000015258789,3.2850000858306885,4499.2998046875,455.75
2026-05-29,87.36000061035156,3.289999961853028,4560.5,446.75
2026-06-01,92.16000366210938,3.178999900817871,4475.2001953125,444.0
2026-06-02,93.76000213623048,3.1670000553131104,4489.10009765625,440.5
2026-06-03,96.0199966430664,3.21399998664856,4436.7001953125,431.5
2026-06-04,93.04000091552734,3.3359999656677246,4475.7998046875,424.5
2026-06-05,90.54000091552734,3.2290000915527344,4337.10009765625,417.5
2026-06-08,91.3000030517578,3.1470000743865967,4335.89990234375,418.75
2026-06-09,88.19999694824219,3.140000104904175,4260.0,419.5
2026-06-10,90.02999877929688,3.184999942779541,4108.2001953125,419.0
2026-06-11,87.70999908447266,3.086999893188477,4090.300048828125,411.75
2026-06-12,84.87999725341797,3.119999885559082,4215.0,412.75
2026-06-15,80.75,3.1470000743865967,4328.0,415.5
2026-06-16,76.05000305175781,3.239000082015991,4330.89990234375,413.75
2026-06-17,76.79000091552734,3.1449999809265137,4358.89990234375,421.0
2026-06-18,76.5999984741211,3.2330000400543213,4224.10009765625,417.5
2026-06-22,74.81999969482422,3.253000020980835,4181.89990234375,411.5
2026-06-23,73.20999908447266,3.1470000743865967,4129.89990234375,409.75
2026-06-24,70.33999633789062,3.220999956130981,3990.300048828125,407.0
2026-06-25,71.91999816894531,3.3429999351501465,4030.5,414.75
2026-06-26,69.2300033569336,3.2309999465942383,4078.699951171875,412.75
2026-06-29,70.75,3.180999994277954,4022.300048828125,402.0
2026-06-30,69.5,3.275000095367432,4022.89990234375,412.75
2026-07-01,68.58000183105469,3.220000028610229,4068.300048828125,421.0
2026-07-02,68.69000244140625,3.196000099182129,4112.7001953125,425.0
2026-07-06,68.55000305175781,3.244999885559082,4155.10009765625,440.75
2026-07-07,70.44000244140625,3.265000104904175,4145.2998046875,442.5
2026-07-08,73.5199966430664,3.211999893188477,4070.89990234375,434.75
2026-07-09,72.08000183105469,3.01200008392334,4130.60009765625,427.75
2026-07-10,71.41000366210938,2.940000057220459,4104.10009765625,438.0
